{"cameraMode":{"drawMode":2,"name":"Shaded Wireframe","section":"Shading Mode"},"sceneLighting":true,"audioPlay":false,"sceneViewState":{"m_AlwaysRefresh":false,"showFog":true,"showSkybox":true,"showFlares":true,"showImageEffects":true,"showParticleSystems":true,"showVisualEffectGraphs":true,"m_FxEnabled":true},"in2DMode":false,"pivot":{"x":-0.42166587710380556,"y":-0.13476546108722688,"z":-0.04903339594602585},"rotation":{"x":0.544915497303009,"y":-0.01592925749719143,"z":0.01035513635724783,"w":0.8382898569107056},"size":0.30891409516334536,"orthographic":false}