Timestamp,Position_X,Position_Y,Position_Z,Rotation_X,Rotation_Y,Rotation_Z,IsTargetTrace,StrokeID,TargetID,TrailTypeID
0,-0.04967409,0.02028403,-0.2092278,78.23649,346.7054,246.7307,True,1,0,5
0.00378418,-0.04967478,0.02028757,-0.2092545,78.22677,346.7874,246.8262,True,1,0,5
0.00668335,-0.04977088,0.02031891,-0.2092403,78.20318,346.7397,246.8668,True,1,0,5
0.009349823,-0.04977483,0.02032445,-0.2092605,78.19483,346.8033,246.9436,True,1,0,5
0.01161575,-0.0497785,0.02032962,-0.2092794,78.187,346.8626,247.0151,True,1,0,5
0.019104,-0.04991121,0.02036433,-0.2092755,78.15433,346.8215,247.0881,True,1,0,5
0.02180099,-0.04991689,0.02037247,-0.2092911,78.14451,346.8869,247.1707,True,1,0,5
0.02502441,-0.0500031,0.02037923,-0.2092516,78.13499,346.7455,247.0772,True,1,0,5
0.0275383,-0.05000525,0.02038571,-0.2092558,78.12708,346.7933,247.1397,True,1,0,5
0.02994537,-0.05000733,0.02039206,-0.2092598,78.11929,346.8399,247.2007,True,1,0,5
0.03274155,-0.05003104,0.02039242,-0.2091277,78.08234,346.8303,247.1933,True,1,0,5
0.03609848,-0.05002952,0.02039745,-0.2091215,78.07166,346.8864,247.2669,True,1,0,5
0.03855515,-0.05002825,0.02040167,-0.2091163,78.06274,346.933,247.3282,True,1,0,5
0.04162598,-0.05003008,0.0204086,-0.2090346,78.04832,346.9099,247.2975,True,1,0,5
0.04455185,-0.05002326,0.02041361,-0.2090184,78.03756,346.9631,247.3674,True,1,0,5
0.04777145,-0.05001661,0.02041852,-0.2090026,78.02707,347.015,247.4356,True,1,0,5
0.05076218,-0.05003225,0.02041735,-0.2089881,78.03652,346.9329,247.3444,True,1,0,5
0.0536232,-0.05002186,0.02042232,-0.2089666,78.0274,346.9778,247.4035,True,1,0,5
0.05695343,-0.05004072,0.02041467,-0.2089678,78.03794,346.8972,247.3199,True,1,0,5
0.06009293,-0.05002697,0.02041911,-0.2089418,78.02987,346.9371,247.3724,True,1,0,5
0.0634079,-0.05000997,0.02042465,-0.2089097,78.0199,346.9864,247.4372,True,1,0,5
0.06662369,-0.0500507,0.02041721,-0.2090291,78.06491,346.7823,247.2465,True,1,0,5
0.06976318,-0.0500305,0.02042408,-0.2089995,78.05791,346.8177,247.2949,True,1,0,5
0.07294083,-0.05007213,0.02040344,-0.2091033,78.08814,346.6423,247.1312,True,1,0,5
0.07530212,-0.05005324,0.02040797,-0.2090818,78.08354,346.6651,247.1641,True,1,0,5
0.07756042,-0.05003223,0.02041301,-0.2090578,78.07841,346.6904,247.2007,True,1,0,5
0.08030319,-0.05001189,0.0204179,-0.2090346,78.07348,346.7148,247.2361,True,1,0,5
0.08428574,-0.04994202,0.02038318,-0.2090681,78.08306,346.6844,247.2397,True,1,0,5
0.0875206,-0.04990859,0.02038482,-0.2090419,78.07749,346.7126,247.2821,True,1,0,5
0.0901413,-0.05014477,0.0204192,-0.2090575,78.04041,346.2652,246.8568,True,1,0,5
0.09271622,-0.0501202,0.02042216,-0.2090443,78.0354,346.2747,246.8772,True,1,0,5
0.09529114,-0.05009343,0.02042539,-0.2090299,78.02998,346.285,246.8994,True,1,0,5
0.09780502,-0.05028797,0.02043109,-0.2091807,78.01122,345.817,246.5135,True,1,0,5
0.1005745,-0.0502497,0.02043433,-0.2091838,78.00417,345.8141,246.5275,True,1,0,5
0.1035385,-0.05021647,0.02043712,-0.2091864,77.99811,345.8116,246.5395,True,1,0,5
0.1066017,-0.05041569,0.02043338,-0.209141,77.92651,345.5096,246.274,True,1,0,5
0.1091003,-0.05038991,0.02043103,-0.2091518,77.91936,345.5,246.2782,True,1,0,5
0.1112289,-0.05036491,0.02042873,-0.2091622,77.91238,345.4907,246.2821,True,1,0,5
0.1136055,-0.0503414,0.02042659,-0.209172,77.90589,345.4819,246.2859,True,1,0,5
0.1214981,-0.05041656,0.0204265,-0.2088927,77.73813,345.497,246.3032,True,1,0,5
0.1244202,-0.0504718,0.02047153,-0.2086666,77.63039,345.5344,246.3366,True,1,0,5
0.1273651,-0.05045801,0.02046306,-0.2086798,77.61598,345.5265,246.3422,True,1,0,5
0.1297569,-0.05044595,0.02045566,-0.2086914,77.60341,345.5195,246.347,True,1,0,5
0.1325684,-0.05051188,0.02050358,-0.2085682,77.52988,345.4929,246.2916,True,1,0,5
0.1356888,-0.05049943,0.02049667,-0.2085858,77.50928,345.4822,246.2968,True,1,0,5
0.1388893,-0.05048903,0.0204909,-0.2086005,77.49203,345.4732,246.3011,True,1,0,5
0.1420746,-0.05051155,0.02054004,-0.2085234,77.43661,345.4881,246.2466,True,1,0,5
0.1445694,-0.05050432,0.02053866,-0.2085381,77.4197,345.4804,246.2492,True,1,0,5
0.1480026,-0.05049582,0.02053708,-0.2085552,77.39983,345.4715,246.2523,True,1,0,5
0.1511917,-0.05027708,0.02050847,-0.2085481,77.36317,345.825,246.6573,True,1,0,5
0.1538544,-0.05026688,0.02050304,-0.2085701,77.3462,345.8268,246.6702,True,1,0,5
0.15662,-0.05014918,0.02052239,-0.2085269,77.30404,346.0063,246.858,True,1,0,5
0.1596756,-0.05013542,0.02051833,-0.208552,77.28553,346.013,246.8763,True,1,0,5
0.1624336,-0.05012163,0.02051431,-0.2085771,77.26696,346.0198,246.8947,True,1,0,5
0.1655121,-0.04998517,0.02050403,-0.2087641,77.27753,346.1034,246.9935,True,1,0,5
0.1689453,-0.04995703,0.02050099,-0.2088115,77.25466,346.1151,247.0204,True,1,0,5
0.1723022,-0.05003312,0.02058052,-0.2087906,77.19379,345.9916,246.8771,True,1,0,5
0.1754799,-0.0500095,0.0205868,-0.2088337,77.17362,345.9974,246.8944,True,1,0,5
0.1777573,-0.04998965,0.02059211,-0.2088698,77.15677,346.0023,246.9089,True,1,0,5
0.1803284,-0.04997135,0.020597,-0.2089031,77.1412,346.0067,246.9223,True,1,0,5
0.1830673,-0.05011524,0.02062756,-0.2090531,77.15594,345.753,246.6654,True,1,0,5
0.1856651,-0.05010025,0.02063781,-0.2090885,77.13994,345.7514,246.6731,True,1,0,5
0.1884346,-0.05008164,0.02065054,-0.2091324,77.12016,345.7494,246.6827,True,1,0,5
0.1913033,-0.05015907,0.02064663,-0.2091703,77.12418,345.6444,246.5642,True,1,0,5
0.193512,-0.05014804,0.0206548,-0.209198,77.11134,345.6432,246.5705,True,1,0,5
0.1961212,-0.05013515,0.02066435,-0.2092303,77.09642,345.6418,246.5778,True,1,0,5
0.1991577,-0.0501731,0.02067666,-0.2091919,77.09117,345.6135,246.5195,True,1,0,5
0.2018929,-0.05016238,0.02068849,-0.2092188,77.07474,345.612,246.5276,True,1,0,5
0.2054863,-0.05015123,0.02070081,-0.2092467,77.05766,345.6105,246.536,True,1,0,5
0.2086868,-0.05017677,0.020716,-0.2091911,77.04914,345.5984,246.4933,True,1,0,5
0.2110786,-0.05017169,0.02072708,-0.2092021,77.03532,345.5969,246.4988,True,1,0,5
0.2145271,-0.05007276,0.02078588,-0.2090096,76.96655,345.8133,246.6617,True,1,0,5
0.2187119,-0.05006507,0.02080512,-0.2090164,76.94408,345.8199,246.6759,True,1,0,5
0.2260475,-0.05000868,0.02087712,-0.2089966,76.90582,345.918,246.7423,True,1,0,5
0.2290955,-0.05000409,0.02089529,-0.2089975,76.88999,345.9251,246.7535,True,1,0,5
0.2332878,-0.04990477,0.02094145,-0.2089577,76.86979,346.0184,246.8208,True,1,0,5
0.2365074,-0.04989465,0.02096279,-0.2089543,76.85374,346.0275,246.8333,True,1,0,5
0.2395248,-0.05011812,0.02108786,-0.2088903,76.79414,345.693,246.4528,True,1,0,5
0.2418938,-0.0501106,0.02111413,-0.2088873,76.78017,345.6924,246.4538,True,1,0,5
0.2440071,-0.05010308,0.0211404,-0.2088843,76.76624,345.6919,246.4548,True,1,0,5
0.2467842,-0.05009458,0.02117005,-0.2088809,76.75051,345.6913,246.456,True,1,0,5
0.2513237,-0.05020431,0.02129792,-0.2087643,76.68369,345.5172,246.2165,True,1,0,5
0.2542763,-0.05019521,0.02133796,-0.2087553,76.66489,345.5116,246.2107,True,1,0,5
0.2572365,-0.05014729,0.02142607,-0.2086641,76.61627,345.5317,246.1699,True,1,0,5
0.2597618,-0.05013567,0.02145988,-0.2086569,76.60128,345.528,246.1647,True,1,0,5
0.2633133,-0.0501174,0.02151302,-0.2086457,76.57772,345.5222,246.1566,True,1,0,5
0.2677307,-0.04975951,0.02164476,-0.2088542,76.59267,345.7106,246.3247,True,1,0,5
0.27071,-0.04972818,0.02169263,-0.2088637,76.57719,345.7066,246.3192,True,1,0,5
0.2733116,-0.04959044,0.02185151,-0.2088024,76.51175,345.7392,246.3009,True,1,0,5
0.275959,-0.04954272,0.02191125,-0.2088207,76.49467,345.7361,246.295,True,1,0,5
0.2788658,-0.04948325,0.02198566,-0.2088435,76.47337,345.7323,246.2877,True,1,0,5
0.2831764,-0.04959593,0.02220136,-0.2092352,76.46669,345.2762,245.8433,True,1,0,5
0.2858315,-0.04953993,0.022278,-0.2092841,76.45014,345.2612,245.8259,True,1,0,5
0.2886009,-0.04947665,0.02236456,-0.2093394,76.43143,345.2442,245.8062,True,1,0,5
0.2916222,-0.04951123,0.022552,-0.209156,76.33241,345.2599,245.796,True,1,0,5
0.2943382,-0.04945994,0.0226393,-0.2092033,76.31288,345.2453,245.7783,True,1,0,5
0.2981949,-0.04928501,0.02276067,-0.2091096,76.233,345.5853,246.112,True,1,0,5
0.3015862,-0.04923369,0.02286491,-0.2091733,76.2066,345.5797,246.1025,True,1,0,5
0.3046303,-0.04919219,0.02294913,-0.2092248,76.18531,345.5752,246.0948,True,1,0,5
0.3073082,-0.04907245,0.02315103,-0.2090668,76.10697,345.788,246.297,True,1,0,5
0.3098297,-0.04903728,0.02323532,-0.2091085,76.08676,345.7894,246.2954,True,1,0,5
0.3122826,-0.0489987,0.02332774,-0.2091542,76.06453,345.791,246.2937,True,1,0,5
0.3159981,-0.04886461,0.02352057,-0.2092691,76.04622,345.9146,246.3933,True,1,0,5
0.3187866,-0.04882372,0.02362742,-0.2093249,76.02372,345.9189,246.3939,True,1,0,5
0.3214188,-0.0487868,0.02372374,-0.2093752,76.00348,345.9229,246.3943,True,1,0,5
0.3296967,-0.04865193,0.0240517,-0.2094817,75.94366,346.0447,246.4421,True,1,0,5
0.3332634,-0.04837227,0.02422628,-0.2096696,75.95892,346.1447,246.4845,True,1,0,5
0.3367653,-0.04831066,0.02435663,-0.20973,75.93542,346.1557,246.4876,True,1,0,5
0.3394623,-0.04846258,0.02463348,-0.2093385,75.75161,345.9984,246.2282,True,1,0,5
0.342041,-0.04841226,0.02474812,-0.2093794,75.72791,346.003,246.2238,True,1,0,5
0.3442688,-0.04836375,0.02485852,-0.2094189,75.70512,346.0075,246.2195,True,1,0,5
0.3476906,-0.04830138,0.02500033,-0.2094695,75.67585,346.0132,246.2141,True,1,0,5
0.3509636,-0.04822362,0.02514215,-0.2095701,75.63874,345.8841,246.057,True,1,0,5
0.3536949,-0.04815881,0.02526079,-0.209619,75.61409,345.8859,246.0489,True,1,0,5
0.3564224,-0.04796357,0.02534935,-0.2094663,75.53968,345.9574,246.0611,True,1,0,5
0.3591232,-0.04789463,0.02544452,-0.2095001,75.51711,345.9605,246.0546,True,1,0,5
0.3613281,-0.04782892,0.02553514,-0.2095323,75.49561,345.9635,246.0484,True,1,0,5
0.3640556,-0.04783537,0.02578503,-0.209294,75.36577,345.7211,245.774,True,1,0,5
0.3670197,-0.04771844,0.02592747,-0.2093303,75.33128,345.7176,245.7565,True,1,0,5
0.3706627,-0.0475963,0.02607608,-0.2093682,75.29527,345.714,245.7383,True,1,0,5
0.3734245,-0.04755571,0.02615009,-0.2092024,75.22614,345.6666,245.6176,True,1,0,5
0.376358,-0.04745463,0.02626409,-0.2092196,75.19501,345.6626,245.5996,True,1,0,5
0.3786278,-0.04736384,0.0263664,-0.209235,75.16701,345.6591,245.5835,True,1,0,5
0.3821144,-0.04719026,0.0264318,-0.2094477,75.23685,345.4965,245.3086,True,1,0,5
0.3852348,-0.04706961,0.02655332,-0.2094532,75.20694,345.488,245.2823,True,1,0,5
0.3894768,-0.04717907,0.02666891,-0.2094904,75.19747,345.0973,244.8293,True,1,0,5
0.3928032,-0.04707189,0.02678074,-0.2094784,75.16951,345.0783,244.7918,True,1,0,5
0.3955765,-0.04696652,0.02689059,-0.2094666,75.14203,345.0597,244.7551,True,1,0,5
0.3986893,-0.04739244,0.02698271,-0.209561,75.13851,344.4116,244.1364,True,1,0,5
0.4012794,-0.04731119,0.02708714,-0.2095409,75.11281,344.3773,244.086,True,1,0,5
0.4041176,-0.04723562,0.02718416,-0.2095224,75.08884,344.3454,244.0392,True,1,0,5
0.4071007,-0.04715849,0.0272029,-0.2095588,75.12299,344.3098,244.0242,True,1,0,5
0.4094467,-0.04709245,0.0272851,-0.2095332,75.10326,344.2837,243.9858,True,1,0,5
0.4119759,-0.04701443,0.02738212,-0.2095029,75.08003,344.2529,243.9405,True,1,0,5
0.4149132,-0.04663391,0.02733801,-0.2096534,75.18283,344.5657,244.2581,True,1,0,5
0.4190636,-0.04651608,0.02747485,-0.2095939,75.1526,344.5321,244.2032,True,1,0,5
0.4226151,-0.04620415,0.02762671,-0.2091765,75.06731,344.8511,244.4794,True,1,0,5
0.4338379,-0.04572178,0.02789426,-0.2091273,75.06236,344.9818,244.5452,True,1,0,5
0.4375,-0.04562727,0.02799405,-0.2090598,75.03958,344.9735,244.5193,True,1,0,5
0.4463959,-0.04530225,0.02820906,-0.2092458,75.09998,344.9341,244.3658,True,1,0,5
0.450737,-0.04546784,0.028283,-0.2093617,75.12435,344.6075,244.0035,True,1,0,5
0.4541817,-0.0453861,0.02838577,-0.2093058,75.1064,344.5879,243.9631,True,1,0,5
0.4571991,-0.04541821,0.02843486,-0.209453,75.13718,344.2747,243.6342,True,1,0,5
0.4601364,-0.04534752,0.02851409,-0.2094131,75.12434,344.2513,243.5944,True,1,0,5
0.4629784,-0.04527622,0.02859394,-0.2093728,75.1114,344.2278,243.5544,True,1,0,5
0.4664841,-0.04506133,0.02864175,-0.2092863,75.10297,344.2937,243.5511,True,1,0,5
0.4702454,-0.04497412,0.02872446,-0.2092357,75.08855,344.2701,243.5072,True,1,0,5
0.473259,-0.04481228,0.02871391,-0.2093274,75.14991,344.1286,243.3214,True,1,0,5
0.4755974,-0.04473701,0.02876994,-0.2092833,75.14113,344.1086,243.286,True,1,0,5
0.4778061,-0.04465114,0.02883378,-0.2092332,75.13119,344.0858,243.2457,True,1,0,5
0.4811707,-0.04405821,0.02889146,-0.2094257,75.24973,344.2776,243.35,True,1,0,5
0.4848862,-0.04390321,0.02898562,-0.2093569,75.24149,344.2556,243.3027,True,1,0,5
0.4874115,-0.04379098,0.02905375,-0.2093071,75.23552,344.2397,243.2686,True,1,0,5
0.4896164,-0.04344835,0.028965,-0.2094659,75.33553,344.385,243.3577,True,1,0,5
0.4920921,-0.0433418,0.02901658,-0.2094194,75.3327,344.3745,243.3299,True,1,0,5
0.4944916,-0.04322574,0.02907275,-0.2093689,75.3296,344.363,243.2997,True,1,0,5
0.4982796,-0.04281611,0.02913052,-0.2093406,75.36801,344.4071,243.2242,True,1,0,5
0.5021439,-0.04258466,0.02922672,-0.2092454,75.36456,344.39,243.1705,True,1,0,5
0.5062904,-0.0422735,0.0292241,-0.2096621,75.49239,344.1037,242.8187,True,1,0,5
0.5094604,-0.04207098,0.02929603,-0.2096118,75.49416,344.0817,242.7683,True,1,0,5
0.5123024,-0.04186438,0.02936943,-0.2095607,75.49589,344.0593,242.7169,True,1,0,5
0.5163269,-0.04204162,0.02940108,-0.2099729,75.57061,343.3007,241.9685,True,1,0,5
0.5197678,-0.0418397,0.02947311,-0.2099466,75.57469,343.2535,241.8937,True,1,0,5
0.5225639,-0.04205235,0.02957016,-0.2099526,75.53989,342.6795,241.2358,True,1,0,5
0.5254326,-0.04189739,0.02962808,-0.2099346,75.54185,342.6278,241.1607,True,1,0,5
0.527668,-0.04175156,0.02968262,-0.2099178,75.54379,342.5793,241.0901,True,1,0,5
0.5304909,-0.04157905,0.02974722,-0.2098981,75.54601,342.5218,241.0065,True,1,0,5
0.5333328,-0.04174253,0.02977066,-0.2098781,75.52908,342.2761,240.7239,True,1,0,5
0.5364189,-0.04159736,0.02982819,-0.2098597,75.53064,342.2134,240.6349,True,1,0,5
0.5387497,-0.04148233,0.02987383,-0.2098452,75.53192,342.1637,240.5644,True,1,0,5
0.5412598,-0.0415603,0.02993831,-0.2098766,75.53218,341.8559,240.2482,True,1,0,5
0.543705,-0.04144584,0.02998735,-0.2098615,75.53337,341.798,240.169,True,1,0,5
0.5458488,-0.04132219,0.03004038,-0.2098453,75.53464,341.7355,240.0834,True,1,0,5
0.549778,-0.04117677,0.03013407,-0.2098193,75.54447,341.7725,240.0548,True,1,0,5
0.5528984,-0.04104563,0.03020014,-0.2098005,75.54609,341.7022,239.9562,True,1,0,5
0.5555,-0.04090224,0.03024994,-0.2097295,75.53165,341.9426,240.1497,True,1,0,5
0.5584373,-0.04080778,0.03030509,-0.2097193,75.53268,341.8893,240.0709,True,1,0,5
0.5607719,-0.04072775,0.03035183,-0.2097107,75.53362,341.8442,240.0042,True,1,0,5
0.5635834,-0.04062542,0.03041165,-0.2096999,75.53467,341.7865,239.9188,True,1,0,5
0.5666161,-0.04042114,0.03055218,-0.2098224,75.5363,341.8485,239.9362,True,1,0,5
0.5701637,-0.04030176,0.03063184,-0.2098333,75.53758,341.7863,239.8418,True,1,0,5
0.573555,-0.04035946,0.03083408,-0.2096014,75.41866,341.7442,239.7376,True,1,0,5
0.5763931,-0.04027227,0.03090651,-0.2096167,75.41616,341.6935,239.6592,True,1,0,5
0.5786896,-0.04019154,0.03097364,-0.2096309,75.41386,341.6466,239.5867,True,1,0,5
0.5879097,-0.03977321,0.03118545,-0.2098233,75.44331,341.6771,239.6039,True,1,0,5
0.5906448,-0.039568,0.03117411,-0.2098204,75.45557,341.9504,239.8921,True,1,0,5
0.5937805,-0.03949447,0.03123802,-0.2098443,75.45364,341.9121,239.8299,True,1,0,5
0.5961533,-0.03943151,0.03129278,-0.2098649,75.45209,341.8793,239.7767,True,1,0,5
0.5998039,-0.03935241,0.03142159,-0.2096353,75.38903,341.8366,239.6219,True,1,0,5
0.6028709,-0.03927946,0.03148358,-0.209644,75.38549,341.7999,239.5598,True,1,0,5
0.6059952,-0.03919733,0.0315534,-0.209654,75.38146,341.7586,239.4898,True,1,0,5
0.6084061,-0.03910713,0.03159574,-0.2093574,75.30934,341.9229,239.6017,True,1,0,5
0.6106071,-0.03904574,0.03164545,-0.2093542,75.30444,341.895,239.5502,True,1,0,5
0.6131973,-0.03898448,0.03169504,-0.209351,75.29951,341.8672,239.4988,True,1,0,5
0.6169815,-0.03832956,0.03182296,-0.2092943,75.31083,342.3977,240.021,True,1,0,5
0.6199646,-0.03822868,0.03189225,-0.2092929,75.30545,342.3809,239.9763,True,1,0,5
0.6225777,-0.03765076,0.03185774,-0.2095423,75.42191,342.8665,240.4447,True,1,0,5
0.6251755,-0.03756568,0.03190807,-0.2095477,75.42078,342.8656,240.4229,True,1,0,5
0.627655,-0.03747256,0.03196314,-0.2095536,75.41955,342.8647,240.399,True,1,0,5
0.6303406,-0.03736085,0.03202923,-0.2095609,75.41801,342.8636,240.3704,True,1,0,5
0.6336708,-0.03709291,0.03209578,-0.2097469,75.47202,342.9337,240.39,True,1,0,5
0.6366196,-0.03697984,0.0321618,-0.2097613,75.47217,342.9347,240.3644,True,1,0,5
0.6396904,-0.03697393,0.03218071,-0.2097334,75.47472,342.9065,240.3432,True,1,0,5
0.641819,-0.03689809,0.03222571,-0.2097386,75.4749,342.9067,240.3243,True,1,0,5
0.6440086,-0.03681319,0.03227611,-0.2097446,75.4751,342.907,240.3031,True,1,0,5
0.6466064,-0.03672593,0.03232792,-0.2097507,75.47539,342.9072,240.2814,True,1,0,5
0.6497688,-0.03695704,0.03242891,-0.2094151,75.36813,342.5847,239.9391,True,1,0,5
0.6528931,-0.03685579,0.0324896,-0.2094018,75.36491,342.5747,239.9016,True,1,0,5
0.6553917,-0.03676714,0.03254275,-0.2093901,75.36216,342.566,239.8688,True,1,0,5
0.6581192,-0.03647027,0.03260079,-0.2093112,75.36829,342.7877,240.0584,True,1,0,5
0.6604614,-0.03638493,0.03264917,-0.2092962,75.36604,342.7856,240.0349,True,1,0,5
0.6630173,-0.03629396,0.0327007,-0.2092804,75.36366,342.7834,240.01,True,1,0,5
0.66642,-0.03615469,0.03270611,-0.2095218,75.43285,342.7896,240.0479,True,1,0,5
0.6698265,-0.03605008,0.03276649,-0.2095152,75.43212,342.7871,240.0195,True,1,0,5
0.6727562,-0.03613083,0.0328301,-0.2094569,75.39143,342.6577,239.8959,True,1,0,5
0.675106,-0.03606096,0.03287283,-0.2094543,75.3899,342.6528,239.8726,True,1,0,5
0.6774292,-0.03598296,0.03292051,-0.2094513,75.38819,342.6473,239.8464,True,1,0,5
0.6805534,-0.03589118,0.03297664,-0.209448,75.38614,342.6408,239.8157,True,1,0,5
0.683918,-0.03592002,0.0330056,-0.2094232,75.34969,342.6217,239.8073,True,1,0,5
0.6918373,-0.03568269,0.03319336,-0.209116,75.23606,342.899,239.9972,True,1,0,5
0.6951752,-0.0356158,0.03323995,-0.2091179,75.22977,342.9012,239.9759,True,1,0,5
0.6982346,-0.03464403,0.03329788,-0.2091472,75.26827,343.7369,240.8172,True,1,0,5
0.7013702,-0.03452208,0.03335291,-0.209161,75.26299,343.7661,240.8226,True,1,0,5
0.704155,-0.03442346,0.03339739,-0.2091722,75.25874,343.7896,240.8269,True,1,0,5
0.7066116,-0.03395785,0.03336671,-0.2091949,75.3021,344.2476,241.3213,True,1,0,5
0.708847,-0.03386436,0.03340127,-0.2092022,75.29941,344.2785,241.3367,True,1,0,5
0.7111511,-0.03375385,0.03344211,-0.209211,75.2962,344.3151,241.3548,True,1,0,5
0.7147598,-0.03356792,0.03342117,-0.2092369,75.33525,344.4858,241.5432,True,1,0,5
0.7176971,-0.03345358,0.03346029,-0.209237,75.33304,344.5306,241.5688,True,1,0,5
0.7202187,-0.03335836,0.03349283,-0.2092372,75.33121,344.5678,241.5901,True,1,0,5
0.7227554,-0.0335257,0.0335436,-0.2093851,75.3764,344.1439,241.1364,True,1,0,5
0.7254791,-0.03342823,0.033583,-0.2093791,75.37579,344.1703,241.146,True,1,0,5
0.7281494,-0.03332922,0.03362301,-0.209373,75.37521,344.1971,241.1556,True,1,0,5
0.7311897,-0.0335803,0.03377526,-0.2092035,75.30945,343.7805,240.6445,True,1,0,5
0.7338295,-0.03347739,0.03382759,-0.2091849,75.30692,343.7964,240.6395,True,1,0,5
0.7365417,-0.03338739,0.03387332,-0.2091688,75.30466,343.8104,240.6351,True,1,0,5
0.7391167,-0.03329638,0.03391956,-0.2091525,75.30245,343.8245,240.6307,True,1,0,5
0.7417259,-0.03345881,0.03398633,-0.2090703,75.30353,343.563,240.3326,True,1,0,5
0.744709,-0.03335396,0.03404899,-0.2090315,75.3008,343.5721,240.3172,True,1,0,5
0.7480011,-0.03315396,0.03406036,-0.2091846,75.36644,343.6392,240.4239,True,1,0,5
0.7508049,-0.03306762,0.03411154,-0.2091561,75.36552,343.6476,240.4141,True,1,0,5
0.7534256,-0.0329814,0.03416264,-0.2091276,75.36458,343.6559,240.4042,True,1,0,5
0.755867,-0.03281749,0.03415461,-0.2091084,75.37186,343.7992,240.5722,True,1,0,5
0.7590599,-0.03272574,0.03420483,-0.2090789,75.3709,343.8078,240.562,True,1,0,5
0.7620773,-0.03263476,0.03425463,-0.2090497,75.36994,343.8163,240.5519,True,1,0,5
0.7654457,-0.03275426,0.03434974,-0.2088567,75.29605,343.634,240.2967,True,1,0,5
0.7686806,-0.03265673,0.03440599,-0.2088198,75.29244,343.6372,240.2766,True,1,0,5
0.7722778,-0.0325622,0.03446047,-0.2087841,75.28897,343.6403,240.257,True,1,0,5
0.7752419,-0.03213181,0.0345154,-0.2090548,75.35799,343.8753,240.4701,True,1,0,5
0.7783623,-0.03201455,0.03457811,-0.2090447,75.35683,343.8859,240.4582,True,1,0,5
0.7822037,-0.03151171,0.03468953,-0.2088777,75.30813,344.3835,240.8624,True,1,0,5
0.7853279,-0.03139458,0.03474624,-0.208875,75.30569,344.4078,240.8647,True,1,0,5
0.7932816,-0.03064512,0.03485933,-0.2088414,75.30525,344.9395,241.3544,True,1,0,5
0.7959785,-0.03053975,0.03490014,-0.2088429,75.30337,344.9695,241.3676,True,1,0,5
0.7991104,-0.03046054,0.03494272,-0.2089692,75.31013,344.8449,241.2657,True,1,0,5
0.8018799,-0.03031353,0.03499627,-0.2089814,75.30786,344.8814,241.2817,True,1,0,5
0.8049278,-0.03019278,0.03504023,-0.2089916,75.30606,344.9113,241.2949,True,1,0,5
0.8080597,-0.0300228,0.03513491,-0.2088175,75.24632,345.0121,241.3221,True,1,0,5
0.8107109,-0.02989013,0.03518274,-0.2088237,75.24271,345.0462,241.3365,True,1,0,5
0.8135033,-0.02976685,0.03522718,-0.2088295,75.23927,345.0779,241.3499,True,1,0,5
0.8167305,-0.03012896,0.03534199,-0.2088531,75.2002,344.5722,240.8448,True,1,0,5
0.8195114,-0.03001501,0.03539395,-0.2088602,75.19566,344.5913,240.8451,True,1,0,5
0.8222427,-0.03032691,0.03544699,-0.2088477,75.1779,344.1696,240.4423,True,1,0,5
0.8253555,-0.0302329,0.03549705,-0.2088452,75.17309,344.1761,240.4311,True,1,0,5
0.8277435,-0.03015497,0.03553852,-0.2088433,75.16906,344.1814,240.4218,True,1,0,5
0.8299675,-0.03008002,0.03557841,-0.2088415,75.16527,344.1865,240.4129,True,1,0,5
0.8329964,-0.02982443,0.03570583,-0.2087705,75.15077,344.233,240.3896,True,1,0,5
0.8362503,-0.02970149,0.0357706,-0.2087624,75.14509,344.2414,240.3767,True,1,0,5
0.8393936,-0.02887688,0.03590922,-0.2084184,75.08579,345.0825,241.0996,True,1,0,5
0.8420486,-0.02874443,0.03597005,-0.208404,75.07936,345.1129,241.109,True,1,0,5
0.8444862,-0.02861556,0.03602917,-0.20839,75.07307,345.1426,241.1183,True,1,0,5
0.8469696,-0.0284881,0.0360876,-0.2083763,75.06693,345.1719,241.1273,True,1,0,5
0.8500328,-0.0281203,0.03606555,-0.2085344,75.12795,345.4733,241.4079,True,1,0,5
0.8533249,-0.02795382,0.03613456,-0.2085251,75.12225,345.5206,241.4291,True,1,0,5
0.8562698,-0.02796431,0.03608757,-0.2085735,75.13061,345.4249,241.3757,True,1,0,5
0.8593826,-0.02783326,0.03613244,-0.2085657,75.12624,345.4616,241.3922,True,1,0,5
0.8621864,-0.02770492,0.03617635,-0.208558,75.12186,345.4975,241.4083,True,1,0,5
0.8648796,-0.0270418,0.03627953,-0.2083712,75.08473,345.9747,241.8131,True,1,0,5
0.8685455,-0.0267997,0.03635153,-0.2083551,75.07685,346.046,241.8532,True,1,0,5
0.8726501,-0.02600614,0.03631991,-0.2088843,75.25353,346.5705,242.501,True,1,0,5
0.875843,-0.02579686,0.03637859,-0.2088975,75.25343,346.6404,242.5522,True,1,0,5
0.8785324,-0.02559475,0.03643522,-0.2089104,75.25329,346.708,242.6015,True,1,0,5
0.8817482,-0.0260854,0.03638288,-0.2090338,75.26465,346.0742,241.9427,True,1,0,5
0.8848152,-0.02591369,0.03642634,-0.2090433,75.26504,346.1212,241.9707,True,1,0,5
0.8875008,-0.02576041,0.03646508,-0.2090518,75.26539,346.1631,241.9957,True,1,0,5
0.8946419,-0.02496191,0.0365319,-0.2095658,75.42563,346.4588,242.3134,True,1,0,5
0.8981323,-0.02460154,0.03651249,-0.2097305,75.49306,346.719,242.5752,True,1,0,5
0.9016495,-0.02437034,0.0365679,-0.2097663,75.50163,346.7912,242.6279,True,1,0,5
0.9050751,-0.02416956,0.03661598,-0.2097976,75.50909,346.854,242.6738,True,1,0,5
0.9078217,-0.02437508,0.03665008,-0.2097709,75.49804,346.6032,242.4056,True,1,0,5
0.9104347,-0.02423439,0.03668672,-0.2097898,75.50365,346.645,242.4333,True,1,0,5
0.913063,-0.024073,0.03672877,-0.2098114,75.51001,346.693,242.4653,True,1,0,5
0.9168892,-0.02361754,0.03683217,-0.2096439,75.48206,346.9707,242.7263,True,1,0,5
0.9196358,-0.02344644,0.03687596,-0.2096552,75.48702,347.0222,242.7627,True,1,0,5
0.9220963,-0.02332412,0.03694367,-0.2094772,75.43919,347.0654,242.7952,True,1,0,5
0.9248238,-0.02317639,0.03698061,-0.20948,75.44223,347.1095,242.8264,True,1,0,5
0.9272614,-0.02303265,0.03701654,-0.2094829,75.44521,347.1525,242.8568,True,1,0,5
0.9296455,-0.02288661,0.03705305,-0.2094859,75.44823,347.1962,242.8877,True,1,0,5
0.9329224,-0.02273579,0.03709027,-0.2093526,75.42273,347.3183,242.95,True,1,0,5
0.9361763,-0.02256306,0.03713155,-0.209349,75.42566,347.3744,242.9891,True,1,0,5
0.9392738,-0.02241778,0.03714709,-0.2093063,75.41527,347.5342,243.1082,True,1,0,5
0.9416237,-0.02230113,0.03717344,-0.2093046,75.41703,347.5778,243.1387,True,1,0,5
0.9437103,-0.02219434,0.03719753,-0.2093031,75.41869,347.6177,243.1666,True,1,0,5
0.9471893,-0.02165997,0.03722234,-0.2094393,75.45446,348.0205,243.5709,True,1,0,5
0.9506721,-0.02148462,0.03725851,-0.209453,75.4578,348.0909,243.6241,True,1,0,5
0.9535789,-0.02131786,0.03729288,-0.2094661,75.46098,348.1578,243.6747,True,1,0,5
0.9563179,-0.0210217,0.03733054,-0.2096749,75.48963,348.267,243.825,True,1,0,5
0.959568,-0.02084325,0.037368,-0.2097073,75.49335,348.334,243.8775,True,1,0,5
0.9618034,-0.02070332,0.03739734,-0.2097329,75.49627,348.3867,243.9187,True,1,0,5
0.9646759,-0.02024862,0.03743474,-0.2098399,75.50802,348.7123,244.2864,True,1,0,5
0.9684143,-0.01996749,0.0374902,-0.2099054,75.51353,348.8215,244.377,True,1,0,5
0.9718895,-0.0197725,0.03752863,-0.209951,75.51736,348.8972,244.4399,True,1,0,5
0.9744225,-0.01936633,0.03759795,-0.2099985,75.49406,349.176,244.7176,True,1,0,5
0.97649,-0.01921924,0.03762664,-0.2100397,75.4961,349.2333,244.7661,True,1,0,5
0.9799767,-0.0189377,0.03768148,-0.2101188,75.49992,349.343,244.8591,True,1,0,5
0.9838181,-0.01845214,0.03788757,-0.2098077,75.37611,349.5662,244.9998,True,1,0,5
0.9869843,-0.01819937,0.03794138,-0.2098629,75.37506,349.6566,245.0747,True,1,0,5
0.9901314,-0.01798262,0.03803116,-0.2096233,75.28255,349.7763,245.1542,True,1,0,5
0.9968719,-0.01746179,0.03813514,-0.2097161,75.27367,349.9668,245.3104,True,1,0,5
0.9997101,-0.01744632,0.03825614,-0.2094054,75.16327,349.7557,245.0264,True,1,0,5
1.003246,-0.01721334,0.0383026,-0.2094297,75.1561,349.8312,245.0849,True,1,0,5
1.005997,-0.01758172,0.03840648,-0.2092875,75.08486,349.2526,244.5007,True,1,0,5
1.008778,-0.01737999,0.03845246,-0.209299,75.07638,349.3047,244.537,True,1,0,5
1.011208,-0.01718006,0.03849797,-0.2093104,75.06805,349.3563,244.573,True,1,0,5
1.014141,-0.0169808,0.03854324,-0.2093219,75.05968,349.4077,244.6088,True,1,0,5
1.016998,-0.0170204,0.03850754,-0.2093733,75.07474,349.1938,244.3155,True,1,0,5
1.019333,-0.01685627,0.03853978,-0.2093783,75.06813,349.232,244.3388,True,1,0,5
1.022205,-0.0166279,0.03858459,-0.2093853,75.05889,349.285,244.3712,True,1,0,5
1.025261,-0.01604717,0.03875993,-0.2090445,74.98451,349.6389,244.6747,True,1,0,5
1.028008,-0.01583049,0.03880851,-0.2090332,74.97498,349.6908,244.7086,True,1,0,5
1.030773,-0.0156302,0.03873381,-0.2092704,75.051,349.7169,244.7519,True,1,0,5
1.033459,-0.01540423,0.03877635,-0.2092624,75.04321,349.7715,244.7883,True,1,0,5
1.036175,-0.0152213,0.03881072,-0.2092561,75.03691,349.8156,244.8178,True,1,0,5
1.039143,-0.01510677,0.03878731,-0.2094105,75.08556,349.6689,244.6307,True,1,0,5
1.041946,-0.0148955,0.03882317,-0.2094029,75.07993,349.7144,244.6585,True,1,0,5
1.044094,-0.01471322,0.03885409,-0.2093964,75.07507,349.7537,244.6825,True,1,0,5
1.046738,-0.01451564,0.03888753,-0.2093895,75.0698,349.7963,244.7085,True,1,0,5
1.050491,-0.01415658,0.03891954,-0.2090927,74.99265,350.0588,244.9254,True,1,0,5
1.053139,-0.01395669,0.03894676,-0.2090748,74.98536,350.1075,244.9565,True,1,0,5
1.055916,-0.01371984,0.03897908,-0.2091767,75.00599,350.1607,245.005,True,1,0,5
1.059135,-0.01350539,0.03901118,-0.2091644,74.99897,350.2134,245.0392,True,1,0,5
1.061615,-0.01331836,0.03903909,-0.2091537,74.99284,350.2593,245.069,True,1,0,5
1.064087,-0.01257037,0.03918555,-0.2092524,75.01241,350.6638,245.4743,True,1,0,5
1.067112,-0.01226338,0.03924663,-0.2092526,75.00483,350.7388,245.5279,True,1,0,5
1.070789,-0.01195751,0.03930736,-0.2092529,74.99731,350.8135,245.5813,True,1,0,5
1.073849,-0.01178675,0.03931728,-0.2095071,75.07036,350.7698,245.4658,True,1,0,5
1.076027,-0.01159844,0.03935681,-0.209512,75.06731,350.8148,245.4961,True,1,0,5
1.078522,-0.01135761,0.0394073,-0.2095185,75.06347,350.8724,245.535,True,1,0,5
1.08147,-0.01136525,0.03944361,-0.2094045,75.00691,350.6949,245.2887,True,1,0,5
1.084507,-0.01110214,0.03949344,-0.2094098,75.00088,350.7525,245.3235,True,1,0,5
1.087704,-0.010841,0.03954279,-0.2094152,74.99485,350.8097,245.3579,True,1,0,5
1.09021,-0.0107422,0.03961973,-0.2092747,74.92044,350.7958,245.2861,True,1,0,5
1.092854,-0.01054894,0.03965609,-0.2092809,74.91412,350.8378,245.3097,True,1,0,5
1.100986,-0.009882839,0.03993838,-0.2090868,74.79974,350.8391,245.2015,True,1,0,5
1.104416,-0.009624334,0.03999579,-0.2090936,74.78901,350.8876,245.2254,True,1,0,5
1.107388,-0.009480942,0.04010758,-0.2086181,74.66489,350.946,245.1943,True,1,0,5
1.109753,-0.009292012,0.04014896,-0.2086018,74.65392,350.9828,245.2108,True,1,0,5
1.111828,-0.009100796,0.04019079,-0.2085854,74.64288,351.0202,245.2276,True,1,0,5
1.114998,-0.008938611,0.04027286,-0.2086514,74.65979,350.9516,245.1575,True,1,0,5
1.117954,-0.008701223,0.0403322,-0.2086304,74.64683,350.995,245.1757,True,1,0,5
1.120853,-0.008469013,0.04039013,-0.20861,74.63413,351.0374,245.1934,True,1,0,5
1.123348,-0.008423657,0.04031219,-0.2088797,74.7205,350.9499,245.0763,True,1,0,5
1.125854,-0.008252027,0.04035124,-0.2088673,74.71279,350.9808,245.0873,True,1,0,5
1.128086,-0.008083492,0.04038955,-0.2088552,74.7052,351.0112,245.0982,True,1,0,5
1.130707,-0.007877505,0.0404363,-0.2088405,74.69596,351.0483,245.1114,True,1,0,5
1.133965,-0.007151715,0.04055312,-0.2084033,74.59425,351.6207,245.5938,True,1,0,5
1.137272,-0.006905571,0.04060422,-0.2083683,74.5812,351.6771,245.6219,True,1,0,5
1.139874,-0.006728836,0.0407107,-0.2084249,74.61657,351.5759,245.4293,True,1,0,5
1.142178,-0.006535851,0.04076001,-0.2083938,74.60781,351.615,245.4456,True,1,0,5
1.144169,-0.006343538,0.04080908,-0.2083628,74.59907,351.654,245.4618,True,1,0,5
1.146709,-0.006129632,0.04086359,-0.2083286,74.58939,351.6973,245.4798,True,1,0,5
1.150764,-0.005698361,0.04084575,-0.2087057,74.7245,351.7783,245.5936,True,1,0,5
1.154224,-0.005400294,0.04091989,-0.2086696,74.71658,351.8382,245.6215,True,1,0,5
1.156666,-0.00550431,0.04084438,-0.2092004,74.86767,351.4119,245.2567,True,1,0,5
1.159824,-0.00526973,0.04090166,-0.2091876,74.86589,351.4474,245.2686,True,1,0,5
1.162197,-0.005072002,0.04094991,-0.209177,74.86447,351.4774,245.2786,True,1,0,5
1.165489,-0.004976284,0.04114193,-0.2088073,74.75246,351.3123,244.9844,True,1,0,5
1.169735,-0.004611857,0.04124111,-0.208766,74.74466,351.3583,244.9885,True,1,0,5
1.173401,-0.004675127,0.04131079,-0.2088067,74.73462,350.9872,244.6265,True,1,0,5
1.175831,-0.004482547,0.04136431,-0.208789,74.73026,351.0017,244.6193,True,1,0,5
1.177898,-0.004293744,0.04141675,-0.2087718,74.72601,351.0158,244.6121,True,1,0,5
1.180946,-0.003987776,0.04142277,-0.2088562,74.74609,351.1259,244.747,True,1,0,5
1.183727,-0.003776655,0.04147714,-0.2088434,74.74171,351.1405,244.7397,True,1,0,5
1.186329,-0.003574132,0.04152925,-0.2088313,74.73752,351.1544,244.7326,True,1,0,5
1.188911,-0.003011163,0.04167549,-0.208467,74.62812,351.439,244.949,True,1,0,5
1.191605,-0.002788545,0.04172838,-0.2084479,74.62135,351.4593,244.9478,True,1,0,5
1.193806,-0.002603595,0.04177226,-0.2084321,74.61569,351.4763,244.9467,True,1,0,5
1.19746,-0.002264337,0.04185265,-0.2084035,74.60531,351.5073,244.9448,True,1,0,5
1.200592,-0.001958167,0.04192254,-0.2081806,74.54102,351.6179,245.0019,True,1,0,5
1.203674,-0.001716777,0.04197595,-0.2081537,74.53201,351.6424,245.002,True,1,0,5
1.206272,-0.001824567,0.04192281,-0.2084719,74.60565,351.2156,244.5616,True,1,0,5
1.208656,-0.001620142,0.04196398,-0.2084593,74.59986,351.2261,244.5511,True,1,0,5
1.211357,-0.001369128,0.04201448,-0.208444,74.59277,351.2389,244.5382,True,1,0,5
1.214901,-0.001217256,0.04212643,-0.2083794,74.57336,351.0482,244.2334,True,1,0,5
1.217907,-0.0009623682,0.04218405,-0.2083584,74.56582,351.0549,244.2114,True,1,0,5
1.220547,-0.0007393453,0.04223441,-0.2083402,74.55927,351.0607,244.1922,True,1,0,5
1.223125,-0.000571752,0.04230146,-0.2084646,74.58913,350.9928,244.1568,True,1,0,5
1.226307,-0.0003178264,0.0423656,-0.2084485,74.58231,350.9989,244.1368,True,1,0,5
1.228844,-9.53963E-05,0.04242173,-0.2084347,74.57631,351.0043,244.1194,True,1,0,5
1.233059,-9.444356E-05,0.04261656,-0.2085626,74.57954,350.5356,243.6419,True,1,0,5
1.236134,0.000129967,0.04268834,-0.2085566,74.57365,350.5278,243.6113,True,1,0,5
1.239517,0.0008285707,0.04291894,-0.2083586,74.5106,350.8554,243.8559,True,1,0,5
1.242802,0.00109206,0.04300813,-0.2083502,74.50273,350.8575,243.8321,True,1,0,5
1.245239,0.001332476,0.04308946,-0.2083428,74.49555,350.8594,243.8105,True,1,0,5
1.248333,0.001901816,0.04316749,-0.2081477,74.42328,351.2882,244.1838,True,1,0,5
1.251194,0.002163619,0.04324664,-0.2081425,74.4137,351.3026,244.1722,True,1,0,5
1.259045,0.003034466,0.04344198,-0.208135,74.41985,351.601,244.4413,True,1,0,5
1.262043,0.003267427,0.0435134,-0.2081252,74.41191,351.6211,244.4386,True,1,0,5
1.264469,0.003445541,0.0437087,-0.2077402,74.31445,351.7065,244.4162,True,1,0,5
1.26696,0.003679364,0.04379112,-0.2077111,74.30377,351.729,244.4128,True,1,0,5
1.26965,0.003889201,0.043865,-0.2076851,74.2942,351.7491,244.4097,True,1,0,5
1.272533,0.00413889,0.04395281,-0.2076544,74.2828,351.7732,244.4061,True,1,0,5
1.275173,0.004452904,0.04402728,-0.2074018,74.25439,351.9749,244.6254,True,1,0,5
1.277611,0.004678766,0.04410586,-0.2073547,74.24343,352.0013,244.6275,True,1,0,5
1.280354,0.004897228,0.04418175,-0.2073094,74.23286,352.0268,244.6295,True,1,0,5
1.283344,0.004802143,0.04432589,-0.2071143,74.17342,351.7454,244.3376,True,1,0,5
1.285984,0.005010515,0.04440552,-0.207062,74.16158,351.7631,244.3321,True,1,0,5
1.28936,0.005198735,0.04449515,-0.207211,74.2337,351.6205,244.1555,True,1,0,5
1.29232,0.005401741,0.04457867,-0.2071578,74.22447,351.6335,244.1455,True,1,0,5
1.294571,0.005576247,0.04465038,-0.2071122,74.21652,351.6448,244.137,True,1,0,5
1.296902,0.005761526,0.04472646,-0.2070639,74.20811,351.6568,244.1279,True,1,0,5
1.299881,0.005820205,0.04479377,-0.20715,74.25663,351.4339,243.9671,True,1,0,5
1.302837,0.006035598,0.04488553,-0.2070901,74.2483,351.4412,243.9518,True,1,0,5
1.306068,0.006291604,0.04495071,-0.2070163,74.24952,351.5435,244.0434,True,1,0,5
1.309242,0.00650869,0.04504223,-0.2069503,74.24107,351.554,244.0305,True,1,0,5
1.311737,0.006701604,0.04512352,-0.2068917,74.23363,351.5632,244.0191,True,1,0,5
1.314758,0.007004981,0.04526842,-0.2068135,74.22861,351.5352,243.9275,True,1,0,5
1.31834,0.007280245,0.04538576,-0.2067318,74.21883,351.5461,243.9095,True,1,0,5
1.321293,0.00750733,0.04548246,-0.2066646,74.21073,351.5551,243.8946,True,1,0,5
1.323639,0.007701988,0.04564328,-0.2065259,74.16613,351.5389,243.8867,True,1,0,5
1.326263,0.007891055,0.0457277,-0.2064731,74.15894,351.5457,243.8748,True,1,0,5
1.328423,0.008066369,0.04580592,-0.2064242,74.15227,351.552,243.8639,True,1,0,5
1.331074,0.008315538,0.04600127,-0.2062628,74.10365,351.5056,243.7812,True,1,0,5
1.333698,0.008574117,0.04612124,-0.2061939,74.09304,351.5126,243.7638,True,1,0,5
1.337746,0.008881557,0.04626372,-0.2061123,74.08049,351.5211,243.7432,True,1,0,5
1.340698,0.009085082,0.04631868,-0.2062231,74.13504,351.5602,243.6866,True,1,0,5
1.34285,0.009249842,0.04639763,-0.2061792,74.12936,351.5656,243.6743,True,1,0,5
1.344734,0.009425042,0.04648153,-0.2061328,74.12333,351.5714,243.6612,True,1,0,5
1.348091,0.009815322,0.0465472,-0.2063854,74.22005,351.5883,243.6568,True,1,0,5
1.351498,0.01010933,0.04668383,-0.2063216,74.21424,351.5978,243.6365,True,1,0,5
1.359268,0.01095099,0.04699987,-0.2060396,74.19936,351.9109,243.7702,True,1,0,5
1.362068,0.01115962,0.04709831,-0.2059832,74.19514,351.9251,243.7602,True,1,0,5
1.364716,0.01091219,0.04727782,-0.2058996,74.15157,351.4779,243.3061,True,1,0,5
1.368118,0.01120154,0.04743417,-0.2058197,74.14372,351.4812,243.2736,True,1,0,5
1.371632,0.01144016,0.04756299,-0.2057541,74.13725,351.4839,243.2469,True,1,0,5
1.374252,0.01167008,0.04763421,-0.2057555,74.15587,351.6566,243.4286,True,1,0,5
1.376686,0.01184487,0.0477324,-0.2057062,74.15142,351.6625,243.4127,True,1,0,5
1.378735,0.01201549,0.04782817,-0.2056582,74.14709,351.6683,243.3971,True,1,0,5
1.382004,0.01221902,0.04792006,-0.20578,74.22835,351.7414,243.4663,True,1,0,5
1.384911,0.01241557,0.04804184,-0.2057176,74.22549,351.7504,243.4498,True,1,0,5
1.388386,0.01266892,0.0481987,-0.2056373,74.22185,351.762,243.4285,True,1,0,5
1.391781,0.01264597,0.04831469,-0.2055171,74.19331,351.656,243.2845,True,1,0,5
1.394203,0.01278962,0.04840966,-0.2054665,74.19035,351.6604,243.268,True,1,0,5
1.396404,0.012928,0.04850106,-0.2054178,74.18761,351.6647,243.2522,True,1,0,5
1.399849,0.01333651,0.04861437,-0.2055068,74.24551,351.9357,243.5208,True,1,0,5
1.402725,0.01349253,0.04871996,-0.205456,74.24393,351.9474,243.5103,True,1,0,5
1.405514,0.01366596,0.04883729,-0.2053997,74.24211,351.9605,243.4987,True,1,0,5
1.408096,0.0139403,0.04921801,-0.2047966,74.05733,352.0958,243.5441,True,1,0,5
1.410648,0.0141254,0.04935373,-0.2047287,74.05018,352.1121,243.534,True,1,0,5
1.413948,0.0143349,0.04950719,-0.2046521,74.04212,352.1306,243.5226,True,1,0,5
1.417423,0.01430439,0.04966438,-0.2045581,74.04391,352.0679,243.4351,True,1,0,5
1.420097,0.01445274,0.04978953,-0.2044907,74.03765,352.0808,243.424,True,1,0,5
1.422642,0.01475925,0.04979646,-0.2047496,74.15565,352.2245,243.5622,True,1,0,5
1.425491,0.01490715,0.04991536,-0.2046871,74.15276,352.2406,243.5554,True,1,0,5
1.427608,0.01503203,0.05001567,-0.2046345,74.15028,352.2542,243.5495,True,1,0,5
1.429924,0.01516612,0.05012333,-0.2045781,74.14764,352.2688,243.5433,True,1,0,5
1.432735,0.01587165,0.05026457,-0.2045408,74.2305,352.638,243.8055,True,1,0,5
1.435383,0.01604591,0.05038752,-0.2044641,74.22993,352.6629,243.8059,True,1,0,5
1.437981,0.01621807,0.05050893,-0.2043885,74.22933,352.6875,243.8063,True,1,0,5
1.440338,0.01667539,0.05046441,-0.2046768,74.46711,352.8431,243.9839,True,1,0,5
1.442493,0.01684076,0.0505726,-0.2045874,74.47198,352.8682,243.9886,True,1,0,5
1.444912,0.01704853,0.05070853,-0.2044753,74.47813,352.8997,243.9946,True,1,0,5
1.448807,0.0167266,0.05084409,-0.2045365,74.64442,352.0999,243.1786,True,1,0,5
1.452114,0.01696627,0.0510188,-0.2043611,74.65734,352.1085,243.157,True,1,0,5
1.454845,0.01716023,0.05116026,-0.2042194,74.66788,352.1154,243.1395,True,1,0,5
1.457813,0.01741548,0.05133873,-0.2039168,74.73563,351.9369,242.8536,True,1,0,5
1.461372,0.0176568,0.05150813,-0.2037145,74.74954,351.9386,242.8245,True,1,0,5
1.464088,0.01790081,0.05152413,-0.2040283,74.90103,351.6861,242.532,True,1,0,5
1.467426,0.0181789,0.0516956,-0.2038369,74.92066,351.6786,242.4914,True,1,0,5
1.470467,0.01840851,0.05183734,-0.2036793,74.93684,351.6724,242.4579,True,1,0,5
1.47324,0.01848559,0.0517581,-0.2042107,75.10643,351.3506,242.1392,True,1,0,5
1.475647,0.01868862,0.05186993,-0.204104,75.12466,351.3365,242.1017,True,1,0,5
1.477959,0.01890725,0.05199052,-0.2039894,75.14432,351.3212,242.0612,True,1,0,5
1.481369,0.01927677,0.0520574,-0.2038702,75.14948,351.3202,241.9484,True,1,0,5
1.485569,0.01964726,0.05223212,-0.2037012,75.18017,351.2961,241.8802,True,1,0,5
1.488586,0.01992973,0.05236565,-0.2035728,75.20356,351.2775,241.8281,True,1,0,5
1.491425,0.01942389,0.05239077,-0.2040277,75.31235,350.2401,240.8325,True,1,0,5
1.494045,0.01963313,0.05249351,-0.2039531,75.3329,350.1973,240.7651,True,1,0,5
1.496365,0.01983032,0.05259053,-0.203883,75.35229,350.1569,240.7015,True,1,0,5
1.499348,0.02001226,0.05259444,-0.2042679,75.49646,349.8979,240.4362,True,1,0,5
1.502426,0.02024074,0.05270138,-0.2042083,75.5225,349.8436,240.3556,True,1,0,5
1.505257,0.02047033,0.05280916,-0.2041486,75.54858,349.7887,240.2742,True,1,0,5
1.508022,0.02030323,0.05298632,-0.2038395,75.49051,349.3513,239.682,True,1,0,5
1.511173,0.02056246,0.05311926,-0.2037541,75.519,349.2702,239.5644,True,1,0,5
1.514523,0.02040572,0.05310313,-0.203943,75.60841,348.8839,239.1848,True,1,0,5
1.517773,0.02060645,0.05320945,-0.2038766,75.63609,348.7988,239.0677,True,1,0,5
1.520172,0.02076289,0.05329259,-0.203825,75.65768,348.7321,238.9762,True,1,0,5
1.522671,0.02066981,0.05324923,-0.2042953,75.77869,348.428,238.7336,True,1,0,5
1.525436,0.02081802,0.05333067,-0.2042729,75.80487,348.3474,238.6281,True,1,0,5
1.527603,0.02093138,0.05339317,-0.2042559,75.82485,348.2854,238.5473,True,1,0,5
1.529636,0.02105026,0.0534589,-0.2042381,75.84581,348.2202,238.4622,True,1,0,5
1.533154,0.02151898,0.05354142,-0.2044874,75.91869,348.4702,238.6908,True,1,0,5
1.536209,0.0216838,0.05363023,-0.2044942,75.94855,348.3914,238.5852,True,1,0,5
1.539425,0.02161184,0.05378206,-0.2045087,75.93037,348.0697,238.2179,True,1,0,5
1.541889,0.0217439,0.05386168,-0.2045271,75.9546,347.9947,238.1194,True,1,0,5
1.544041,0.02187767,0.05394262,-0.2045459,75.97908,347.9183,238.0193,True,1,0,5
1.548,0.02192395,0.05399092,-0.2047047,75.99942,347.7815,237.9124,True,1,0,5
1.551075,0.02206251,0.05407453,-0.2047505,76.02751,347.6906,237.7957,True,1,0,5
1.55381,0.02219671,0.05415586,-0.2047951,76.05469,347.6022,237.6822,True,1,0,5
1.557095,0.02276572,0.05429478,-0.2044597,75.95336,348.2485,238.2162,True,1,0,5
1.562912,0.02303547,0.05444399,-0.2045576,75.99942,348.1205,238.0338,True,1,0,5
1.572243,0.02371604,0.05461842,-0.2046597,76.02277,348.4035,238.2515,True,1,0,5
1.575573,0.02384906,0.05468448,-0.2047246,76.04511,348.3513,238.1719,True,1,0,5
1.578411,0.02398748,0.05475348,-0.2047924,76.06839,348.2968,238.0889,True,1,0,5
1.581955,0.02420723,0.05472504,-0.2051452,76.15784,348.2837,238.1554,True,1,0,5
1.584953,0.0243448,0.05478421,-0.2052304,76.1828,348.2309,238.0779,True,1,0,5
1.589069,0.02459779,0.05509996,-0.204872,76.02256,348.2095,237.9767,True,1,0,5
1.592926,0.02477344,0.05518483,-0.2049709,76.04376,348.1519,237.8897,True,1,0,5
1.596073,0.02493484,0.05526306,-0.205062,76.06322,348.0987,237.8094,True,1,0,5
1.599937,0.02518304,0.05537568,-0.2049172,75.97612,348.114,237.8664,True,1,0,5
1.605225,0.02543933,0.0554833,-0.2050615,76.00038,348.0363,237.7506,True,1,0,5
1.608696,0.0254702,0.05563407,-0.2048579,75.90334,347.9305,237.6423,True,1,0,5
1.611759,0.02564101,0.05570984,-0.2049536,75.91646,347.8755,237.5619,True,1,0,5
1.622028,0.02611032,0.05591489,-0.2052154,75.94108,347.5533,237.1927,True,1,0,5
1.625885,0.02631465,0.0559995,-0.2056948,76.03215,347.3251,236.997,True,1,0,5
1.629784,0.02651808,0.05608711,-0.2058254,76.04876,347.2519,236.8993,True,1,0,5
1.634869,0.02722707,0.0563374,-0.20553,75.93364,347.6553,237.2065,True,1,0,5
1.640331,0.02758012,0.0564539,-0.2055403,75.91343,347.8645,237.4148,True,1,0,5
1.643589,0.02776024,0.05653001,-0.2056404,75.92249,347.8228,237.3521,True,1,0,5
1.646507,0.02795442,0.05661224,-0.2057486,75.93227,347.7777,237.2845,True,1,0,5
1.651222,0.02814165,0.05667531,-0.2055709,75.87186,347.9424,237.4172,True,1,0,5
1.654255,0.02829703,0.05673829,-0.2056549,75.87865,347.9084,237.3634,True,1,0,5
1.657101,0.02838423,0.05676939,-0.2055332,75.85587,348.0935,237.5289,True,1,0,5
1.660114,0.02849665,0.05681816,-0.2055934,75.86099,348.0701,237.4882,True,1,0,5
1.663025,0.02862136,0.05687234,-0.2056603,75.86662,348.0442,237.4431,True,1,0,5
1.666477,0.02881647,0.05688988,-0.2054943,75.8535,348.2589,237.5736,True,1,0,5
1.670277,0.02895373,0.05694637,-0.2055488,75.85968,348.2368,237.5255,True,1,0,5
1.674438,0.029003,0.05702353,-0.2056658,75.88744,348.0273,237.311,True,1,0,5
1.677666,0.0291359,0.0570827,-0.205715,75.89395,347.9998,237.2596,True,1,0,5
1.681816,0.02949512,0.05711095,-0.2062247,76.03421,347.9267,237.2987,True,1,0,5
1.685574,0.02965118,0.05717595,-0.2062926,76.04535,347.8982,237.2518,True,1,0,5
1.688541,0.0297964,0.05723655,-0.206356,76.05572,347.8715,237.2081,True,1,0,5
1.691433,0.03049847,0.05731547,-0.2063313,76.05898,348.4813,237.7543,True,1,0,5
1.694717,0.03068116,0.05738302,-0.2064,76.06961,348.4749,237.7286,True,1,0,5
1.69775,0.03082259,0.05747665,-0.2066853,76.08994,348.1023,237.3548,True,1,0,5
1.700634,0.03101647,0.05754341,-0.2067694,76.0998,348.0851,237.3208,True,1,0,5
1.704369,0.0312404,0.05762063,-0.2068668,76.11112,348.0652,237.2814,True,1,0,5
1.707726,0.03127385,0.05770211,-0.2068504,76.07406,347.8665,236.9833,True,1,0,5
1.710941,0.03151273,0.05778354,-0.206955,76.08456,347.8376,236.9301,True,1,0,5
1.715065,0.03151957,0.05793037,-0.2070693,76.07101,347.5557,236.5563,True,1,0,5
1.718136,0.03169465,0.05800042,-0.2071548,76.07825,347.5256,236.5055,True,1,0,5
1.721962,0.0319463,0.05810131,-0.2072781,76.08871,347.4823,236.4324,True,1,0,5
1.726353,0.03274592,0.05823088,-0.2073918,76.14656,347.9301,236.8646,True,1,0,5
1.730343,0.03302602,0.05833763,-0.2074998,76.15842,347.9081,236.8148,True,1,0,5
1.734539,0.03321912,0.05852468,-0.2073214,76.10503,348.0345,236.9151,True,1,0,5
1.738647,0.03345049,0.05862746,-0.2074031,76.11362,348.0195,236.875,True,1,0,5
1.74118,0.03329453,0.0587801,-0.2070868,76.01424,347.9547,236.7615,True,1,0,5
1.743683,0.03342371,0.05885087,-0.2071274,76.01722,347.9433,236.7325,True,1,0,5
1.746574,0.0336015,0.05894834,-0.2071835,76.02135,347.9276,236.6926,True,1,0,5
1.750488,0.03357368,0.05904227,-0.2071757,76.03174,347.7583,236.5157,True,1,0,5
1.753433,0.03371204,0.05912614,-0.2072108,76.03538,347.741,236.4784,True,1,0,5
1.75642,0.0338603,0.05918087,-0.2071762,76.0476,347.8956,236.6374,True,1,0,5
1.760433,0.03400995,0.05927821,-0.2072071,76.05233,347.8806,236.5987,True,1,0,5
1.763371,0.03413029,0.05935653,-0.2072321,76.05619,347.8685,236.5675,True,1,0,5
1.767281,0.03429009,0.05945788,-0.2074048,76.12086,348.0214,236.7993,True,1,0,5
1.775864,0.03464643,0.05973038,-0.2074483,76.13326,348.1107,236.8629,True,1,0,5
1.77903,0.0347647,0.05983286,-0.2074773,76.13911,348.1032,236.8383,True,1,0,5
1.782257,0.03500261,0.06003979,-0.2073399,76.08902,348.2497,236.9588,True,1,0,5
1.784821,0.03509766,0.06012474,-0.2073601,76.09184,348.2483,236.9447,True,1,0,5
1.787621,0.03520493,0.06022064,-0.207383,76.09497,348.2467,236.9287,True,1,0,5
1.79034,0.03547061,0.06027147,-0.2076657,76.18468,348.3146,237.0173,True,1,0,5
1.793495,0.03558787,0.06036887,-0.2076961,76.19048,348.3151,237.0044,True,1,0,5
1.795914,0.03568798,0.06045206,-0.2077222,76.19537,348.3155,236.9934,True,1,0,5
1.79863,0.0359045,0.06046012,-0.2083701,76.35403,348.1067,236.8181,True,1,0,5
1.802071,0.03609637,0.06059776,-0.2084535,76.36838,348.0984,236.7932,True,1,0,5
1.806438,0.03628704,0.06073469,-0.2085366,76.38268,348.0902,236.7683,True,1,0,5
1.809769,0.03658774,0.06069681,-0.2089202,76.50361,348.295,236.9705,True,1,0,5
1.812664,0.03673631,0.06079522,-0.2089978,76.51862,348.2955,236.9581,True,1,0,5
1.815948,0.03705121,0.06077713,-0.2090035,76.54572,348.6384,237.3225,True,1,0,5
1.819145,0.03720106,0.06086411,-0.2090755,76.56175,348.651,237.3228,True,1,0,5
1.821968,0.03734064,0.06094523,-0.2091426,76.57672,348.6627,237.323,True,1,0,5
1.825119,0.03717979,0.06110245,-0.2090988,76.56657,348.3075,236.9732,True,1,0,5
1.827854,0.0372913,0.06117986,-0.209146,76.57881,348.3069,236.9631,True,1,0,5
1.830582,0.03741011,0.06126238,-0.2091963,76.59186,348.3062,236.9525,True,1,0,5
1.833622,0.03758044,0.06147683,-0.2088769,76.49942,348.3564,236.8903,True,1,0,5
1.837658,0.03774314,0.06159231,-0.2089247,76.51233,348.3573,236.8745,True,1,0,5
1.841026,0.03797587,0.06169094,-0.2090626,76.58328,348.4512,236.8999,True,1,0,5
1.843491,0.03808185,0.06176966,-0.2090891,76.59299,348.454,236.8907,True,1,0,5
1.845875,0.03820383,0.06186035,-0.2091196,76.60423,348.4572,236.8799,True,1,0,5
1.849163,0.03835734,0.06188668,-0.209117,76.63935,348.6897,237.0571,True,1,0,5
1.851818,0.03845695,0.06196466,-0.209138,76.65054,348.6992,237.0523,True,1,0,5
1.854366,0.03855166,0.06203884,-0.2091581,76.6612,348.7082,237.0478,True,1,0,5
1.856918,0.03870588,0.06206828,-0.2088444,76.61904,349.0137,237.3343,True,1,0,5
1.860184,0.03880332,0.06214342,-0.2088452,76.62993,349.0331,237.3377,True,1,0,5
1.863335,0.03891175,0.06222707,-0.2088462,76.64204,349.0548,237.3416,True,1,0,5
1.866241,0.03920235,0.06227362,-0.2088556,76.67398,349.2386,237.5799,True,1,0,5
1.871044,0.03937137,0.06238697,-0.2088523,76.69186,349.2768,237.5963,True,1,0,5
1.878471,0.03978578,0.06273688,-0.2087488,76.7131,349.3735,237.6236,True,1,0,5
1.882267,0.04012258,0.06291665,-0.2088253,76.75786,349.4214,237.5904,True,1,0,5
1.885307,0.04028058,0.06302953,-0.2088156,76.77103,349.4496,237.6005,True,1,0,5
1.888428,0.04044536,0.06314732,-0.2088057,76.78476,349.4791,237.611,True,1,0,5
1.891579,0.04050899,0.06314306,-0.2091581,76.8808,349.3737,237.5308,True,1,0,5
1.893948,0.04062195,0.06322123,-0.2091659,76.89263,349.3914,237.5362,True,1,0,5
1.897156,0.04077743,0.06332894,-0.2091768,76.90883,349.416,237.5436,True,1,0,5
1.899696,0.04096989,0.06338303,-0.2093029,76.92097,349.2928,237.4542,True,1,0,5
1.902702,0.04113176,0.06347734,-0.2093223,76.93445,349.313,237.4603,True,1,0,5
1.905739,0.04128537,0.06356689,-0.2093408,76.94718,349.3322,237.4662,True,1,0,5
1.908421,0.04147476,0.06361699,-0.2092144,76.91338,349.3734,237.4278,True,1,0,5
1.911003,0.04164405,0.0637037,-0.2092301,76.92542,349.3943,237.4326,True,1,0,5
1.914635,0.04199813,0.06381685,-0.2089477,76.83385,349.8113,237.7466,True,1,0,5
1.917007,0.04213316,0.06388162,-0.2089609,76.84085,349.838,237.7582,True,1,0,5
1.919697,0.04228774,0.06395583,-0.2089761,76.84892,349.8687,237.7716,True,1,0,5
1.922085,0.04243571,0.06402686,-0.2089908,76.85667,349.898,237.7844,True,1,0,5
1.925217,0.04262487,0.06421822,-0.2087955,76.74561,349.8242,237.7075,True,1,0,5
1.928402,0.04281561,0.06430653,-0.2088222,76.75095,349.8548,237.7193,True,1,0,5
1.931114,0.04284004,0.06436124,-0.2090792,76.79803,349.7125,237.6376,True,1,0,5
1.93343,0.04299676,0.06443803,-0.2091163,76.80373,349.7343,237.6453,True,1,0,5
1.936298,0.04314725,0.06451181,-0.2091521,76.80922,349.7553,237.6528,True,1,0,5
1.939121,0.04350829,0.06451181,-0.2093331,76.86491,350.1606,238.0643,True,1,0,5
1.942348,0.04370089,0.06460199,-0.2093907,76.87386,350.2023,238.0888,True,1,0,5
1.945541,0.04389663,0.06469367,-0.2094494,76.88301,350.2448,238.1137,True,1,0,5
1.949108,0.04409946,0.06471719,-0.2090582,76.82035,350.6776,238.4898,True,1,0,5
1.951584,0.04421782,0.06477053,-0.2090738,76.82504,350.7171,238.5159,True,1,0,5
1.954105,0.04434153,0.06482626,-0.2090901,76.82986,350.7584,238.5432,True,1,0,5
1.956841,0.04475201,0.06491432,-0.2086295,76.7495,351.323,238.9649,True,1,0,5
1.960381,0.04490894,0.06498092,-0.208617,76.75264,351.3926,239.0125,True,1,0,5
1.963253,0.04504711,0.06503956,-0.208606,76.7554,351.454,239.0545,True,1,0,5
1.966301,0.04515222,0.06511775,-0.2083106,76.72312,351.4849,239.0582,True,1,0,5
1.969479,0.04528658,0.06517451,-0.2082751,76.72495,351.5438,239.098,True,1,0,5
1.972179,0.0454161,0.06522919,-0.208241,76.72668,351.6006,239.1364,True,1,0,5
1.975594,0.04542672,0.06524552,-0.2083823,76.83244,351.4352,239.022,True,1,0,5
1.982311,0.04605926,0.06531887,-0.2083725,76.92973,351.8905,239.4434,True,1,0,5
1.986862,0.04627032,0.06540227,-0.2082871,76.94048,351.9842,239.5121,True,1,0,5
1.990757,0.04691146,0.06545883,-0.2080557,76.95544,352.6107,239.9964,True,1,0,5
1.99371,0.04705208,0.06550609,-0.2079915,76.96185,352.6812,240.0489,True,1,0,5
1.996506,0.04720831,0.06555863,-0.2079202,76.96893,352.7595,240.1072,True,1,0,5
1.998928,0.04727795,0.065595,-0.2077357,76.95491,352.7708,240.0271,True,1,0,5
2.00156,0.04744129,0.06564839,-0.2076486,76.96191,352.8525,240.0852,True,1,0,5
2.004894,0.04760901,0.06570329,-0.2075593,76.96898,352.9364,240.1449,True,1,0,5
2.008255,0.04808547,0.06570999,-0.207618,77.02433,353.2703,240.5053,True,1,0,5
2.011555,0.04830407,0.06577055,-0.2075219,77.0341,353.3773,240.586,True,1,0,5
2.015049,0.04874615,0.06579337,-0.2076146,77.08212,353.6446,240.822,True,1,0,5
2.017475,0.04890129,0.06583132,-0.2075633,77.08925,353.7177,240.8781,True,1,0,5
2.020729,0.04913723,0.06588911,-0.2074855,77.10011,353.829,240.9635,True,1,0,5
2.024334,0.04967222,0.06584419,-0.2076674,77.15646,354.314,241.4279,True,1,0,5
2.030357,0.05007051,0.06591748,-0.2075869,77.17616,354.5172,241.5897,True,1,0,5
2.033085,0.04994501,0.06598216,-0.2074529,77.09329,354.15,241.2524,True,1,0,5
2.035961,0.05012914,0.06601351,-0.2074289,77.10033,354.233,241.3173,True,1,0,5
2.039131,0.05034875,0.06605093,-0.2074004,77.10871,354.3321,241.3948,True,1,0,5
2.041756,0.05054727,0.06609178,-0.2074195,77.09925,354.313,241.4183,True,1,0,5
2.044083,0.05072137,0.06612076,-0.2074057,77.10503,354.3822,241.4724,True,1,0,5
2.046707,0.05088698,0.06614837,-0.2073928,77.11059,354.448,241.5238,True,1,0,5
2.049049,0.0510521,0.06617594,-0.2073799,77.11607,354.5136,241.5752,True,1,0,5
2.051636,0.0511874,0.06628616,-0.2071454,77.04128,354.3754,241.3873,True,1,0,5
2.05513,0.05148274,0.06633854,-0.2071178,77.04736,354.4778,241.464,True,1,0,5
2.058819,0.05162741,0.06637219,-0.2066506,76.92461,354.537,241.5279,True,1,0,5
2.061417,0.05180584,0.06639589,-0.2066194,76.92511,354.5996,241.5752,True,1,0,5
2.064007,0.05199375,0.06642088,-0.2065866,76.92568,354.6656,241.625,True,1,0,5
2.066856,0.05215941,0.06640479,-0.2066586,76.96148,354.6073,241.6002,True,1,0,5
2.071606,0.05248606,0.06644277,-0.2066057,76.96407,354.7154,241.6827,True,1,0,5
2.074951,0.05252235,0.06650521,-0.2064186,76.93263,354.5234,241.4447,True,1,0,5
2.077477,0.05272693,0.06653148,-0.2063747,76.9334,354.5843,241.4888,True,1,0,5
2.080685,0.05302249,0.06653135,-0.2061266,76.90504,354.7992,241.691,True,1,0,5
2.084236,0.05326433,0.0665548,-0.2060544,76.90495,354.876,241.7481,True,1,0,5
2.087189,0.05347389,0.06657508,-0.2059919,76.90484,354.9425,241.7976,True,1,0,5
2.089916,0.0533701,0.06649821,-0.205992,76.95512,354.7469,241.6653,True,1,0,5
2.093056,0.05354747,0.06650877,-0.2059204,76.95615,354.8035,241.7077,True,1,0,5
2.096657,0.05377711,0.06652245,-0.2058279,76.95745,354.8767,241.7627,True,1,0,5
2.099663,0.05408511,0.06640589,-0.2059982,77.04339,355.1289,242.0854,True,1,0,5
2.104465,0.05437324,0.06640685,-0.205891,77.04897,355.2316,242.1691,True,1,0,5
2.108086,0.05430178,0.06642058,-0.2057387,77.02129,355.0186,241.9076,True,1,0,5
2.11108,0.05447906,0.06642044,-0.2056661,77.02411,355.0783,241.9535,True,1,0,5
2.114323,0.05459905,0.06643108,-0.2053733,76.9481,355.2601,242.0836,True,1,0,5
2.116917,0.05472954,0.06642637,-0.2053124,76.94835,355.3113,242.1227,True,1,0,5
2.119553,0.05486305,0.06642158,-0.2052501,76.94855,355.3637,242.1627,True,1,0,5
2.125011,0.05509532,0.06642333,-0.2047458,76.82652,355.5992,242.4137,True,1,0,5
2.128204,0.05523544,0.06641005,-0.2046659,76.82297,355.6631,242.4644,True,1,0,5
2.131813,0.05524459,0.0663913,-0.2043804,76.79193,355.7952,242.5976,True,1,0,5
2.140671,0.05533739,0.06617242,-0.2041259,76.84032,356.0002,242.8656,True,1,0,5
2.143848,0.05541637,0.0661363,-0.2040073,76.83762,356.0672,242.9227,True,1,0,5
2.147141,0.05549201,0.06610174,-0.2038937,76.83502,356.1313,242.9773,True,1,0,5
2.150036,0.05597394,0.0660001,-0.2037913,76.85542,356.7317,243.6049,True,1,0,5
2.152771,0.0560546,0.06596182,-0.2036835,76.85345,356.8055,243.6711,True,1,0,5
2.155113,0.05613154,0.06592536,-0.2035806,76.85161,356.8759,243.7342,True,1,0,5
2.158203,0.05664065,0.06590222,-0.2033666,76.83571,357.3509,244.1475,True,1,0,5
2.161255,0.05675944,0.06586011,-0.2032362,76.83286,357.4468,244.2331,True,1,0,5
2.165001,0.05657293,0.0657995,-0.2030111,76.83844,357.1242,243.94,True,1,0,5
2.168564,0.05670898,0.06574756,-0.2028336,76.83543,357.2299,244.0344,True,1,0,5
2.17186,0.05681624,0.06570669,-0.2026938,76.83305,357.3132,244.1087,True,1,0,5
2.174801,0.05647603,0.0655895,-0.2027172,76.88504,356.7872,243.6577,True,1,0,5
2.177662,0.05657423,0.06554051,-0.202572,76.88432,356.8553,243.7191,True,1,0,5
2.181229,0.05645763,0.06551611,-0.2025134,76.88869,356.4394,243.3217,True,1,0,5
2.183952,0.05655256,0.06547737,-0.2023955,76.88828,356.4853,243.3625,True,1,0,5
2.187443,0.05667932,0.06542571,-0.202238,76.88771,356.5466,243.4169,True,1,0,5
2.190502,0.05677732,0.06533743,-0.2015483,76.78309,356.6785,243.4844,True,1,0,5
2.193401,0.05686238,0.0652882,-0.2014016,76.77982,356.7239,243.5233,True,1,0,5
2.196602,0.05697088,0.0652255,-0.2012144,76.77569,356.7818,243.573,True,1,0,5
2.199455,0.05703751,0.06513076,-0.201114,76.80242,356.7666,243.5536,True,1,0,5
2.202408,0.05713106,0.06507355,-0.2009469,76.79914,356.8128,243.5932,True,1,0,5
2.205639,0.05723555,0.06500968,-0.2007603,76.79543,356.8643,243.6375,True,1,0,5
2.208912,0.0573963,0.0649253,-0.200901,76.86934,356.8758,243.7513,True,1,0,5
2.211956,0.05751202,0.06486391,-0.2007298,76.86805,356.9267,243.7983,True,1,0,5
2.215473,0.05717498,0.06478512,-0.2003834,76.83967,356.5053,243.4323,True,1,0,5
2.217899,0.05724416,0.06473362,-0.2002363,76.83804,356.5323,243.4578,True,1,0,5
2.220886,0.05732453,0.0646738,-0.2000655,76.83613,356.5638,243.4875,True,1,0,5
2.223793,0.05736537,0.06457388,-0.2001493,76.90625,356.5025,243.4982,True,1,0,5
2.227108,0.05744446,0.0645159,-0.1999924,76.9066,356.5309,243.5272,True,1,0,5
2.230721,0.05752609,0.06432801,-0.2000003,76.97156,356.5828,243.5882,True,1,0,5
2.234184,0.0576074,0.06425174,-0.1998324,76.97387,356.6148,243.621,True,1,0,5
2.239056,0.05772805,0.06413864,-0.1995834,76.9772,356.6623,243.6698,True,1,0,5
2.243832,0.05738095,0.06406727,-0.1994192,77.01586,356.1339,243.2129,True,1,0,5
2.248215,0.05736876,0.06406763,-0.1992839,77.01752,355.9891,243.0478,True,1,0,5
2.250973,0.05742315,0.06402184,-0.1991508,77.02016,355.9985,243.0596,True,1,0,5
2.254257,0.05748951,0.06396598,-0.1989883,77.02335,356.0101,243.0742,True,1,0,5
2.257565,0.05717098,0.06399707,-0.1988253,76.97748,355.5675,242.5855,True,1,0,5
2.260876,0.05721504,0.06395473,-0.198693,76.97884,355.5637,242.5828,True,1,0,5
2.26371,0.05725652,0.06391488,-0.1985685,76.98016,355.5601,242.5804,True,1,0,5
2.26627,0.05652022,0.06389359,-0.1983452,76.92085,354.8146,241.8663,True,1,0,5
2.269516,0.05651878,0.06384985,-0.1982178,76.92037,354.7888,241.8425,True,1,0,5
2.272491,0.05616549,0.06379937,-0.1981379,76.91904,354.5329,241.6084,True,1,0,5
2.275711,0.05613135,0.06375216,-0.1980095,76.91845,354.4998,241.5779,True,1,0,5
2.278122,0.05610076,0.06370986,-0.1978944,76.91796,354.47,241.5505,True,1,0,5
2.2817,0.05614112,0.06371386,-0.1974798,76.80727,354.7794,241.8416,True,1,0,5
2.284351,0.05609855,0.06367141,-0.1973709,76.80374,354.7605,241.8243,True,1,0,5
2.287544,0.05604544,0.06361842,-0.1972351,76.79942,354.7369,241.8029,True,1,0,5
2.290737,0.0563161,0.06359065,-0.1971802,76.80273,355.3065,242.3784,True,1,0,5
2.296638,0.05622057,0.06350926,-0.1969756,76.79591,355.3014,242.3771,True,1,0,5
2.299484,0.05659337,0.06355117,-0.1968842,76.78449,355.9881,243.0352,True,1,0,5
2.302521,0.05654282,0.06351687,-0.1967784,76.7804,356.0078,243.0561,True,1,0,5
2.307327,0.05626912,0.06352384,-0.1964561,76.73683,355.9039,242.9992,True,1,0,5
2.310318,0.0562023,0.0634948,-0.1963402,76.73176,355.9193,243.017,True,1,0,5
2.313591,0.0561304,0.06346358,-0.1962155,76.72626,355.9359,243.0361,True,1,0,5
2.316914,0.05602262,0.06352754,-0.1960481,76.70478,355.8692,243.0293,True,1,0,5
2.320309,0.05594845,0.06350754,-0.1959151,76.69863,355.8837,243.0483,True,1,0,5
2.324299,0.05601386,0.06354786,-0.1960259,76.76219,355.9506,243.1604,True,1,0,5
2.327511,0.05596927,0.06354551,-0.1959324,76.75927,355.9634,243.1779,True,1,0,5
2.33083,0.05591693,0.06354277,-0.1958228,76.75584,355.9785,243.1984,True,1,0,5
2.333324,0.05595114,0.06356981,-0.1959951,76.80621,355.9635,243.2162,True,1,0,5
2.336639,0.05591275,0.06357555,-0.1959083,76.80464,355.977,243.2359,True,1,0,5
2.340092,0.05584761,0.06361787,-0.195906,76.80668,355.8956,243.1574,True,1,0,5
2.342617,0.0558224,0.06362689,-0.1958471,76.80555,355.9052,243.1714,True,1,0,5
2.345108,0.05579228,0.06363769,-0.1957767,76.80422,355.9167,243.188,True,1,0,5
2.348774,0.05551814,0.06364948,-0.1956827,76.80046,355.7639,243.0823,True,1,0,5
2.351402,0.05547221,0.06365916,-0.1956159,76.79918,355.7698,243.0941,True,1,0,5
2.354301,0.0554222,0.06366976,-0.1955432,76.79779,355.7762,243.107,True,1,0,5
2.357529,0.05521625,0.06372929,-0.1954677,76.77808,355.6478,243.0299,True,1,0,5
2.360809,0.05515908,0.06374438,-0.1954032,76.77623,355.6505,243.0399,True,1,0,5
2.363628,0.05510063,0.06375982,-0.1953372,76.77434,355.6531,243.0501,True,1,0,5
2.367004,0.05464723,0.06384826,-0.1952323,76.74154,355.3015,242.7405,True,1,0,5
2.370693,0.05455404,0.06387387,-0.1951608,76.73833,355.2923,242.7411,True,1,0,5
2.374138,0.0544607,0.0640083,-0.1946852,76.61303,355.4101,242.8005,True,1,0,5
2.376938,0.05437794,0.06403401,-0.1946147,76.60691,355.4063,242.8028,True,1,0,5
2.380527,0.05443399,0.06418847,-0.1942461,76.51781,355.6357,243.0237,True,1,0,5
2.383755,0.05435579,0.06422454,-0.1941672,76.50934,355.6383,243.032,True,1,0,5
2.387199,0.05426069,0.06426841,-0.1940711,76.49897,355.6414,243.0421,True,1,0,5
2.390869,0.05459061,0.06440471,-0.1940537,76.53407,356.1604,243.525,True,1,0,5
2.393959,0.05453278,0.06445208,-0.19398,76.52747,356.1766,243.5454,True,1,0,5
2.396915,0.05446744,0.06450561,-0.1938968,76.51994,356.195,243.5684,True,1,0,5
2.399712,0.05476663,0.0645624,-0.1940892,76.62037,356.692,244.033,True,1,0,5
2.403267,0.05470267,0.06463331,-0.1939991,76.61564,356.7298,244.0748,True,1,0,5
2.406513,0.05457009,0.06468989,-0.1938844,76.61349,356.672,244.0111,True,1,0,5
2.409958,0.0545016,0.06476068,-0.1937868,76.60912,356.7069,244.0496,True,1,0,5
2.413509,0.05442324,0.06484175,-0.1936753,76.60411,356.7467,244.0936,True,1,0,5
2.417385,0.05390073,0.06494552,-0.1935261,76.57125,356.2485,243.6163,True,1,0,5
2.42112,0.05380763,0.06502227,-0.1934239,76.5657,356.2656,243.6378,True,1,0,5
2.424675,0.05359536,0.06516771,-0.1931642,76.51753,356.0776,243.4648,True,1,0,5
2.429234,0.05350298,0.06525292,-0.1930504,76.51031,356.088,243.4801,True,1,0,5
2.432423,0.05357163,0.06541869,-0.1931159,76.52504,356.056,243.4664,True,1,0,5
2.435223,0.05351689,0.06551006,-0.1930324,76.51932,356.0642,243.4786,True,1,0,5
2.439697,0.05345299,0.06563339,-0.1932013,76.57973,355.9506,243.3683,True,1,0,5
2.442917,0.05341296,0.06572367,-0.19314,76.57684,355.954,243.3752,True,1,0,5
2.448906,0.05325189,0.06590901,-0.1931083,76.5847,355.8149,243.1965,True,1,0,5
2.451916,0.05321514,0.06599322,-0.1930589,76.58243,355.8131,243.1963,True,1,0,5
2.455536,0.05316186,0.06611529,-0.1929873,76.57914,355.8104,243.196,True,1,0,5
2.459858,0.0529968,0.0662431,-0.1928394,76.52879,355.7147,243.035,True,1,0,5
2.462433,0.05295747,0.06631884,-0.1927972,76.5255,355.7105,243.0306,True,1,0,5
2.465069,0.05291852,0.06648137,-0.192689,76.48862,355.8612,243.1432,True,1,0,5
2.467735,0.05285481,0.06658785,-0.1926397,76.4833,355.8608,243.1414,True,1,0,5
2.471165,0.05279863,0.06668179,-0.1925963,76.4787,355.8605,243.1397,True,1,0,5
2.474251,0.0531076,0.0667484,-0.1929201,76.59593,356.4998,243.784,True,1,0,5
2.477009,0.05305193,0.06683969,-0.1928913,76.59497,356.5172,243.8003,True,1,0,5
2.479923,0.05298417,0.06695083,-0.1928563,76.59387,356.5383,243.8201,True,1,0,5
2.483223,0.05271029,0.06708647,-0.1931961,76.675,356.3451,243.6581,True,1,0,5
2.487141,0.05260774,0.06724021,-0.1931811,76.67696,356.3628,243.6756,True,1,0,5
2.49081,0.05237721,0.06742498,-0.1929916,76.60479,356.5041,243.7123,True,1,0,5
2.50248,0.05230439,0.06780246,-0.1932698,76.6522,357.2151,244.4613,True,1,0,5
2.506676,0.05247215,0.06797846,-0.1934095,76.64227,357.6772,244.9669,True,1,0,5
2.509701,0.05237095,0.06809339,-0.1934485,76.64242,357.7269,245.0161,True,1,0,5
2.514492,0.05200676,0.06838575,-0.1935374,76.58349,357.4989,244.7849,True,1,0,5
2.517952,0.05189733,0.06852058,-0.193607,76.58192,357.5428,244.828,True,1,0,5
2.521458,0.05178595,0.06865783,-0.193678,76.58031,357.5874,244.872,True,1,0,5
2.525131,0.05230327,0.06888428,-0.1939141,76.54328,358.3312,245.53,True,1,0,5
2.528061,0.05224485,0.06899519,-0.1939977,76.54099,358.3836,245.5797,True,1,0,5
2.531693,0.05240772,0.06922652,-0.1939618,76.44918,358.8691,246.0917,True,1,0,5
2.534473,0.05233784,0.06936321,-0.1940736,76.44335,358.945,246.1653,True,1,0,5
2.538059,0.05226703,0.06950191,-0.194187,76.43742,359.022,246.2398,True,1,0,5
2.54137,0.05201478,0.06973001,-0.1944698,76.44606,358.7113,245.9511,True,1,0,5
2.54406,0.05195756,0.06987819,-0.1945979,76.44087,358.7794,246.0171,True,1,0,5
2.548088,0.05199884,0.07014215,-0.1947756,76.39809,358.8296,246.062,True,1,0,5
2.555561,0.051892,0.07065254,-0.1946397,76.20184,358.9313,246.079,True,1,0,5
2.558815,0.05186226,0.07079965,-0.1947689,76.19044,358.9903,246.1335,True,1,0,5
2.561695,0.05183304,0.07094452,-0.1948961,76.17921,359.0482,246.1871,True,1,0,5
2.565403,0.05215748,0.07116027,-0.1953551,76.17821,359.3747,246.5293,True,1,0,5
2.569523,0.0521549,0.07140186,-0.1956173,76.16057,359.4792,246.6277,True,1,0,5
2.573669,0.05175956,0.07164405,-0.1956722,76.10014,359.0728,246.205,True,1,0,5
2.577404,0.05174048,0.07186632,-0.1959014,76.08246,359.1465,246.2728,True,1,0,5
2.581066,0.0521198,0.07199994,-0.1962336,76.07523,359.6399,246.7348,True,1,0,5
2.585651,0.05212656,0.07223915,-0.1965205,76.05558,359.7427,246.8297,True,1,0,5
2.590523,0.05186434,0.07253048,-0.1965245,75.95441,359.5793,246.6547,True,1,0,5
2.59428,0.05185435,0.07270466,-0.1967199,75.93719,359.6456,246.7149,True,1,0,5
2.604534,0.0517921,0.07324591,-0.1975229,75.9188,359.5714,246.6572,True,1,0,5
2.608852,0.05197584,0.07334512,-0.1976619,75.92113,359.7558,246.853,True,1,0,5
2.611435,0.05199509,0.07348111,-0.1978199,75.90886,359.8076,246.9008,True,1,0,5
2.615761,0.05185888,0.0737147,-0.197512,75.75263,359.584,246.6812,True,1,0,5
2.618862,0.05188391,0.07385826,-0.1976596,75.73463,359.631,246.7241,True,1,0,5
2.622105,0.05205123,0.07401821,-0.1980104,75.76821,359.576,246.6877,True,1,0,5
2.62632,0.05211613,0.07418591,-0.1981842,75.74969,359.6245,246.7319,True,1,0,5
2.629654,0.05217899,0.07434812,-0.1983523,75.73169,359.6712,246.7745,True,1,0,5
2.633057,0.05216482,0.07438302,-0.1987515,75.84679,359.6053,246.7179,True,1,0,5
2.63702,0.05222863,0.07454336,-0.1989091,75.83318,359.65,246.7588,True,1,0,5
2.640625,0.05187052,0.0747412,-0.1986882,75.74698,359.1631,246.2083,True,1,0,5
2.643497,0.05191043,0.07486868,-0.1987878,75.734,359.1832,246.2236,True,1,0,5
2.647469,0.05223089,0.0749871,-0.1988797,75.70982,359.3758,246.3623,True,1,0,5
2.656822,0.05240324,0.07521455,-0.1993145,75.74706,359.3401,246.3197,True,1,0,5
2.660309,0.05247803,0.07532756,-0.1994069,75.7353,359.3638,246.337,True,1,0,5
2.664619,0.05258036,0.07548209,-0.1995333,75.71923,359.3963,246.3605,True,1,0,5
2.667934,0.05279591,0.07545586,-0.199736,75.79317,359.5401,246.5088,True,1,0,5
2.672279,0.05289334,0.07557468,-0.1998273,75.78222,359.5722,246.5336,True,1,0,5
2.676983,0.05283597,0.07561131,-0.200114,75.8707,359.3147,246.3107,True,1,0,5
2.681305,0.05236073,0.07574916,-0.2002665,75.8969,358.5024,245.4544,True,1,0,5
2.685207,0.0524401,0.07585558,-0.2003321,75.89161,358.4923,245.4377,True,1,0,5
2.688972,0.0521038,0.07589263,-0.2006951,75.98165,357.9238,244.8625,True,1,0,5
2.692944,0.05216752,0.07599288,-0.200765,75.97989,357.8937,244.8259,True,1,0,5
2.695889,0.05222163,0.07607807,-0.2008243,75.97838,357.8681,244.7949,True,1,0,5
2.699226,0.05232072,0.07605428,-0.2011226,76.05764,357.8731,244.8014,True,1,0,5
2.702374,0.05238458,0.07614172,-0.2011956,76.05866,357.8446,244.7669,True,1,0,5
2.705791,0.05244365,0.07622266,-0.2012631,76.05959,357.8182,244.735,True,1,0,5
2.709255,0.05288035,0.07619157,-0.2015483,76.10751,358.1503,245.104,True,1,0,5
2.713211,0.05299069,0.07628764,-0.2016623,76.1109,358.1291,245.077,True,1,0,5
2.717445,0.05311326,0.07629557,-0.2019248,76.16103,358.2963,245.2676,True,1,0,5
2.72123,0.05318074,0.0763589,-0.2020143,76.16496,358.2866,245.2545,True,1,0,5
2.72451,0.05295692,0.07643941,-0.2020382,76.13197,357.9939,244.9537,True,1,0,5
2.727268,0.05299474,0.07648697,-0.2021086,76.13399,357.9786,244.9356,True,1,0,5
2.730259,0.05303962,0.07654348,-0.2021921,76.13638,357.9604,244.9141,True,1,0,5
2.732964,0.05294304,0.07656389,-0.2021074,76.09032,357.8595,244.8014,True,1,0,5
2.735622,0.05297058,0.07660361,-0.2021709,76.09094,357.8421,244.7811,True,1,0,5
2.738617,0.05300443,0.07665245,-0.202249,76.09181,357.8208,244.7561,True,1,0,5
2.741486,0.05272194,0.07660353,-0.2026534,76.19382,357.4188,244.3711,True,1,0,5
2.744534,0.05274551,0.0766529,-0.202751,76.19825,357.3813,244.3302,True,1,0,5
2.747971,0.05298004,0.07662098,-0.2031478,76.2896,357.5764,244.4961,True,1,0,5
2.750286,0.05300282,0.07665199,-0.2032243,76.29465,357.5562,244.473,True,1,0,5
2.752903,0.05302989,0.07668889,-0.2033153,76.3007,357.5323,244.4456,True,1,0,5
2.75584,0.05298678,0.07671429,-0.2033875,76.30457,357.3657,244.2563,True,1,0,5
2.759502,0.05302029,0.07675435,-0.203489,76.31142,357.3332,244.2191,True,1,0,5
2.762043,0.05304762,0.0767871,-0.2035719,76.31705,357.3066,244.1888,True,1,0,5
2.764858,0.05293464,0.07678322,-0.2035881,76.32223,357.1513,244.044,True,1,0,5
2.767231,0.05295584,0.07681233,-0.2036643,76.32793,357.1213,244.0105,True,1,0,5
2.771629,0.05298852,0.0768573,-0.203782,76.33668,357.0751,243.9588,True,1,0,5
2.774639,0.05297225,0.07684086,-0.203754,76.34712,357.1028,243.9904,True,1,0,5
2.777309,0.05298616,0.07686737,-0.2038195,76.3528,357.0729,243.9569,True,1,0,5
2.78038,0.05299865,0.07689129,-0.2038784,76.35791,357.0459,243.9268,True,1,0,5
2.783459,0.05295423,0.07686162,-0.2039977,76.41395,357.0064,243.8805,True,1,0,5
2.786213,0.05295982,0.07688345,-0.204051,76.42081,356.9774,243.8481,True,1,0,5
2.789139,0.05296653,0.07690972,-0.2041151,76.42912,356.9425,243.8091,True,1,0,5
2.792965,0.05283984,0.07690835,-0.2041484,76.44505,356.8509,243.7219,True,1,0,5
2.795643,0.0528369,0.07692719,-0.2041903,76.4509,356.826,243.6941,True,1,0,5
2.799225,0.05272754,0.07689616,-0.2042561,76.4674,356.7275,243.5948,True,1,0,5
2.802063,0.05271423,0.07691132,-0.2043043,76.47472,356.6956,243.5595,True,1,0,5
2.805016,0.05270349,0.07692353,-0.2043431,76.48057,356.6698,243.531,True,1,0,5
2.807766,0.05266925,0.07691078,-0.2043523,76.48045,356.6936,243.5591,True,1,0,5
2.810551,0.05265061,0.07692124,-0.2043936,76.48653,356.6667,243.5294,True,1,0,5
2.813847,0.05262995,0.0769328,-0.2044393,76.49329,356.6369,243.4964,True,1,0,5
2.817188,0.05259779,0.07692614,-0.2044593,76.49174,356.6716,243.5556,True,1,0,5
2.820602,0.05256997,0.07693499,-0.2045047,76.49799,356.644,243.5251,True,1,0,5
2.823704,0.05258408,0.07693078,-0.2045545,76.50729,356.698,243.6,True,1,0,5
2.826656,0.05256203,0.0769365,-0.2045869,76.51156,356.6792,243.5792,True,1,0,5
2.829708,0.05253528,0.07694344,-0.2046261,76.51671,356.6564,243.554,True,1,0,5
2.832436,0.05230505,0.07700525,-0.2045875,76.48551,356.3153,243.2176,True,1,0,5
2.835381,0.05227447,0.07701854,-0.2046323,76.48999,356.2792,243.179,True,1,0,5
2.839073,0.0522455,0.07703115,-0.2046747,76.49427,356.2449,243.1424,True,1,0,5
2.841877,0.05212865,0.07705218,-0.2046446,76.4783,356.1547,243.0623,True,1,0,5
2.844551,0.05209875,0.07706347,-0.2046815,76.4819,356.1261,243.0318,True,1,0,5
2.848248,0.05207157,0.07705219,-0.2047153,76.48997,356.1284,243.0468,True,1,0,5
2.851307,0.05203883,0.07706125,-0.2047502,76.49332,356.1011,243.0176,True,1,0,5
2.854706,0.05200408,0.07707091,-0.2047872,76.49691,356.0721,242.9867,True,1,0,5
2.863026,0.05187818,0.07708156,-0.2048243,76.48105,356.0225,242.9429,True,1,0,5
2.865967,0.0521293,0.0770012,-0.2049089,76.51648,356.3914,243.3244,True,1,0,5
2.868717,0.05209936,0.07699719,-0.2049432,76.52058,356.3798,243.3116,True,1,0,5
2.87183,0.0520726,0.07699358,-0.204974,76.52421,356.3694,243.3001,True,1,0,5
2.874943,0.05201918,0.07705328,-0.2049324,76.5079,356.2002,243.1241,True,1,0,5
2.877689,0.05199986,0.07705645,-0.2049624,76.51137,356.184,243.1066,True,1,0,5
2.881367,0.05197047,0.07707024,-0.2049437,76.50723,356.1009,243.0182,True,1,0,5
2.884659,0.05195801,0.07707474,-0.2049702,76.51059,356.0851,243.0011,True,1,0,5
2.887928,0.05194584,0.0770791,-0.204996,76.51387,356.0696,242.9843,True,1,0,5
2.89122,0.05178912,0.0770708,-0.2053713,76.6199,355.7596,242.7023,True,1,0,5
2.895405,0.05177793,0.07708338,-0.2054121,76.62711,355.7319,242.6743,True,1,0,5
2.898434,0.05166189,0.07704876,-0.2056208,76.69118,355.5317,242.4865,True,1,0,5
2.901524,0.05164945,0.07705955,-0.2056634,76.7001,355.4986,242.4535,True,1,0,5
2.905056,0.05163829,0.07706925,-0.2057015,76.70811,355.4689,242.4238,True,1,0,5
2.908276,0.05154162,0.07702714,-0.2059393,76.78996,355.2557,242.2263,True,1,0,5
2.910919,0.0515324,0.0770348,-0.2059747,76.79926,355.2233,242.1944,True,1,0,5
2.91407,0.05152307,0.07704253,-0.2060104,76.80872,355.1905,242.1621,True,1,0,5
2.916523,0.05143881,0.07702324,-0.2061066,76.84009,355.0497,242.0171,True,1,0,5
2.919193,0.05142868,0.07702933,-0.2061401,76.84949,355.016,241.9838,True,1,0,5
2.921875,0.05141739,0.07703616,-0.2061774,76.85987,354.9785,241.9467,True,1,0,5
2.925377,0.05141577,0.07702692,-0.2062375,76.87112,354.935,241.8735,True,1,0,5
2.928078,0.05140704,0.07703087,-0.2062726,76.8803,354.9017,241.8397,True,1,0,5
2.930801,0.05163274,0.07700855,-0.2065091,76.93348,355.1047,242.0288,True,1,0,5
2.934128,0.05163587,0.07701422,-0.2065769,76.94793,355.0667,241.9894,True,1,0,5
2.93782,0.05163864,0.0770193,-0.2066371,76.96073,355.0327,241.9544,True,1,0,5
2.940697,0.05171827,0.07697727,-0.2067946,77.00233,355.114,242.0236,True,1,0,5
54.27205,-0.04909355,0.07805713,-0.2129916,77.29915,3.560978,263.8694,True,9,1,4
54.27494,-0.04891502,0.07817851,-0.2127898,77.22195,3.742618,264.0616,True,9,1,4
54.27828,-0.04887261,0.07824852,-0.2127991,77.22639,3.730114,264.0686,True,9,1,4
54.28197,-0.04888175,0.07826619,-0.2126929,77.20667,4.045751,264.3325,True,9,1,4
54.28485,-0.04888264,0.07831082,-0.2126909,77.20937,4.045068,264.3445,True,9,1,4
54.28725,-0.0488834,0.07834817,-0.2126893,77.21167,4.044511,264.3546,True,9,1,4
54.2903,-0.04883359,0.0783506,-0.2125898,77.21394,4.275667,264.5715,True,9,1,4
54.29363,-0.04884731,0.07839118,-0.2125726,77.21677,4.280845,264.5894,True,9,1,4
54.29647,-0.04886007,0.07842889,-0.2125565,77.21939,4.285664,264.606,True,9,1,4
54.29926,-0.04876521,0.07839996,-0.2124741,77.2395,4.492541,264.8077,True,9,1,4
54.30201,-0.04877903,0.07843165,-0.2124411,77.24278,4.503902,264.8308,True,9,1,4
54.30499,-0.04879187,0.07846105,-0.2124105,77.24584,4.514473,264.8523,True,9,1,4
54.30798,-0.04887764,0.07831189,-0.2125999,77.37624,4.49445,264.8456,True,9,1,4
54.31185,-0.04890298,0.07833594,-0.2125354,77.38656,4.5095,264.8776,True,9,1,4
54.31513,-0.04886581,0.07828055,-0.212699,77.48191,4.544766,264.9225,True,9,1,4
54.31769,-0.04887353,0.07829192,-0.2126596,77.48977,4.553972,264.9413,True,9,1,4
54.31974,-0.04888,0.07830143,-0.2126265,77.49632,4.561735,264.9571,True,9,1,4
54.32175,-0.04888832,0.07831366,-0.2125842,77.50481,4.571714,264.9773,True,9,1,4
54.32484,-0.04892693,0.07827465,-0.2126878,77.57272,4.492959,264.9023,True,9,1,4
54.32787,-0.0489325,0.07828693,-0.2126366,77.58449,4.50218,264.9235,True,9,1,4
54.33101,-0.04898163,0.07822843,-0.2128125,77.65691,4.405171,264.8238,True,9,1,4
54.33414,-0.04898261,0.07823606,-0.2127676,77.67175,4.411873,264.8432,True,9,1,4
54.33701,-0.04898334,0.07824168,-0.2127348,77.68259,4.41681,264.8574,True,9,1,4
54.33972,-0.04903075,0.07820334,-0.2128594,77.71889,4.334782,264.7841,True,9,1,4
54.34241,-0.04903074,0.07820512,-0.2128388,77.73106,4.337379,264.7964,True,9,1,4
54.34488,-0.04903074,0.07820703,-0.2128167,77.74406,4.340187,264.8096,True,9,1,4
54.34765,-0.04903077,0.07820864,-0.2127983,77.7549,4.34255,264.8207,True,9,1,4
54.35012,-0.04908546,0.07816081,-0.2129068,77.76473,4.26752,264.7342,True,9,1,4
54.3526,-0.04908544,0.07815762,-0.2128991,77.77505,4.26972,264.7447,True,9,1,4
54.35495,-0.04908543,0.07815395,-0.2128902,77.78709,4.272285,264.7569,True,9,1,4
54.35841,-0.04914913,0.07812531,-0.2129871,77.78437,4.229187,264.6981,True,9,1,4
54.36108,-0.04915329,0.07811832,-0.2129944,77.79448,4.231308,264.7083,True,9,1,4
54.3636,-0.04915716,0.07811187,-0.213001,77.80386,4.233287,264.7178,True,9,1,4
54.36617,-0.04920111,0.07810231,-0.2130386,77.7766,4.243069,264.7031,True,9,1,4
54.36958,-0.04921376,0.07809065,-0.2130656,77.78744,4.245352,264.7141,True,9,1,4
54.37209,-0.04922366,0.0780815,-0.2130868,77.79594,4.247122,264.7226,True,9,1,4
54.37967,-0.04897106,0.07798946,-0.2132038,77.79092,4.790308,265.2544,True,9,1,4
54.38278,-0.04889444,0.07797888,-0.2131153,77.73492,4.978019,265.4421,True,9,1,4
54.38561,-0.048908,0.07795699,-0.2131536,77.74168,4.9995,265.4701,True,9,1,4
54.38799,-0.04891991,0.07793775,-0.2131872,77.7476,5.018386,265.4947,True,9,1,4
54.39143,-0.04876066,0.07796027,-0.2131623,77.71183,5.336535,265.8098,True,9,1,4
54.39466,-0.04877421,0.07794069,-0.2132057,77.71759,5.367327,265.8471,True,9,1,4
54.39787,-0.04906927,0.07792386,-0.2130658,77.67869,5.071142,265.5889,True,9,1,4
54.40073,-0.04909987,0.07790031,-0.2131025,77.68327,5.092297,265.6178,True,9,1,4
54.4038,-0.04912688,0.07787952,-0.2131349,77.68729,5.111034,265.6434,True,9,1,4
54.40714,-0.04896169,0.07790883,-0.2131629,77.68608,5.341567,265.8943,True,9,1,4
54.41026,-0.04898081,0.0778929,-0.2131984,77.69044,5.368395,265.9291,True,9,1,4
54.41337,-0.04900253,0.07787478,-0.2132388,77.69531,5.398927,265.9688,True,9,1,4
54.4173,-0.04886487,0.07788414,-0.2132396,77.69855,5.526904,266.1069,True,9,1,4
54.42013,-0.04886942,0.07787302,-0.2132666,77.70233,5.553524,266.1408,True,9,1,4
54.42266,-0.0488741,0.07786158,-0.2132944,77.70623,5.58093,266.1756,True,9,1,4
54.42599,-0.0491413,0.07783227,-0.2130924,77.67081,5.150382,265.7518,True,9,1,4
54.4297,-0.04915146,0.07781178,-0.2131101,77.67433,5.167238,265.7781,True,9,1,4
54.43286,-0.04928536,0.0778037,-0.2130083,77.65809,4.929168,265.5414,True,9,1,4
54.43571,-0.04929096,0.07778952,-0.2130141,77.66001,4.934687,265.5532,True,9,1,4
54.4382,-0.0492965,0.07777549,-0.2130197,77.66193,4.940128,265.5648,True,9,1,4
54.44121,-0.04935572,0.07777525,-0.2129505,77.65976,4.833833,265.457,True,9,1,4
54.44457,-0.04936003,0.07775661,-0.2129486,77.66238,4.841274,265.4729,True,9,1,4
54.44852,-0.04938876,0.07774398,-0.2129296,77.67682,4.806869,265.4364,True,9,1,4
54.45159,-0.0493915,0.07773082,-0.2129194,77.67875,4.812397,265.4483,True,9,1,4
54.45458,-0.04939404,0.07771863,-0.21291,77.68061,4.817511,265.4592,True,9,1,4
54.45803,-0.04933284,0.07771401,-0.2126305,77.62607,4.943316,265.5692,True,9,1,4
54.4614,-0.04933702,0.07769857,-0.2126024,77.62614,4.952623,265.5839,True,9,1,4
54.46415,-0.04934081,0.07768464,-0.2125771,77.62613,4.961011,265.5971,True,9,1,4
54.46684,-0.04931454,0.0776725,-0.2124821,77.62019,5.024863,265.6523,True,9,1,4
54.46951,-0.04931935,0.07766038,-0.2124548,77.62019,5.031413,265.6627,True,9,1,4
54.47249,-0.04932578,0.07764414,-0.2124183,77.62024,5.040187,265.6765,True,9,1,4
54.47552,-0.04916003,0.07760191,-0.2124163,77.64637,5.393397,266.0215,True,9,1,4
54.48244,-0.04909034,0.07751955,-0.2124846,77.70855,5.55495,266.1902,True,9,1,4
54.48556,-0.04909333,0.07750311,-0.2124468,77.71067,5.573999,266.2132,True,9,1,4
54.48833,-0.04909693,0.07748345,-0.2124015,77.71314,5.596836,266.2407,True,9,1,4
54.49215,-0.04890563,0.07742824,-0.2125271,77.77209,5.856678,266.4606,True,9,1,4
54.49483,-0.04889856,0.07741146,-0.2124926,77.77576,5.882599,266.489,True,9,1,4
54.49736,-0.048892,0.07739589,-0.2124605,77.77917,5.906689,266.5155,True,9,1,4
54.49993,-0.0487887,0.07736526,-0.2126021,77.83273,6.015152,266.5972,True,9,1,4
54.50368,-0.04877035,0.07734652,-0.2125652,77.83875,6.050023,266.6344,True,9,1,4
54.50685,-0.04890908,0.0772609,-0.2128582,77.94455,5.771735,266.3506,True,9,1,4
54.51025,-0.04888368,0.07723962,-0.2128356,77.95433,5.796239,266.3772,True,9,1,4
54.51372,-0.04885647,0.07721685,-0.2128114,77.96468,5.822545,266.4058,True,9,1,4
54.51701,-0.04893158,0.07716742,-0.2129444,78.02293,5.635924,266.2382,True,9,1,4
54.51985,-0.04890751,0.07714975,-0.2129304,78.03204,5.65016,266.2546,True,9,1,4
54.52283,-0.04893151,0.07710668,-0.213021,78.07237,5.548391,266.1529,True,9,1,4
54.53261,-0.04847485,0.07699203,-0.2131342,78.13695,6.040071,266.587,True,9,1,4
54.53497,-0.04843345,0.07697026,-0.2131306,78.14712,6.062539,266.6096,True,9,1,4
54.53753,-0.04839834,0.07695183,-0.2131275,78.15577,6.081634,266.6289,True,9,1,4
54.54036,-0.04816068,0.07690553,-0.2132297,78.18256,6.35779,266.8643,True,9,1,4
54.54406,-0.04808604,0.07687001,-0.2132341,78.19852,6.402458,266.9076,True,9,1,4
54.54747,-0.04803108,0.0768439,-0.2132373,78.21025,6.435434,266.9396,True,9,1,4
54.55011,-0.04782138,0.07679087,-0.2132653,78.20955,6.666489,267.1538,True,9,1,4
54.55338,-0.04775415,0.07675725,-0.2132745,78.22194,6.708693,267.1944,True,9,1,4
54.55713,-0.04756032,0.0766996,-0.2133175,78.24068,6.905131,267.4007,True,9,1,4
54.56077,-0.0474875,0.07666376,-0.2133288,78.2531,6.952353,267.4467,True,9,1,4
54.56436,-0.04741025,0.07657668,-0.2134772,78.30664,7.040411,267.5368,True,9,1,4
54.56789,-0.04732893,0.07653092,-0.2134951,78.32214,7.09566,267.5909,True,9,1,4
54.57059,-0.04727758,0.07650208,-0.2135064,78.33196,7.130622,267.625,True,9,1,4
54.57378,-0.04720722,0.07641403,-0.2136515,78.38786,7.232526,267.731,True,9,1,4
54.57669,-0.04714731,0.07637575,-0.2136676,78.40082,7.27659,267.7743,True,9,1,4
54.57921,-0.04708738,0.07633755,-0.2136838,78.41383,7.320782,267.8177,True,9,1,4
54.58222,-0.04707309,0.07615377,-0.2139494,78.52802,7.357137,267.8979,True,9,1,4
54.5848,-0.04702056,0.07610849,-0.2139627,78.54218,7.396694,267.9379,True,9,1,4
54.58763,-0.04696224,0.07605825,-0.2139776,78.5579,7.44073,267.9825,True,9,1,4
54.59116,-0.04697984,0.07591724,-0.2143095,78.69675,7.267268,267.8699,True,9,1,4
54.59457,-0.04690778,0.0758608,-0.2143303,78.71761,7.308594,267.9137,True,9,1,4
54.59715,-0.04684827,0.07581428,-0.2143475,78.73488,7.34283,267.95,True,9,1,4
54.59992,-0.0465439,0.07568905,-0.2142167,78.70537,7.678642,268.2648,True,9,1,4
54.60255,-0.0464859,0.07563952,-0.2142268,78.71905,7.714566,268.3019,True,9,1,4
54.6045,-0.04643445,0.07559563,-0.2142358,78.73121,7.746483,268.335,True,9,1,4
54.60712,-0.04610552,0.07554008,-0.2141178,78.6852,8.046828,268.566,True,9,1,4
54.60999,-0.04601837,0.07547365,-0.214132,78.70072,8.099004,268.6179,True,9,1,4
54.61391,-0.04587115,0.07536085,-0.2141301,78.70684,8.131917,268.6071,True,9,1,4
54.6171,-0.0457798,0.07529154,-0.2141468,78.72163,8.181931,268.6559,True,9,1,4
54.61979,-0.04569317,0.0752259,-0.2141626,78.73561,8.229468,268.7023,True,9,1,4
54.6255,-0.04546607,0.075038,-0.214263,78.76736,8.378831,268.8115,True,9,1,4
54.63392,-0.0452677,0.07471323,-0.2145196,78.85846,8.4203,268.8688,True,9,1,4
54.63735,-0.04517196,0.07462595,-0.2145542,78.87511,8.470722,268.9177,True,9,1,4
54.64074,-0.0445232,0.07442553,-0.2150853,79.02148,9.285169,269.838,True,9,1,4
54.64368,-0.04439755,0.07433407,-0.2151356,79.04173,9.361129,269.9156,True,9,1,4
54.64706,-0.04423686,0.07421735,-0.2151999,79.06768,9.458654,270.0154,True,9,1,4
54.65018,-0.04406283,0.07409805,-0.2150399,79.02592,9.485605,269.9943,True,9,1,4
54.65263,-0.04395353,0.07401618,-0.2150754,79.04104,9.547584,270.0564,True,9,1,4
54.65481,-0.04385383,0.07394163,-0.2151078,79.05477,9.60427,270.1131,True,9,1,4
54.65777,-0.04366064,0.07386181,-0.2149236,78.99436,9.681471,270.1579,True,9,1,4
54.6612,-0.04351295,0.07375205,-0.2149659,79.01163,9.764281,270.2396,True,9,1,4
54.66474,-0.04366146,0.07349917,-0.2151188,79.07504,9.550633,270.0012,True,9,1,4
54.66769,-0.04352441,0.07336015,-0.2151683,79.09553,9.63037,270.0789,True,9,1,4
54.67106,-0.04341672,0.07325107,-0.2152072,79.11161,9.693184,270.1402,True,9,1,4
54.67379,-0.04300997,0.07307585,-0.2153126,79.13675,10.26493,270.721,True,9,1,4
54.67709,-0.04287163,0.07293566,-0.2153592,79.15617,10.35936,270.8139,True,9,1,4
54.68082,-0.04264807,0.07280791,-0.2155038,79.20517,10.19398,270.6689,True,9,1,4
54.68417,-0.04248964,0.07268749,-0.2155536,79.22363,10.27241,270.7465,True,9,1,4
54.6925,-0.04206973,0.07223096,-0.215817,79.32779,10.41526,270.8809,True,9,1,4
54.69704,-0.04185159,0.0720543,-0.215884,79.35478,10.51899,270.9834,True,9,1,4
54.70096,-0.0415227,0.07191756,-0.2160393,79.40642,10.8203,271.282,True,9,1,4
54.70413,-0.04136812,0.07180217,-0.216087,79.42567,10.899,271.3598,True,9,1,4
54.70815,-0.04087833,0.07170317,-0.2162696,79.45637,10.9793,271.4444,True,9,1,4
54.71168,-0.04062861,0.07156423,-0.216349,79.48116,11.08053,271.5446,True,9,1,4
54.71465,-0.04057379,0.07150564,-0.2165554,79.47638,10.66573,271.0543,True,9,1,4
54.71738,-0.04037678,0.07140729,-0.2166477,79.494,10.72577,271.1115,True,9,1,4
54.71987,-0.0402001,0.07131921,-0.2167305,79.50979,10.77977,271.163,True,9,1,4
54.72328,-0.03983103,0.07128805,-0.2169121,79.46371,10.32724,270.6323,True,9,1,4
54.72702,-0.03954447,0.0711813,-0.2170677,79.4827,10.38087,270.68,True,9,1,4
54.73064,-0.03923403,0.07106586,-0.2172363,79.50332,10.43915,270.732,True,9,1,4
54.73463,-0.03915526,0.07105598,-0.2174475,79.48258,9.51687,269.7917,True,9,1,4
54.73813,-0.03886633,0.07096963,-0.2176206,79.49918,9.535361,269.8044,True,9,1,4
54.74143,-0.03889626,0.07093772,-0.2175411,79.4484,8.990925,269.2458,True,9,1,4
54.74671,-0.03840595,0.07079071,-0.2178376,79.47404,8.990802,269.235,True,9,1,4
54.74966,-0.03850076,0.07083122,-0.2175203,79.38551,8.562285,268.7599,True,9,1,4
54.75225,-0.03829251,0.07077029,-0.2176371,79.39464,8.54982,268.7413,True,9,1,4
54.75464,-0.03810222,0.07071471,-0.2177439,79.40296,8.5384,268.7242,True,9,1,4
54.75788,-0.03797204,0.07065669,-0.2177107,79.39286,8.506314,268.7115,True,9,1,4
54.76206,-0.03768571,0.07056825,-0.2178612,79.4053,8.489193,268.6859,True,9,1,4
54.76651,-0.03739612,0.0704973,-0.218134,79.49249,8.797976,268.9926,True,9,1,4
54.76982,-0.03720069,0.07043895,-0.2182341,79.50402,8.794652,268.9831,True,9,1,4
54.77265,-0.03702212,0.07038575,-0.2183255,79.51463,8.791661,268.9745,True,9,1,4
54.77595,-0.03678918,0.07035027,-0.2186681,79.61115,8.805095,268.9889,True,9,1,4
54.77947,-0.03653237,0.07028723,-0.2188003,79.62929,8.801495,268.9777,True,9,1,4
54.78296,-0.03626613,0.0701526,-0.2191872,79.7456,9.103031,269.2622,True,9,1,4
54.78582,-0.03607624,0.07010004,-0.219288,79.76232,9.109967,269.263,True,9,1,4
54.78892,-0.03590658,0.06997022,-0.219747,79.87028,8.843938,269.0172,True,9,1,4
54.79387,-0.03558329,0.06988169,-0.2199377,79.90104,8.840707,269.0057,True,9,1,4
54.79768,-0.03532412,0.069811,-0.2200906,79.92579,8.838061,268.9964,True,9,1,4
54.80106,-0.03499129,0.06973216,-0.2202864,79.94066,8.992999,269.1343,True,9,1,4
54.80413,-0.034798,0.06967825,-0.2204067,79.95874,8.995615,269.1317,True,9,1,4
54.80769,-0.03465601,0.06963216,-0.2204289,79.93616,8.827339,268.8748,True,9,1,4
54.81139,-0.03438839,0.06955554,-0.2206005,79.9603,8.823412,268.86,True,9,1,4
54.81494,-0.03414821,0.06946471,-0.2208211,80.00082,8.861385,268.9149,True,9,1,4
54.81773,-0.0339573,0.06940842,-0.2209442,80.01795,8.85969,268.9063,True,9,1,4
54.82024,-0.03378728,0.06935841,-0.2210538,80.03325,8.85814,268.8986,True,9,1,4
54.82333,-0.03354096,0.06928615,-0.2212127,80.05535,8.855877,268.8875,True,9,1,4
54.82713,-0.03314544,0.06921989,-0.221102,80.00908,9.073182,269.0463,True,9,1,4
54.83134,-0.03255668,0.06906404,-0.2212571,80.02067,9.785896,269.7795,True,9,1,4
54.8348,-0.03229233,0.06896918,-0.221402,80.04102,9.821393,269.805,True,9,1,4
54.83778,-0.03211059,0.06890406,-0.2215017,80.05493,9.84586,269.8226,True,9,1,4
54.84084,-0.03175922,0.0687864,-0.2215888,80.05849,10.34721,270.2649,True,9,1,4
54.84396,-0.03151482,0.06868611,-0.2217242,80.07782,10.40149,270.3074,True,9,1,4
54.84818,-0.03126416,0.06857444,-0.2217603,80.06091,10.49886,270.3242,True,9,1,4
54.85175,-0.03103313,0.06847268,-0.2218888,80.07801,10.55233,270.364,True,9,1,4
54.85488,-0.03081845,0.06837821,-0.2220082,80.09397,10.60218,270.4011,True,9,1,4
54.8581,-0.03069962,0.06816196,-0.2226491,80.25644,10.46831,270.3489,True,9,1,4
54.86137,-0.03049562,0.06806768,-0.2227825,80.2757,10.50893,270.3809,True,9,1,4
54.8652,-0.0304541,0.06788917,-0.2230369,80.32795,10.20767,270.0506,True,9,1,4
54.86857,-0.03022156,0.06776956,-0.2232025,80.35186,10.24189,270.0739,True,9,1,4
54.87173,-0.03003583,0.06767417,-0.2233348,80.37088,10.26936,270.0925,True,9,1,4
54.87527,-0.03004148,0.06749098,-0.2234411,80.39271,9.971461,269.7354,True,9,1,4
54.87856,-0.0298153,0.06735565,-0.2236091,80.4175,9.993732,269.7444,True,9,1,4
54.8823,-0.02930126,0.06710911,-0.2239986,80.50134,10.7829,270.5911,True,9,1,4
54.8852,-0.02912443,0.06699154,-0.2241313,80.52213,10.82509,270.6251,True,9,1,4
54.88782,-0.02896761,0.06688738,-0.2242491,80.54055,10.86264,270.6555,True,9,1,4
54.89127,-0.0283912,0.0667688,-0.2239578,80.41243,11.32571,271.0619,True,9,1,4
54.89503,-0.0281896,0.06663963,-0.2240839,80.42989,11.38409,271.1101,True,9,1,4
54.89835,-0.02803306,0.0664876,-0.2243235,80.49407,11.26894,271.0077,True,9,1,4
54.90159,-0.02779173,0.06633902,-0.2244696,80.51569,11.33047,271.0584,True,9,1,4
54.90453,-0.02762425,0.06623603,-0.224571,80.53062,11.37333,271.0937,True,9,1,4
54.90729,-0.02739015,0.0661208,-0.224911,80.59284,11.58208,271.2936,True,9,1,4
54.91055,-0.02715408,0.06597939,-0.2250704,80.6156,11.64963,271.3505,True,9,1,4
54.91461,-0.02718714,0.06588009,-0.2252139,80.64964,11.21235,270.8937,True,9,1,4
54.9175,-0.02701063,0.0657765,-0.2253385,80.66782,11.25005,270.9228,True,9,1,4
54.92021,-0.02684391,0.06567882,-0.2254561,80.68506,11.28574,270.9503,True,9,1,4
54.92374,-0.02676052,0.0655361,-0.2256198,80.72057,10.80349,270.4783,True,9,1,4
54.92814,-0.02651193,0.06539853,-0.2257888,80.74564,10.83427,270.4982,True,9,1,4
54.93165,-0.02607326,0.06531109,-0.2259184,80.75618,11.31397,270.9937,True,9,1,4
54.93437,-0.02586708,0.06520388,-0.2260516,80.77606,11.35479,271.0266,True,9,1,4
54.93745,-0.0256828,0.06510819,-0.2261707,80.79385,11.39142,271.0561,True,9,1,4
54.94123,-0.02543243,0.06501716,-0.226301,80.8257,11.83688,271.5345,True,9,1,4
54.95277,-0.02486142,0.0645799,-0.2266995,80.90158,12.21531,271.844,True,9,1,4
54.95593,-0.02449815,0.06452669,-0.2267956,80.90759,12.5955,272.1971,True,9,1,4
54.95876,-0.02435134,0.06444067,-0.2268902,80.92412,12.65681,272.2511,True,9,1,4
54.96179,-0.02418291,0.06434214,-0.2269988,80.94314,12.72734,272.3133,True,9,1,4
54.96485,-0.0241827,0.06427734,-0.2269722,80.93358,12.6146,272.2002,True,9,1,4
54.96875,-0.02397983,0.06415097,-0.2271041,80.95665,12.70007,272.2756,True,9,1,4
54.97209,-0.02383115,0.06405844,-0.2272007,80.97348,12.76295,272.3311,True,9,1,4
54.97476,-0.02352562,0.06401737,-0.2272931,80.974,13.16292,272.7526,True,9,1,4
54.97801,-0.02334186,0.06391181,-0.2274108,80.99353,13.25153,272.8333,True,9,1,4
54.98144,-0.02277088,0.06377164,-0.2275361,81.01334,14.18468,273.6956,True,9,1,4
54.98475,-0.02258866,0.06366621,-0.2276339,81.03117,14.29823,273.7997,True,9,1,4
54.98743,-0.02244085,0.0635808,-0.2277131,81.04565,14.39063,273.8844,True,9,1,4
54.99,-0.02236992,0.06351349,-0.2281246,81.16148,14.37707,273.9183,True,9,1,4
54.99361,-0.02218375,0.06341837,-0.2282367,81.18276,14.489,274.0227,True,9,1,4
54.99665,-0.02201415,0.06333189,-0.2283388,81.20208,14.59134,274.1182,True,9,1,4
54.99968,-0.02191049,0.06314099,-0.2285322,81.23767,14.53244,274.1092,True,9,1,4
55.00368,-0.02171621,0.0630272,-0.2286607,81.26073,14.6462,274.2172,True,9,1,4
55.00687,-0.02169201,0.06290573,-0.2289075,81.34517,14.38122,273.9413,True,9,1,4
55.00977,-0.02152232,0.06281005,-0.2290175,81.36665,14.4668,274.0218,True,9,1,4
55.01252,-0.02135473,0.06271572,-0.2291262,81.38787,14.55159,274.1017,True,9,1,4
55.01623,-0.02115547,0.06260376,-0.2292553,81.41304,14.653,274.1972,True,9,1,4
55.01972,-0.0206905,0.06252681,-0.2292866,81.40669,15.03441,274.6142,True,9,1,4
55.02283,-0.02042411,0.062481,-0.22922,81.39061,15.34865,274.8983,True,9,1,4
55.02586,-0.02026615,0.06240539,-0.2292973,81.40737,15.4387,274.9843,True,9,1,4
55.02865,-0.02009489,0.06232351,-0.2293811,81.42545,15.53672,275.0778,True,9,1,4
55.03223,-0.0198669,0.06221472,-0.2294926,81.44953,15.66782,275.2029,True,9,1,4
55.03558,-0.01966536,0.06205477,-0.2294017,81.43893,15.83477,275.3396,True,9,1,4
55.03872,-0.01949823,0.06196402,-0.2294717,81.45594,15.93474,275.4344,True,9,1,4
55.04114,-0.01950401,0.06184107,-0.2295079,81.50192,15.81117,275.2987,True,9,1,4
55.04362,-0.01934417,0.06174645,-0.2295666,81.51974,15.90451,275.3868,True,9,1,4
55.04781,-0.01901132,0.06162602,-0.2299205,81.60819,16.29036,275.796,True,9,1,4
55.05212,-0.01878913,0.06150866,-0.2300155,81.63432,16.42866,275.9285,True,9,1,4
55.05537,-0.01857936,0.06139815,-0.2301051,81.65894,16.55995,276.0544,True,9,1,4
55.05877,-0.01812528,0.06138623,-0.2303638,81.73181,17.09437,276.6239,True,9,1,4
55.06228,-0.01789588,0.06129491,-0.2304526,81.75735,17.24067,276.7663,True,9,1,4
55.06572,-0.01799626,0.06116527,-0.2306221,81.82797,16.74323,276.3103,True,9,1,4
55.06875,-0.01778878,0.06107526,-0.2307129,81.85392,16.86048,276.4255,True,9,1,4
55.07214,-0.01759901,0.06099315,-0.2307958,81.87762,16.96831,276.5314,True,9,1,4
55.0749,-0.01763913,0.06090751,-0.2308686,81.88347,16.72134,276.2599,True,9,1,4
55.07782,-0.01744145,0.06081246,-0.2309729,81.90952,16.83032,276.3659,True,9,1,4
55.08136,-0.01721066,0.0605921,-0.2309202,81.90935,17.37325,276.8659,True,9,1,4
55.08507,-0.01702257,0.06046583,-0.2310068,81.936,17.50914,276.9971,True,9,1,4
55.0883,-0.0168318,0.06033807,-0.2310946,81.96295,17.64781,277.131,True,9,1,4
55.09164,-0.01653316,0.06025942,-0.2309622,81.91697,18.09353,277.5149,True,9,1,4
55.09515,-0.01635373,0.06013709,-0.2310339,81.94005,18.23945,277.6541,True,9,1,4
55.09797,-0.01606068,0.06009077,-0.2311243,81.9363,18.38693,277.8558,True,9,1,4
55.1012,-0.01586592,0.05997941,-0.231208,81.95787,18.53063,277.995,True,9,1,4
55.10427,-0.01571547,0.05989355,-0.2312727,81.97444,18.64209,278.103,True,9,1,4
55.10683,-0.01573134,0.05978149,-0.2312736,81.97278,18.28571,277.7665,True,9,1,4
55.10976,-0.01554862,0.05967236,-0.2313538,81.99104,18.40781,277.8848,True,9,1,4
55.11327,-0.01534169,0.05954894,-0.2314446,82.01176,18.54666,278.0194,True,9,1,4
55.11696,-0.01542032,0.05944914,-0.2314339,82.01618,18.03839,277.4999,True,9,1,4
55.1205,-0.0152296,0.05933158,-0.2315226,82.03529,18.15123,277.6086,True,9,1,4
55.12331,-0.0150805,0.05918728,-0.2316955,82.09978,18.2028,277.7211,True,9,1,4
55.1263,-0.01492381,0.05909072,-0.2317635,82.11623,18.29207,277.8089,True,9,1,4
55.1295,-0.01474389,0.05898002,-0.2318415,82.13519,18.39502,277.9101,True,9,1,4
55.134,-0.01452283,0.0587621,-0.2322376,82.24033,18.7621,278.29,True,9,1,4
55.13712,-0.01437765,0.05866612,-0.2323116,82.25823,18.85687,278.3838,True,9,1,4
55.14008,-0.01443725,0.05857582,-0.2323116,82.26624,18.91897,278.4378,True,9,1,4
55.14265,-0.0143196,0.05848077,-0.2323796,82.28387,19.01369,278.5313,True,9,1,4
55.14584,-0.01417444,0.05836372,-0.2324634,82.30547,19.13104,278.6471,True,9,1,4
55.14985,-0.01398885,0.05830446,-0.2322388,82.21079,19.24018,278.6887,True,9,1,4
55.15273,-0.01387198,0.05820678,-0.2323075,82.22595,19.34061,278.7858,True,9,1,4
55.15592,-0.01362747,0.05808267,-0.2324109,82.22976,19.44353,278.876,True,9,1,4
55.15876,-0.01351397,0.05799629,-0.2324772,82.24227,19.52918,278.9587,True,9,1,4
55.16163,-0.01338548,0.05789861,-0.2325521,82.25658,19.62643,279.0526,True,9,1,4
55.1643,-0.01326342,0.05780591,-0.2326233,82.27011,19.71916,279.1421,True,9,1,4
55.16761,-0.01318055,0.05757676,-0.2330178,82.38078,19.56092,279.016,True,9,1,4
55.17038,-0.01305238,0.05747883,-0.233099,82.3963,19.64411,279.097,True,9,1,4
55.1735,-0.01276858,0.05739133,-0.2330406,82.34562,20.02985,279.4406,True,9,1,4
55.17587,-0.01265254,0.05730113,-0.2331131,82.35807,20.11376,279.5216,True,9,1,4
55.17859,-0.01250698,0.05718809,-0.2332041,82.37363,20.21939,279.6235,True,9,1,4
55.18222,-0.01228079,0.05710743,-0.232966,82.26787,20.24426,279.5716,True,9,1,4
55.18492,-0.01215008,0.05700412,-0.2330454,82.27872,20.33642,279.6584,True,9,1,4
55.18821,-0.01199079,0.05687837,-0.2331421,82.29192,20.44896,279.7646,True,9,1,4
55.19102,-0.01193716,0.05675575,-0.233091,82.26548,20.17877,279.4573,True,9,1,4
55.19344,-0.01182953,0.05666806,-0.2331562,82.27357,20.24567,279.5193,True,9,1,4
55.1964,-0.01168998,0.05655445,-0.2332406,82.28403,20.33264,279.5999,True,9,1,4
55.19958,-0.01165749,0.05644003,-0.2335014,82.34601,20.0462,279.4332,True,9,1,4
55.20871,-0.01137024,0.05605406,-0.2337066,82.37209,19.97883,279.4144,True,9,1,4
55.21175,-0.01121003,0.05591775,-0.2338142,82.38547,20.05765,279.4919,True,9,1,4
55.21539,-0.01109624,0.05585662,-0.2338059,82.35976,20.09233,279.5207,True,9,1,4
55.21864,-0.01095764,0.05573736,-0.2339042,82.371,20.15946,279.5866,True,9,1,4
55.22154,-0.01083296,0.05563015,-0.2339926,82.38125,20.21989,279.646,True,9,1,4
55.2243,-0.01074934,0.05549519,-0.2339783,82.35389,19.93537,279.2953,True,9,1,4
55.22739,-0.01062181,0.05538452,-0.2340689,82.36293,19.9848,279.3421,True,9,1,4
55.22964,-0.01052255,0.05529843,-0.2341394,82.36977,20.02339,279.3786,True,9,1,4
55.23275,-0.01051507,0.05519126,-0.2340595,82.33691,19.6458,278.9566,True,9,1,4
55.23598,-0.0103891,0.05507855,-0.2341486,82.34491,19.68355,278.9904,True,9,1,4
55.23929,-0.01022269,0.05503651,-0.2339952,82.26891,19.44865,278.7452,True,9,1,4
55.24283,-0.01006597,0.05491225,-0.2341013,82.27605,19.48494,278.7769,True,9,1,4
55.24615,-0.009907288,0.05478649,-0.2342088,82.28327,19.52164,278.8089,True,9,1,4
55.25032,-0.009920363,0.05457114,-0.2346217,82.38544,19.43747,278.6959,True,9,1,4
55.25358,-0.009783735,0.05444869,-0.2347329,82.3953,19.46755,278.7209,True,9,1,4
55.25734,-0.009816987,0.05419181,-0.2349143,82.43745,18.60207,277.895,True,9,1,4
55.26135,-0.009653698,0.05404668,-0.2350441,82.44903,18.60077,277.8899,True,9,1,4
55.2637,-0.009542384,0.05394781,-0.2351325,82.45692,18.59985,277.8864,True,9,1,4
55.26746,-0.009063148,0.05389085,-0.235354,82.41036,18.83089,278.1583,True,9,1,4
55.2716,-0.008862784,0.05375053,-0.2355232,82.4206,18.83677,278.1616,True,9,1,4
55.27467,-0.008909473,0.05357142,-0.2357373,82.46655,18.27689,277.5777,True,9,1,4
55.27756,-0.008737376,0.05344453,-0.2358877,82.47622,18.26502,277.563,True,9,1,4
55.28096,-0.008569473,0.05332084,-0.2360345,82.48576,18.25344,277.5487,True,9,1,4
55.28493,-0.008441907,0.05320227,-0.2358155,82.40005,18.16754,277.4402,True,9,1,4
55.288,-0.008298276,0.0530843,-0.2359354,82.40617,18.15419,277.4236,True,9,1,4
55.29123,-0.007967818,0.05305053,-0.2356063,82.26305,18.23795,277.5119,True,9,1,4
55.29426,-0.007842978,0.05295515,-0.2356957,82.26431,18.22931,277.5007,True,9,1,4
55.29643,-0.00773563,0.05287313,-0.2357726,82.26543,18.22189,277.4911,True,9,1,4
55.29981,-0.00777445,0.05284512,-0.2356011,82.17226,17.54339,276.7813,True,9,1,4
55.31145,-0.007429059,0.05238746,-0.2360046,82.18606,16.88215,276.1701,True,9,1,4
55.31474,-0.007306656,0.05230889,-0.2361382,82.18832,16.90452,276.2293,True,9,1,4
55.31757,-0.007172365,0.0522047,-0.2362466,82.18742,16.86361,276.1865,True,9,1,4
55.32093,-0.00702514,0.05209045,-0.2363655,82.18632,16.81879,276.1397,True,9,1,4
55.32379,-0.00680883,0.05202928,-0.2364819,82.17472,17.1867,276.4879,True,9,1,4
55.32699,-0.006683626,0.05192706,-0.2365931,82.17386,17.14853,276.448,True,9,1,4
55.33001,-0.006568204,0.05183284,-0.2366956,82.17309,17.11333,276.4112,True,9,1,4
55.33273,-0.006285508,0.05161843,-0.2367274,82.14192,17.36747,276.5917,True,9,1,4
55.33712,-0.00610303,0.05145121,-0.2368757,82.13938,17.32779,276.5464,True,9,1,4
55.34055,-0.005734842,0.05135933,-0.2366112,82.01343,17.64094,276.8116,True,9,1,4
55.34359,-0.005608105,0.05124405,-0.2366968,82.0079,17.62469,276.7901,True,9,1,4
55.34633,-0.00547746,0.05112517,-0.2367851,82.00227,17.60792,276.768,True,9,1,4
55.34922,-0.005275721,0.05107555,-0.236772,81.96921,17.50853,276.6246,True,9,1,4
55.35231,-0.005124995,0.05095772,-0.2368626,81.96232,17.48858,276.5977,True,9,1,4
55.35506,-0.004957752,0.05082691,-0.2369632,81.95473,17.46638,276.5679,True,9,1,4
55.3598,-0.0049035,0.05063294,-0.2371611,81.98524,16.86803,275.8446,True,9,1,4
55.36329,-0.004724723,0.0504984,-0.2372686,81.97899,16.8265,275.7914,True,9,1,4
55.36584,-0.004617373,0.05044115,-0.2372704,81.98771,16.29334,275.0724,True,9,1,4
55.3691,-0.004393896,0.05030257,-0.2373778,81.98139,16.22915,274.9886,True,9,1,4
55.37233,-0.004229341,0.05020048,-0.237457,81.9767,16.18197,274.927,True,9,1,4
55.37553,-0.004521515,0.05003716,-0.2379423,82.14388,15.29576,273.9008,True,9,1,4
55.37803,-0.004366774,0.04993691,-0.2380286,82.1439,15.2239,273.8109,True,9,1,4
55.38074,-0.004233379,0.04985049,-0.238103,82.14402,15.16195,273.7335,True,9,1,4
55.38326,-0.003980837,0.04973775,-0.2380098,82.08143,15.39027,273.7802,True,9,1,4
55.3863,-0.003811009,0.04961881,-0.2381005,82.07957,15.31971,273.6841,True,9,1,4
55.38911,-0.003631928,0.04949334,-0.2381965,82.07744,15.24532,273.5829,True,9,1,4
55.39268,-0.003500199,0.0493525,-0.2381038,82.01289,14.79815,273.0988,True,9,1,4
55.39523,-0.003361161,0.04925413,-0.238176,82.00967,14.73418,273.0146,True,9,1,4
55.39799,-0.003283921,0.04917412,-0.2380783,81.97275,14.48236,272.6592,True,9,1,4
55.40081,-0.00310233,0.04904439,-0.2381629,81.9672,14.39051,272.5373,True,9,1,4
55.40446,-0.002928727,0.04892027,-0.2382441,81.9619,14.30284,272.4208,True,9,1,4
55.40744,-0.002959797,0.04884565,-0.2381907,81.94085,14.09604,272.1769,True,9,1,4
55.41489,-0.002432007,0.04860179,-0.2381224,81.85401,14.08997,272.1155,True,9,1,4
55.41875,-0.002258607,0.04847302,-0.2381867,81.84469,13.9974,271.991,True,9,1,4
55.42157,-0.002103481,0.04835771,-0.2382445,81.83624,13.91467,271.8797,True,9,1,4
55.4253,-0.002278239,0.0482067,-0.2384915,81.88487,13.27928,271.2793,True,9,1,4
55.42805,-0.002160283,0.04810822,-0.2385514,81.87909,13.19454,271.1721,True,9,1,4
55.43121,-0.001700982,0.0479999,-0.2385078,81.81314,14.0651,272.0407,True,9,1,4
55.43434,-0.001554596,0.04786487,-0.2385796,81.80344,13.98778,271.9343,True,9,1,4
55.43781,-0.001432343,0.04775198,-0.2386398,81.79534,13.92336,271.8456,True,9,1,4
55.44086,-0.00119331,0.04764368,-0.2384926,81.69991,14.19434,272.1468,True,9,1,4
55.44389,-0.001069349,0.04751618,-0.2385559,81.68835,14.13582,272.0637,True,9,1,4
55.4474,-0.0009479225,0.04739115,-0.2386182,81.67718,14.07865,271.9825,True,9,1,4
55.45074,-0.0007989747,0.04731151,-0.2386099,81.61419,14.39686,272.3302,True,9,1,4
55.45469,-0.0006794934,0.04716881,-0.2386865,81.59896,14.34389,272.2508,True,9,1,4
55.45818,-0.0006394247,0.04706483,-0.2386691,81.56767,14.33199,272.1624,True,9,1,4
55.46137,-0.0005592047,0.04695655,-0.2387218,81.55519,14.29199,272.1001,True,9,1,4
55.46535,-0.0001158058,0.04684509,-0.2390023,81.57531,14.72527,272.5745,True,9,1,4
55.46963,4.962459E-05,0.04668766,-0.2391012,81.5579,14.68891,272.5074,True,9,1,4
55.47353,0.0003453083,0.04654308,-0.2387992,81.3983,14.63582,272.5043,True,9,1,4
55.47648,0.0004628296,0.04643105,-0.2388606,81.3825,14.61239,272.4635,True,9,1,4
55.47972,0.0006068498,0.04629354,-0.2389361,81.3632,14.58373,272.4135,True,9,1,4
55.48363,0.0009069829,0.04616874,-0.2389783,81.32539,15.03882,272.8649,True,9,1,4
55.48743,0.001051677,0.04602572,-0.2390516,81.30458,15.0272,272.8317,True,9,1,4
55.49081,0.001385492,0.04586047,-0.2392739,81.31262,15.567,273.2271,True,9,1,4
55.49431,0.001510269,0.04573564,-0.2393406,81.29563,15.57498,273.2125,True,9,1,4
55.49763,0.001638033,0.04560761,-0.2394091,81.27839,15.58318,273.1974,True,9,1,4
55.50111,0.001868415,0.04545301,-0.2394437,81.26495,15.67952,273.2645,True,9,1,4
55.50419,0.001979903,0.04534627,-0.2394934,81.25111,15.68788,273.2541,True,9,1,4
55.50728,0.002312034,0.04532227,-0.2398544,81.29744,15.87431,273.5144,True,9,1,4
55.51072,0.002501359,0.04519427,-0.2399482,81.28044,15.89163,273.509,True,9,1,4
55.52073,0.002801434,0.04486254,-0.239789,81.13422,15.28295,272.756,True,9,1,4
55.52393,0.003064041,0.04468033,-0.2395975,81.04887,15.52369,272.9576,True,9,1,4
55.52684,0.003184307,0.04457946,-0.2396366,81.03305,15.52613,272.9423,True,9,1,4
55.52969,0.00332082,0.04446478,-0.2396812,81.01515,15.52893,272.9248,True,9,1,4
55.53283,0.003526348,0.044405,-0.2395421,80.96239,15.91552,273.2859,True,9,1,4
55.53661,0.003671364,0.04427557,-0.2395719,80.93977,15.93114,273.277,True,9,1,4
55.53999,0.0037522,0.04411411,-0.2399973,81.04841,16.22958,273.5671,True,9,1,4
55.5432,0.003875786,0.04399492,-0.2400312,81.0313,16.25227,273.5676,True,9,1,4
55.54668,0.004010403,0.04386492,-0.2400682,81.0127,16.27697,273.568,True,9,1,4
55.54961,0.00429328,0.0437523,-0.2405025,81.09254,16.59063,274.0008,True,9,1,4
55.55283,0.004436096,0.04363714,-0.2405583,81.07874,16.62237,274.0153,True,9,1,4
55.55541,0.00457008,0.04352896,-0.2406107,81.06587,16.65209,274.0288,True,9,1,4
55.55954,0.004901849,0.04350226,-0.2407643,81.05552,16.90339,274.293,True,9,1,4
55.5624,0.005041427,0.04341221,-0.2408212,81.04332,16.93806,274.3132,True,9,1,4
55.56519,0.00535718,0.04334323,-0.2405417,80.90197,17.39051,274.6784,True,9,1,4
55.56795,0.005496587,0.04324,-0.2405934,80.88445,17.4407,274.7104,True,9,1,4
55.57446,0.005715542,0.04294334,-0.2405727,80.80816,17.40922,274.5633,True,9,1,4
55.57706,0.005828215,0.04284285,-0.2406157,80.79226,17.44757,274.5842,True,9,1,4
55.57989,0.005958177,0.04272677,-0.2406654,80.77397,17.49165,274.6082,True,9,1,4
55.58276,0.006310328,0.04267114,-0.2406435,80.70648,17.83534,274.9947,True,9,1,4
55.58569,0.006449988,0.04255897,-0.2406965,80.68674,17.88687,275.0282,True,9,1,4
55.58904,0.006614794,0.04242635,-0.240759,80.66348,17.94747,275.0675,True,9,1,4
55.59216,0.006949629,0.04244369,-0.2408367,80.65447,17.94972,275.1378,True,9,1,4
55.59513,0.007119458,0.04234737,-0.240893,80.63544,17.99829,275.1707,True,9,1,4
55.59754,0.007131336,0.04234585,-0.2406943,80.58911,17.73499,274.8709,True,9,1,4
55.59993,0.007273815,0.04227129,-0.2407263,80.57204,17.76873,274.8906,True,9,1,4
55.6032,0.007441422,0.04218341,-0.2407639,80.55196,17.80827,274.9135,True,9,1,4
55.60593,0.007590702,0.04210505,-0.2407975,80.53403,17.84339,274.9339,True,9,1,4
55.60862,0.007363026,0.04192878,-0.2410641,80.62965,17.48596,274.5524,True,9,1,4
55.61124,0.007509503,0.04183587,-0.2411024,80.61344,17.51381,274.5639,True,9,1,4
55.61475,0.007586016,0.04171251,-0.2408928,80.53197,17.50235,274.5211,True,9,1,4
55.61765,0.007714785,0.04161267,-0.2409183,80.51398,17.52837,274.5305,True,9,1,4
55.62089,0.007854312,0.04150434,-0.2409461,80.49449,17.55659,274.5407,True,9,1,4
55.62374,0.008329796,0.04143986,-0.2409328,80.44132,17.97608,274.9712,True,9,1,4
55.62738,0.008493766,0.04133442,-0.2409596,80.42058,18.01615,274.994,True,9,1,4
55.63046,0.008648554,0.04123475,-0.240985,80.40085,18.05387,275.0155,True,9,1,4
55.63336,0.00888536,0.04115717,-0.2409835,80.39436,18.19331,275.201,True,9,1,4
55.63696,0.009056005,0.04105511,-0.2410007,80.37416,18.23457,275.2269,True,9,1,4
55.64038,0.008973212,0.04087318,-0.2412102,80.4505,18.05638,275.0713,True,9,1,4
55.64349,0.009128146,0.04076955,-0.2412209,80.43277,18.09315,275.0945,True,9,1,4
55.64677,0.00929475,0.04065797,-0.2412325,80.41364,18.13257,275.1194,True,9,1,4
55.65009,0.009302623,0.04054379,-0.2413573,80.43526,18.13503,275.1782,True,9,1,4
55.65311,0.009435739,0.04044446,-0.2413722,80.41993,18.16659,275.198,True,9,1,4
55.65613,0.009602609,0.04041763,-0.2411874,80.33582,17.87426,274.864,True,9,1,4
55.6594,0.009750631,0.04032648,-0.2412036,80.31854,17.89549,274.8726,True,9,1,4
55.66196,0.009869696,0.04025309,-0.2412166,80.3045,17.91255,274.8796,True,9,1,4
55.66504,0.0101296,0.04016556,-0.2412329,80.28894,17.84175,274.778,True,9,1,4
55.67496,0.01084555,0.0397941,-0.2415749,80.31178,18.43604,275.3759,True,9,1,4
55.67901,0.0110636,0.03967097,-0.2416001,80.29251,18.4789,275.4037,True,9,1,4
55.68257,0.0114081,0.0395401,-0.2417217,80.28311,19.07159,276.037,True,9,1,4
55.68494,0.0115301,0.03946477,-0.2417373,80.27174,19.10994,276.0677,True,9,1,4
55.68755,0.01166693,0.03938024,-0.2417548,80.2591,19.15278,276.1021,True,9,1,4
55.69046,0.01183837,0.03926007,-0.2421154,80.37181,19.10877,276.111,True,9,1,4
55.69436,0.01205172,0.03915071,-0.2421463,80.35904,19.1645,276.1573,True,9,1,4
55.69704,0.01221353,0.0390677,-0.2421697,80.34933,19.20667,276.1924,True,9,1,4
55.70033,0.01208668,0.03893618,-0.2422642,80.40724,18.7933,275.7779,True,9,1,4
55.70408,0.01228101,0.03883059,-0.2422882,80.39729,18.83234,275.8081,True,9,1,4
55.70706,0.01237993,0.03872256,-0.2424708,80.43059,19.14288,276.1467,True,9,1,4
55.70981,0.01250922,0.03864127,-0.242491,80.4239,19.17677,276.1747,True,9,1,4
55.71243,0.01264982,0.03855281,-0.2425129,80.41657,19.21352,276.2051,True,9,1,4
55.71606,0.01332646,0.03846006,-0.242297,80.26766,20.17867,277.17,True,9,1,4
55.71902,0.01347517,0.03836082,-0.2423142,80.25551,20.24397,277.2289,True,9,1,4
55.72204,0.01364035,0.03825051,-0.2423333,80.24198,20.31635,277.2942,True,9,1,4
55.72566,0.01424568,0.03825636,-0.2425228,80.23773,20.81283,277.8333,True,9,1,4
55.728,0.01438738,0.03819211,-0.2425446,80.22859,20.87096,277.8877,True,9,1,4
55.73057,0.01454461,0.03812075,-0.2425689,80.21847,20.93535,277.9479,True,9,1,4
55.73295,0.01455181,0.0380365,-0.2426419,80.23531,20.7626,277.7773,True,9,1,4
55.73643,0.01474507,0.03794648,-0.2426764,80.22374,20.8364,277.8463,True,9,1,4
55.73957,0.01507263,0.03787275,-0.2427917,80.2086,21.33079,278.3284,True,9,1,4
55.74234,0.01522518,0.03780092,-0.2428229,80.19894,21.40218,278.3957,True,9,1,4
55.74514,0.01540953,0.03771406,-0.2428607,80.18731,21.48827,278.4768,True,9,1,4
55.74892,0.01538386,0.03752661,-0.2428235,80.18346,21.27708,278.1512,True,9,1,4
55.75182,0.01553818,0.03743549,-0.242851,80.17319,21.34581,278.2121,True,9,1,4
55.75473,0.01569248,0.03734429,-0.2428784,80.16296,21.41445,278.2729,True,9,1,4
55.75831,0.01601504,0.03721771,-0.2428839,80.13207,21.71461,278.4935,True,9,1,4
55.76125,0.01615899,0.03713229,-0.2429062,80.12206,21.78299,278.5527,True,9,1,4
55.76398,0.01630991,0.03704268,-0.2429297,80.1116,21.85453,278.6147,True,9,1,4
55.76759,0.01703737,0.03692167,-0.2429696,80.03202,22.49788,279.2523,True,9,1,4
55.77162,0.01726469,0.03680427,-0.2430095,80.01615,22.60649,279.349,True,9,1,4
55.77486,0.01753475,0.03672272,-0.242982,79.95992,22.66477,279.3959,True,9,1,4
55.7784,0.01778923,0.03659607,-0.2430324,79.94081,22.78048,279.4986,True,9,1,4
55.78249,0.01802114,0.03659558,-0.2427845,79.85462,22.29919,278.7921,True,9,1,4
55.78564,0.01825693,0.03650418,-0.2428217,79.83672,22.37495,278.85,True,9,1,4
55.78885,0.01851615,0.03640355,-0.2428626,79.81713,22.45807,278.9135,True,9,1,4
55.79186,0.01856717,0.03626809,-0.24334,79.92846,22.24701,278.7863,True,9,1,4
55.7944,0.01877341,0.03619166,-0.2433947,79.91707,22.3027,278.8298,True,9,1,4
55.79781,0.01903609,0.03609414,-0.2434645,79.90264,22.37354,278.8853,True,9,1,4
55.80802,0.01943601,0.03571393,-0.2439906,80.01756,21.87383,278.3326,True,9,1,4
55.81205,0.01975157,0.03559674,-0.2440843,80.00692,21.93153,278.3719,True,9,1,4
55.8156,0.01989824,0.0353909,-0.2440286,79.98168,21.60233,277.8705,True,9,1,4
55.81859,0.02014304,0.03528428,-0.244096,79.97313,21.63425,277.8835,True,9,1,4
55.82161,0.02043262,0.03515804,-0.2441759,79.96297,21.67196,277.8987,True,9,1,4
55.82538,0.02061597,0.03505595,-0.2439737,79.8922,21.60624,277.7379,True,9,1,4
55.82787,0.02080989,0.03496483,-0.2440175,79.88357,21.63004,277.7439,True,9,1,4
55.83066,0.02102663,0.03486289,-0.2440667,79.87382,21.65662,277.7507,True,9,1,4
55.83398,0.02145617,0.03485298,-0.2441601,79.87494,21.71426,277.7834,True,9,1,4
55.83806,0.02179282,0.03472933,-0.2442299,79.8616,21.75277,277.7938,True,9,1,4
55.84248,0.02193488,0.03456949,-0.2444235,79.91512,21.76493,277.7715,True,9,1,4
55.84563,0.02219569,0.03446615,-0.2444775,79.90639,21.79594,277.7791,True,9,1,4
55.84855,0.02226807,0.03434658,-0.2445931,79.92587,21.90794,277.845,True,9,1,4
55.85118,0.02245879,0.03425995,-0.2446359,79.91956,21.93496,277.8526,True,9,1,4
55.85423,0.0226692,0.03416428,-0.2446834,79.91261,21.96482,277.861,True,9,1,4
55.8578,0.02290228,0.03405717,-0.245059,79.99577,22.04854,277.9333,True,9,1,4
55.86061,0.02308182,0.03398365,-0.2451091,79.99239,22.07475,277.942,True,9,1,4
55.86331,0.02327783,0.03390335,-0.245164,79.98863,22.10334,277.9515,True,9,1,4
55.86574,0.02362144,0.03371251,-0.2456677,80.07879,22.83203,278.5652,True,9,1,4
55.86896,0.02387678,0.03359255,-0.2457605,80.07735,22.89702,278.6012,True,9,1,4
55.87286,0.02412524,0.03347576,-0.245851,80.07588,22.9603,278.6361,True,9,1,4
55.87568,0.02456583,0.03335711,-0.2456386,79.93633,23.1925,278.7416,True,9,1,4
55.87817,0.02476475,0.03325488,-0.24571,79.93112,23.24654,278.7704,True,9,1,4
55.88178,0.02495062,0.0331662,-0.245651,79.88799,23.08353,278.5894,True,9,1,4
55.8846,0.02515995,0.03306125,-0.245724,79.88162,23.13315,278.6131,True,9,1,4
55.88747,0.02536523,0.03295822,-0.2457957,79.87535,23.18178,278.6363,True,9,1,4
55.89059,0.02553394,0.03288428,-0.2457444,79.82117,22.79147,278.1147,True,9,1,4
55.8939,0.02575143,0.0327833,-0.2458245,79.81342,22.82767,278.1218,True,9,1,4
55.8968,0.02596815,0.03268255,-0.2459045,79.80563,22.86374,278.1289,True,9,1,4
55.90005,0.02638551,0.03262895,-0.2459604,79.76469,22.56013,277.9242,True,9,1,4
55.90416,0.02669727,0.03251258,-0.2460749,79.75394,22.59257,277.9254,True,9,1,4
55.90723,0.02710995,0.03245275,-0.2461019,79.72655,22.80437,278.0138,True,9,1,4
55.91106,0.02746264,0.03233044,-0.2462168,79.71392,22.84752,278.0185,True,9,1,4
55.91461,0.02770179,0.03221297,-0.2463086,79.72153,23.12194,278.1801,True,9,1,4
55.91702,0.02789362,0.03213982,-0.2463661,79.71463,23.15305,278.1867,True,9,1,4
55.9202,0.02816064,0.03203788,-0.2464464,79.70493,23.19636,278.1958,True,9,1,4
55.92342,0.0286271,0.03196841,-0.2465923,79.74665,23.4266,278.3839,True,9,1,4
55.927,0.02890612,0.03188038,-0.2466553,79.73908,23.47443,278.3986,True,9,1,4
55.93182,0.02900083,0.03163695,-0.246759,79.8045,23.32323,278.1501,True,9,1,4
55.9343,0.02923398,0.0315461,-0.2467984,79.8,23.36043,278.1556,True,9,1,4
55.93786,0.02949315,0.03144503,-0.2468426,79.79494,23.40181,278.1618,True,9,1,4
55.94075,0.02988803,0.03138237,-0.2470275,79.83086,23.47687,278.2016,True,9,1,4
55.94353,0.03012809,0.03130378,-0.2470701,79.8278,23.51266,278.2078,True,9,1,4
55.94717,0.03048082,0.03118823,-0.2471331,79.82314,23.56511,278.2169,True,9,1,4
55.95023,0.03015373,0.03108288,-0.246857,79.81223,22.72397,277.326,True,9,1,4
55.95306,0.03038723,0.03099342,-0.2468849,79.80864,22.73704,277.3063,True,9,1,4
55.95557,0.03060716,0.03090911,-0.2469114,79.80528,22.74932,277.2878,True,9,1,4
55.95907,0.03074953,0.03083827,-0.2471971,79.89686,22.68928,277.1929,True,9,1,4
55.96161,0.03094064,0.03077266,-0.2472251,79.89629,22.69818,277.1752,True,9,1,4
55.96399,0.03113243,0.03070681,-0.2472534,79.89578,22.70716,277.1574,True,9,1,4
55.9664,0.03147132,0.03063117,-0.2473353,79.90065,23.17657,277.6169,True,9,1,4
55.97025,0.03174218,0.03053485,-0.2473698,79.89999,23.20534,277.6074,True,9,1,4
55.97343,0.03219074,0.03040145,-0.2474728,79.84273,23.73083,278.0578,True,9,1,4
55.97678,0.03244376,0.03029554,-0.2475256,79.84,23.77633,278.0646,True,9,1,4
55.98038,0.03272878,0.03017616,-0.2475855,79.83694,23.82757,278.0722,True,9,1,4
55.98376,0.03284411,0.03009456,-0.2480169,79.90058,23.87066,278.1579,True,9,1,4
55.98745,0.03310342,0.02998984,-0.2481096,79.89999,23.91855,278.168,True,9,1,4
55.9906,0.03378496,0.0298636,-0.248113,79.78358,24.47575,278.6767,True,9,1,4
55.99425,0.03404598,0.02975196,-0.2482148,79.77884,24.53848,278.7032,True,9,1,4
55.99673,0.03423288,0.02967197,-0.2482878,79.7754,24.58336,278.7222,True,9,1,4
55.99919,0.03416926,0.02960546,-0.2481345,79.72368,24.04359,278.0576,True,9,1,4
56.0016,0.03437924,0.02951108,-0.2482191,79.71832,24.07844,278.0593,True,9,1,4
56.00511,0.03460741,0.0294084,-0.2483114,79.7125,24.11636,278.0611,True,9,1,4
56.0082,0.03444735,0.02926226,-0.2481631,79.71548,23.13157,277.0803,True,9,1,4
56.01237,0.03478546,0.02910651,-0.2482816,79.70765,23.14005,277.0389,True,9,1,4
56.01565,0.03474876,0.02906972,-0.2481011,79.65105,22.53504,276.4047,True,9,1,4
56.01881,0.03498893,0.02896203,-0.2481841,79.64362,22.52141,276.3547,True,9,1,4
56.02196,0.03524014,0.02884923,-0.2482714,79.63576,22.50713,276.3024,True,9,1,4
56.02521,0.03551448,0.02882555,-0.248468,79.65636,22.58904,276.4269,True,9,1,4
56.02896,0.03580587,0.02871265,-0.2485731,79.64838,22.57434,276.3732,True,9,1,4
56.03503,0.03668281,0.02851066,-0.2487606,79.61255,23.37046,277.103,True,9,1,4
56.03882,0.03694374,0.02840751,-0.2488425,79.60477,23.38507,277.0833,True,9,1,4
56.04344,0.03771805,0.02828498,-0.2490022,79.58616,24.03245,277.6859,True,9,1,4
56.04686,0.0380278,0.02817352,-0.2490851,79.57725,24.07045,277.6864,True,9,1,4
56.05079,0.03826014,0.02812178,-0.2488057,79.53011,23.90605,277.4885,True,9,1,4
56.05486,0.03860576,0.0280028,-0.2488572,79.51851,23.94037,277.4808,True,9,1,4
56.05943,0.03865661,0.0277983,-0.2487771,79.56266,23.4815,276.9393,True,9,1,4
56.06303,0.03891436,0.02769996,-0.248793,79.55564,23.49236,276.9166,True,9,1,4
56.06693,0.0388003,0.02758667,-0.2487809,79.6174,22.81511,276.2937,True,9,1,4
56.07071,0.03907256,0.02748483,-0.2487876,79.61225,22.80138,276.2463,True,9,1,4
56.07484,0.03907744,0.02737604,-0.2487692,79.62203,22.35444,275.7325,True,9,1,4
56.07895,0.03938978,0.02725418,-0.2487808,79.61646,22.31856,275.6543,True,9,1,4
56.09108,0.04047767,0.02686325,-0.2493451,79.66788,23.13734,276.3896,True,9,1,4
56.09583,0.0407656,0.02674112,-0.2493956,79.66557,23.14032,276.3537,True,9,1,4
56.09953,0.041251,0.02664323,-0.2495616,79.64172,23.5943,276.706,True,9,1,4
56.10402,0.04156484,0.02651165,-0.2496351,79.63815,23.61889,276.6851,True,9,1,4
56.10922,0.04155077,0.02619673,-0.249507,79.6192,23.359,276.3959,True,9,1,4
56.11208,0.04173382,0.02608095,-0.2495417,79.61626,23.36687,276.3734,True,9,1,4
56.11569,0.04148255,0.02597782,-0.2496637,79.71243,22.69966,275.7159,True,9,1,4
56.11803,0.04161923,0.02589454,-0.2496883,79.71281,22.68804,275.6816,True,9,1,4
56.12091,0.04177777,0.02579793,-0.2497169,79.71316,22.67451,275.6419,True,9,1,4
56.12444,0.04187214,0.02575463,-0.249489,79.66168,22.35001,275.288,True,9,1,4
56.12767,0.04202892,0.02566428,-0.2495063,79.66054,22.32724,275.2388,True,9,1,4
56.13103,0.04221477,0.02555718,-0.249527,79.65916,22.30027,275.1804,True,9,1,4
56.13499,0.04263375,0.02540183,-0.2498383,79.69102,22.7495,275.711,True,9,1,4
56.13911,0.04282875,0.02528997,-0.2498784,79.6908,22.73878,275.6721,True,9,1,4
56.14208,0.04319593,0.02524585,-0.2500853,79.72837,23.03852,275.9423,True,9,1,4
56.14495,0.04338561,0.02515543,-0.2501252,79.72926,23.03817,275.9169,True,9,1,4
56.14769,0.04353012,0.02508654,-0.2501557,79.72996,23.03791,275.8975,True,9,1,4
56.15046,0.043552,0.02502513,-0.2502401,79.77122,23.17959,275.989,True,9,1,4
56.1539,0.04373283,0.02493255,-0.250273,79.77364,23.18422,275.9655,True,9,1,4
56.1579,0.04366524,0.02461603,-0.2502177,79.79607,23.165,275.9208,True,9,1,4
56.16151,0.04379404,0.02450299,-0.2502281,79.79892,23.16852,275.8989,True,9,1,4
56.16496,0.04403603,0.02439296,-0.2501416,79.75865,23.36626,276.1032,True,9,1,4
56.16911,0.04421409,0.02423036,-0.2501495,79.76057,23.38043,276.083,True,9,1,4
56.17319,0.04429978,0.02424167,-0.2501193,79.7694,23.10734,275.8343,True,9,1,4
56.17677,0.04445243,0.0241399,-0.2501254,79.7711,23.1092,275.8113,True,9,1,4
56.17997,0.04460623,0.02403735,-0.2501318,79.77282,23.11109,275.788,True,9,1,4
56.1837,0.04495645,0.02392912,-0.2501598,79.78269,23.54715,276.2594,True,9,1,4
56.19363,0.04555728,0.02360195,-0.2506007,79.90254,24.0607,276.7013,True,9,1,4
56.19662,0.04568477,0.02352567,-0.250609,79.9071,24.08497,276.7081,True,9,1,4
56.20009,0.04574131,0.02336501,-0.2507741,79.97661,24.08467,276.698,True,9,1,4
56.20509,0.0459499,0.02322985,-0.2507915,79.98746,24.1249,276.7091,True,9,1,4
56.20839,0.04585777,0.02313563,-0.2506395,79.99096,23.73931,276.3098,True,9,1,4
56.2113,0.04599128,0.02304244,-0.25064,79.99817,23.75389,276.3048,True,9,1,4
56.21479,0.04608363,0.02295877,-0.2504528,79.96532,23.5466,276.1094,True,9,1,4
56.21786,0.04621779,0.02286606,-0.2504485,79.97175,23.55938,276.1049,True,9,1,4
56.22116,0.04635407,0.02277194,-0.2504443,79.97826,23.57238,276.1002,True,9,1,4
56.22435,0.04625515,0.02265272,-0.2506222,80.07643,23.32193,275.7961,True,9,1,4
56.22738,0.04636236,0.0225777,-0.2506209,80.08428,23.32548,275.7841,True,9,1,4
56.23056,0.04649414,0.02248561,-0.2506194,80.09389,23.3298,275.7693,True,9,1,4
56.23389,0.04671709,0.0224313,-0.2506741,80.10032,23.4455,275.8049,True,9,1,4
56.24355,0.04695914,0.02201925,-0.2511618,80.26389,23.21852,275.6525,True,9,1,4
56.24689,0.0471231,0.02190782,-0.251199,80.27957,23.2181,275.6335,True,9,1,4
56.25078,0.04698675,0.02179243,-0.2512756,80.31793,22.68772,275.1027,True,9,1,4
56.25352,0.04710809,0.02170493,-0.2513145,80.33093,22.67094,275.0718,True,9,1,4
56.25674,0.0467802,0.02169494,-0.2512649,80.37198,21.88421,274.2448,True,9,1,4
56.26064,0.04691517,0.02159873,-0.2513107,80.39008,21.83002,274.1711,True,9,1,4
56.26413,0.04703693,0.02151202,-0.2513523,80.40638,21.78094,274.1044,True,9,1,4
56.26739,0.04678707,0.02151713,-0.2512121,80.4074,21.08577,273.3849,True,9,1,4
56.27043,0.04686848,0.02145827,-0.2512397,80.41988,21.02774,273.3127,True,9,1,4
56.27358,0.04658997,0.02148919,-0.2513981,80.49209,20.48207,272.8427,True,9,1,4
56.27679,0.0466666,0.02143916,-0.2514401,80.50856,20.39638,272.7433,True,9,1,4
56.28001,0.04675493,0.02138168,-0.2514887,80.52751,20.2972,272.6283,True,9,1,4
56.28371,0.04688501,0.02150512,-0.2514176,80.49916,20.30284,272.6318,True,9,1,4
56.28667,0.04695075,0.02148014,-0.2514528,80.51262,20.22741,272.5443,True,9,1,4
56.28954,0.04698148,0.02156658,-0.2512123,80.44939,20.05536,272.3189,True,9,1,4
56.29374,0.04705729,0.02154805,-0.2512457,80.46455,19.94979,272.1954,True,9,1,4
56.29736,0.04712602,0.02153136,-0.251276,80.47829,19.85383,272.0832,True,9,1,4
56.30046,0.04707512,0.02159299,-0.2511199,80.42993,19.79655,271.9993,True,9,1,4
56.3035,0.0471057,0.02158649,-0.2511377,80.43855,19.72637,271.9168,True,9,1,4
56.30677,0.04706954,0.02163202,-0.251044,80.40878,19.75784,271.941,True,9,1,4
56.31071,0.04708733,0.02162892,-0.2510671,80.42107,19.65804,271.8237,True,9,1,4
56.31379,0.04709885,0.02162695,-0.2510822,80.42892,19.59324,271.7476,True,9,1,4
56.31651,0.04680265,0.02171487,-0.2508264,80.38358,18.96766,271.1646,True,9,1,4
56.31905,0.04679885,0.02172101,-0.2508331,80.38953,18.89112,271.0787,True,9,1,4
56.32156,0.04679467,0.02172779,-0.2508404,80.39606,18.80697,270.9843,True,9,1,4
56.3252,0.04656233,0.02179399,-0.2506337,80.36963,18.37288,270.5352,True,9,1,4
56.32813,0.0465434,0.02180643,-0.2506298,80.37505,18.27948,270.4316,True,9,1,4
56.33089,0.0465252,0.0218184,-0.2506261,80.38015,18.18957,270.3318,True,9,1,4
56.33366,0.04635383,0.02185251,-0.2507271,80.40141,18.19481,270.3722,True,9,1,4
56.33631,0.04632289,0.02186596,-0.2507279,80.40544,18.12522,270.295,True,9,1,4
56.33971,0.04627458,0.02187729,-0.2507893,80.41836,18.17737,270.371,True,9,1,4
56.34248,0.04623111,0.0218932,-0.2507918,80.42271,18.10114,270.2864,True,9,1,4
56.35009,0.04615649,0.02190362,-0.2508208,80.42199,18.0379,270.2257,True,9,1,4
56.35379,0.04610249,0.02191687,-0.2508291,80.42667,17.95475,270.1335,True,9,1,4
56.35686,0.04613245,0.02190337,-0.2508047,80.40812,18.06377,270.2609,True,9,1,4
56.35991,0.0460864,0.02190922,-0.2508125,80.41167,18.00206,270.1925,True,9,1,4
56.3627,0.04603844,0.02191535,-0.2508206,80.41528,17.93772,270.1211,True,9,1,4
56.36603,0.04609259,0.02190638,-0.2507953,80.40118,18.07333,270.2754,True,9,1,4
56.36924,0.04604686,0.02190903,-0.2508013,80.40434,18.01664,270.2125,True,9,1,4
56.37206,0.04599814,0.02191186,-0.2508077,80.4078,17.95615,270.1454,True,9,1,4
56.37559,0.04634745,0.02186619,-0.2508836,80.39957,18.71251,270.9366,True,9,1,4
56.37887,0.04629961,0.021861,-0.2508891,80.40323,18.67108,270.8889,True,9,1,4
56.38207,0.04626827,0.02190024,-0.2508112,80.39389,18.48365,270.7198,True,9,1,4
56.38503,0.04624072,0.02190131,-0.2508131,80.39664,18.45193,270.6833,True,9,1,4
56.38795,0.04621407,0.02190237,-0.2508149,80.39936,18.4213,270.6481,True,9,1,4
56.39108,0.04646645,0.02187049,-0.2508752,80.40208,18.96714,271.221,True,9,1,4
56.39413,0.04644714,0.02186722,-0.2508745,80.40474,18.95506,271.2054,True,9,1,4
56.39724,0.0464258,0.02186358,-0.2508736,80.40765,18.94174,271.1883,True,9,1,4
56.40047,0.04658153,0.02185689,-0.250903,80.40392,19.23348,271.502,True,9,1,4
56.40324,0.04656682,0.02185346,-0.2509015,80.40601,19.22407,271.4899,True,9,1,4
56.4059,0.04654946,0.02184944,-0.2508997,80.40841,19.21297,271.4756,True,9,1,4
56.40867,0.04644002,0.02189329,-0.250812,80.39131,18.8452,271.1159,True,9,1,4
56.41157,0.04642585,0.0218944,-0.2508116,80.3934,18.82168,271.0891,True,9,1,4
56.41506,0.04660688,0.0218703,-0.2508264,80.37678,19.15813,271.4395,True,9,1,4
56.41814,0.04659665,0.0218661,-0.2508274,80.37839,19.14511,271.4237,True,9,1,4
56.42148,0.04658608,0.02186175,-0.2508284,80.37998,19.13162,271.4073,True,9,1,4
56.42517,0.0467546,0.02185845,-0.2507712,80.34767,19.3371,271.6303,True,9,1,4
56.42852,0.04675345,0.02185303,-0.250771,80.34812,19.33189,271.6232,True,9,1,4
56.43177,0.04685968,0.02186492,-0.2507148,80.32343,19.43717,271.7309,True,9,1,4
56.43451,0.04686195,0.02186,-0.2507148,80.32376,19.43232,271.7243,True,9,1,4
56.43709,0.04686368,0.02185626,-0.2507148,80.32407,19.42869,271.7194,True,9,1,4
56.4399,0.04697647,0.02187017,-0.2505759,80.27728,19.51863,271.7993,True,9,1,4
56.4429,0.04698041,0.02186407,-0.2505743,80.27759,19.51428,271.7934,True,9,1,4
56.44577,0.04698464,0.02185754,-0.2505725,80.27793,19.50956,271.787,True,9,1,4
56.44922,0.04708879,0.02187592,-0.25046,80.22923,19.58602,271.8506,True,9,1,4
56.45289,0.04709751,0.02186874,-0.2504579,80.22807,19.58329,271.8456,True,9,1,4
56.45628,0.04731311,0.02187644,-0.2503558,80.16061,19.81286,272.0637,True,9,1,4
56.45955,0.04732697,0.02186871,-0.2503581,80.15778,19.81734,272.0661,True,9,1,4
56.46233,0.04734006,0.0218614,-0.2503603,80.1552,19.82157,272.0685,True,9,1,4
56.465,0.04748804,0.02188508,-0.2502576,80.0955,19.99137,272.2189,True,9,1,4
56.46735,0.04750209,0.02187835,-0.2502617,80.09158,19.99912,272.2244,True,9,1,4
56.47075,0.04751769,0.02187088,-0.2502664,80.08736,20.00772,272.2305,True,9,1,4
56.47381,0.04769001,0.02191943,-0.250123,79.99068,20.25007,272.4226,True,9,1,4
56.47665,0.04770181,0.02191427,-0.2501327,79.98379,20.26518,272.4339,True,9,1,4
56.47964,0.04771504,0.02190849,-0.2501437,79.97599,20.28209,272.4465,True,9,1,4
56.48312,0.04822004,0.02202365,-0.2498699,79.81123,20.83201,272.8419,True,9,1,4
56.48656,0.04825329,0.02202548,-0.2498816,79.79774,20.8671,272.8674,True,9,1,4
56.48965,0.0485768,0.02208866,-0.2496669,79.69208,21.28001,273.1842,True,9,1,4
56.49289,0.04861144,0.022093,-0.2496672,79.67766,21.32095,273.2142,True,9,1,4
56.49613,0.04864809,0.02209757,-0.2496674,79.66229,21.36416,273.2458,True,9,1,4
56.49885,0.04905484,0.02211317,-0.2491067,79.47157,21.95155,273.7513,True,9,1,4
56.50201,0.04909123,0.02210678,-0.2490675,79.44759,22.0186,273.8026,True,9,1,4
56.50468,0.04911532,0.02210258,-0.2490415,79.43169,22.06278,273.8362,True,9,1,4
56.50748,0.04946746,0.02214634,-0.248804,79.34191,22.43736,274.1834,True,9,1,4
56.51054,0.04952077,0.02214292,-0.2487505,79.31611,22.51158,274.2418,True,9,1,4
56.51376,0.04956701,0.02213997,-0.2487041,79.29376,22.57571,274.2923,True,9,1,4
56.51654,0.04983591,0.02217935,-0.2486034,79.26027,22.70271,274.4053,True,9,1,4
56.51915,0.04989911,0.02218112,-0.2485572,79.23992,22.76125,274.4516,True,9,1,4
56.52184,0.04997397,0.02218325,-0.2485025,79.21584,22.83033,274.5061,True,9,1,4
56.52542,0.0501385,0.02218735,-0.2482896,79.19129,22.82548,274.521,True,9,1,4
56.5282,0.05021994,0.02218956,-0.2482234,79.16982,22.88447,274.5681,True,9,1,4
56.53122,0.0501711,0.02220465,-0.248153,79.21977,22.6769,274.3747,True,9,1,4
56.53378,0.05026712,0.02221406,-0.2480659,79.19921,22.73372,274.4201,True,9,1,4
56.53661,0.05034611,0.02222179,-0.2479944,79.18234,22.78028,274.4573,True,9,1,4
56.53924,0.05043481,0.02223051,-0.247914,79.16341,22.8324,274.4989,True,9,1,4
56.54218,0.05068101,0.02229151,-0.2477486,79.14614,22.77248,274.4065,True,9,1,4
56.54597,0.0508622,0.02231564,-0.2476076,79.11582,22.85075,274.4668,True,9,1,4
56.54966,0.05079723,0.02228117,-0.2479242,79.27856,22.48114,274.215,True,9,1,4
56.5533,0.05097123,0.02230635,-0.2478211,79.26069,22.53031,274.2543,True,9,1,4
56.55898,0.05087061,0.02217731,-0.2480139,79.41337,22.19958,273.95,True,9,1,4
56.56241,0.05101899,0.02218796,-0.2479252,79.40326,22.23095,273.974,True,9,1,4
56.56582,0.05071058,0.02210073,-0.2479279,79.48062,21.68771,273.3925,True,9,1,4
56.56881,0.05084492,0.02210306,-0.2478347,79.47324,21.7013,273.3975,True,9,1,4
56.57193,0.05097074,0.02210522,-0.2477474,79.46632,21.71403,273.4021,True,9,1,4
56.57491,0.05104646,0.02210283,-0.2475783,79.41512,21.54367,273.0882,True,9,1,4
56.57761,0.0511873,0.0221013,-0.247488,79.4058,21.55184,273.0826,True,9,1,4
56.58144,0.05102303,0.02208301,-0.2477322,79.47357,21.15009,272.6374,True,9,1,4
56.58402,0.05112381,0.02208433,-0.2476917,79.46868,21.14555,272.6216,True,9,1,4
56.58691,0.05124088,0.02208582,-0.2476447,79.46288,21.1403,272.6034,True,9,1,4
56.59047,0.05100512,0.02203548,-0.2475855,79.44495,20.64888,272.1431,True,9,1,4
56.59393,0.05110359,0.02202851,-0.2475521,79.43856,20.62922,272.1112,True,9,1,4
56.59706,0.05120096,0.02202159,-0.2475192,79.43219,20.60983,272.0797,True,9,1,4
56.6005,0.05146537,0.02204041,-0.2475725,79.40809,20.96831,272.471,True,9,1,4
56.61132,0.0519434,0.02205804,-0.247428,79.34377,21.28662,272.7568,True,9,1,4
56.61532,0.052295,0.02212104,-0.2471513,79.24705,21.47492,272.8369,True,9,1,4
56.61884,0.05240744,0.02212207,-0.2471101,79.23512,21.4838,272.8307,True,9,1,4
56.62198,0.05252327,0.0221231,-0.2470678,79.22282,21.49293,272.8243,True,9,1,4
56.62577,0.05253832,0.02207965,-0.2468721,79.21771,21.23225,272.5015,True,9,1,4
56.62896,0.05264848,0.02207464,-0.2468158,79.20669,21.23172,272.4852,True,9,1,4
56.63198,0.05247587,0.02207644,-0.2466578,79.21697,20.70405,271.9014,True,9,1,4
56.6357,0.05260268,0.02207354,-0.24658,79.20479,20.68292,271.86,True,9,1,4
56.63932,0.05271484,0.02207093,-0.2465112,79.19399,20.66429,271.8235,True,9,1,4
56.64224,0.05275427,0.02208324,-0.2466582,79.2679,20.47443,271.743,True,9,1,4
56.64478,0.05286598,0.02208813,-0.2466028,79.26083,20.45347,271.7099,True,9,1,4
56.64813,0.05297482,0.02209286,-0.2465489,79.25398,20.43317,271.6778,True,9,1,4
56.65099,0.05325939,0.02215616,-0.2463963,79.20365,20.55755,271.7928,True,9,1,4
56.65365,0.05336381,0.02216442,-0.2463468,79.19666,20.54301,271.768,True,9,1,4
56.65628,0.0534237,0.0221332,-0.2462832,79.19375,20.66744,271.9425,True,9,1,4
56.65933,0.05352052,0.02213693,-0.2462236,79.18632,20.65617,271.9221,True,9,1,4
56.66234,0.053624,0.02214088,-0.24616,79.17834,20.64415,271.9003,True,9,1,4
56.66602,0.05358927,0.02213231,-0.2459105,79.1563,20.27461,271.5196,True,9,1,4
56.66969,0.05369483,0.02213369,-0.2458322,79.14747,20.2507,271.4854,True,9,1,4
56.67258,0.05379059,0.02213493,-0.2457612,79.13949,20.22906,271.4544,True,9,1,4
56.67532,0.05371924,0.02211912,-0.2457329,79.14899,20.18157,271.3852,True,9,1,4
56.67805,0.05380642,0.02211906,-0.2456575,79.14106,20.16035,271.3547,True,9,1,4
56.68175,0.05352069,0.02208962,-0.2458555,79.25552,19.72426,271.0484,True,9,1,4
56.68509,0.05359771,0.02209429,-0.2457857,79.25153,19.68781,271.0073,True,9,1,4
56.68774,0.05366265,0.02209824,-0.2457269,79.24816,19.65712,270.9726,True,9,1,4
56.6908,0.0537324,0.02208675,-0.246035,79.33225,19.88668,271.3114,True,9,1,4
56.6943,0.05380093,0.02209525,-0.2459844,79.3313,19.85905,271.2829,True,9,1,4
56.69837,0.05379692,0.02207036,-0.2460651,79.35401,19.92921,271.4143,True,9,1,4
56.70169,0.05385346,0.02207571,-0.2460203,79.35375,19.9022,271.3885,True,9,1,4
56.70481,0.05389671,0.0220798,-0.2459861,79.35345,19.88148,271.3687,True,9,1,4
56.71301,0.05408549,0.02212682,-0.2458232,79.29494,20.00149,271.463,True,9,1,4
56.71589,0.05389656,0.02208455,-0.2458284,79.295,19.96808,271.4771,True,9,1,4
56.71827,0.05390493,0.02208361,-0.2458072,79.29366,19.95593,271.4651,True,9,1,4
56.72051,0.0539129,0.0220827,-0.2457871,79.29237,19.94436,271.4537,True,9,1,4
56.72337,0.0538184,0.02207251,-0.2457598,79.27782,19.93497,271.4854,True,9,1,4
56.72688,0.05381123,0.02206886,-0.2457357,79.27562,19.91879,271.4707,True,9,1,4
56.73106,0.05387316,0.02208956,-0.245275,79.13173,19.94634,271.4684,True,9,1,4
56.73396,0.05385418,0.02207905,-0.2452361,79.12486,19.93225,271.4547,True,9,1,4
56.73687,0.05383909,0.02207069,-0.2452052,79.11937,19.92107,271.4438,True,9,1,4
56.73966,0.05382143,0.02206093,-0.2451691,79.11295,19.90799,271.4312,True,9,1,4
56.74357,0.05362746,0.02208328,-0.2445237,78.95283,19.49024,270.9648,True,9,1,4
56.74678,0.0535893,0.02206635,-0.2444538,78.93967,19.46098,270.9342,True,9,1,4
56.75035,0.05368614,0.02214694,-0.2440027,78.81059,19.64111,270.9669,True,9,1,4
56.75361,0.05364168,0.0221369,-0.2439161,78.79431,19.62125,270.9409,True,9,1,4
56.75642,0.05408851,0.02217457,-0.243865,78.74243,20.37691,271.6279,True,9,1,4
56.76031,0.05405505,0.02216858,-0.2437661,78.723,20.38386,271.6255,True,9,1,4
56.76311,0.05402984,0.02216411,-0.2436916,78.70837,20.3891,271.6238,True,9,1,4
56.76583,0.05434922,0.02220432,-0.2437275,78.70021,20.86423,272.0865,True,9,1,4
56.76831,0.05434085,0.02220598,-0.2436573,78.6864,20.88165,272.0971,True,9,1,4
56.77066,0.05433422,0.02220732,-0.2436018,78.67535,20.89538,272.1054,True,9,1,4
56.77278,0.05432726,0.02220874,-0.2435433,78.66376,20.9098,272.1141,True,9,1,4
56.77552,0.05459508,0.02217416,-0.2436419,78.70265,21.49187,272.7941,True,9,1,4
56.77856,0.05459294,0.02217498,-0.2435441,78.68668,21.53142,272.8284,True,9,1,4
56.7825,0.05460143,0.02219808,-0.2434767,78.71853,21.59638,272.9702,True,9,1,4
56.78519,0.05460524,0.02220424,-0.2433941,78.70786,21.62646,272.9985,True,9,1,4
56.78761,0.05460888,0.02221014,-0.2433153,78.69774,21.65505,273.0255,True,9,1,4
56.79149,0.05468322,0.0222467,-0.2432087,78.70079,21.73909,273.1259,True,9,1,4
56.79581,0.05469732,0.02226195,-0.2430808,78.68607,21.78015,273.1646,True,9,1,4
56.79932,0.05567817,0.02241997,-0.2435032,78.69017,23.01235,274.5304,True,9,1,4
56.80245,0.05575855,0.02245805,-0.2434317,78.6774,23.08998,274.6108,True,9,1,4
56.80622,0.05605127,0.02245654,-0.2435781,78.66919,23.53003,275.1267,True,9,1,4
56.80954,0.05613897,0.0224883,-0.2435293,78.65645,23.61929,275.2212,True,9,1,4
56.81567,0.05616864,0.0224783,-0.2435648,78.64957,23.75427,275.3746,True,9,1,4
56.81882,0.05622477,0.02249593,-0.2435377,78.63996,23.82302,275.4477,True,9,1,4
56.82201,0.05630288,0.0225205,-0.2435,78.62657,23.91851,275.5492,True,9,1,4
56.82593,0.05613156,0.02247348,-0.2434834,78.62955,23.73741,275.3812,True,9,1,4
56.82917,0.05618384,0.02248557,-0.2434583,78.61917,23.81171,275.4602,True,9,1,4
56.83267,0.05599884,0.02246767,-0.2432573,78.59034,23.56309,275.2036,True,9,1,4
56.8362,0.05603983,0.02247433,-0.2432189,78.57834,23.63486,275.2801,True,9,1,4
56.83977,0.05484944,0.02228452,-0.2427859,78.61088,22.16141,273.7617,True,9,1,4
56.84306,0.05481244,0.02226222,-0.2427201,78.60175,22.17365,273.7764,True,9,1,4
56.84634,0.05477327,0.02223864,-0.2426504,78.5921,22.18661,273.7921,True,9,1,4
56.84933,0.0552044,0.02239095,-0.2427621,78.57555,22.56211,274.1696,True,9,1,4
56.85212,0.05520941,0.02239364,-0.2427216,78.56758,22.58265,274.1923,True,9,1,4
56.85488,0.05521441,0.02239637,-0.2426811,78.55956,22.60312,274.2149,True,9,1,4
56.8581,0.05548575,0.02246141,-0.2426949,78.54238,22.88677,274.5013,True,9,1,4
56.86117,0.05550683,0.02247129,-0.2426582,78.53432,22.91286,274.5295,True,9,1,4
56.86398,0.05552797,0.02248126,-0.2426214,78.52624,22.93898,274.5577,True,9,1,4
56.87487,0.05512888,0.02236462,-0.2424256,78.59094,22.47757,274.2415,True,9,1,4
56.87951,0.05513096,0.02235842,-0.2423413,78.58375,22.4882,274.2612,True,9,1,4
56.88367,0.05381265,0.02220868,-0.2416469,78.57623,20.64776,272.4328,True,9,1,4
56.88765,0.05373536,0.02217795,-0.2415233,78.56949,20.58338,272.3768,True,9,1,4
56.89153,0.05386265,0.02224004,-0.2415684,78.61125,20.53907,272.3709,True,9,1,4
56.89526,0.05383179,0.02223131,-0.2414676,78.60706,20.48301,272.3233,True,9,1,4
56.89846,0.05296713,0.02207251,-0.2414623,78.7411,19.43323,271.2319,True,9,1,4
56.90169,0.0528966,0.02205053,-0.241351,78.7417,19.34051,271.1458,True,9,1,4
56.90483,0.0528358,0.02203153,-0.2412552,78.7422,19.2606,271.0715,True,9,1,4
56.909,0.05365857,0.02221739,-0.2413114,78.73121,20.07639,271.8954,True,9,1,4
56.91264,0.05365834,0.02222751,-0.2411967,78.73159,20.00951,271.8359,True,9,1,4
56.91615,0.05370562,0.02216196,-0.2413757,78.82821,20.17557,272.1211,True,9,1,4
56.9201,0.05371045,0.02216782,-0.2412546,78.83277,20.11308,272.0714,True,9,1,4
56.92457,0.05378618,0.02219951,-0.2409553,78.78499,20.01409,271.9996,True,9,1,4
56.92878,0.05379682,0.02220441,-0.2408427,78.78709,19.95811,271.9554,True,9,1,4
56.93167,0.05406292,0.022274,-0.2401391,78.57816,19.93732,271.863,True,9,1,4
56.93522,0.0540865,0.02227113,-0.239997,78.57171,19.87955,271.8145,True,9,1,4
56.93882,0.05410567,0.02226873,-0.2398813,78.56651,19.8326,271.7751,True,9,1,4
56.94166,0.05413489,0.02232736,-0.2397941,78.54919,19.66579,271.5879,True,9,1,4
56.94542,0.05417076,0.0223344,-0.2396579,78.54186,19.60031,271.5309,True,9,1,4
56.94877,0.054065,0.02236377,-0.2396125,78.55556,19.25289,271.1326,True,9,1,4
56.95175,0.0540951,0.02237362,-0.2395236,78.55081,19.19738,271.0814,True,9,1,4
56.95407,0.05411857,0.02238128,-0.2394543,78.54714,19.15413,271.0415,True,9,1,4
56.95707,0.05380999,0.02226438,-0.2396116,78.64128,18.78905,270.6823,True,9,1,4
56.96066,0.05382649,0.02226342,-0.2395207,78.63918,18.7149,270.6132,True,9,1,4
56.96408,0.0538426,0.02226247,-0.239432,78.6371,18.64253,270.5456,True,9,1,4
56.96663,0.05377268,0.02221984,-0.2396622,78.7169,18.6114,270.5327,True,9,1,4
56.96964,0.05378145,0.02221894,-0.2396042,78.71744,18.55391,270.4794,True,9,1,4
56.97279,0.05379216,0.02221784,-0.2395333,78.71821,18.48364,270.4144,True,9,1,4
56.97579,0.05376919,0.02220286,-0.2396313,78.73848,18.47851,270.4015,True,9,1,4
56.97946,0.05377847,0.0222014,-0.2395631,78.73921,18.40205,270.3307,True,9,1,4
56.9827,0.05376982,0.0222041,-0.2395475,78.71915,18.3831,270.2929,True,9,1,4
56.986,0.05377211,0.02220154,-0.2395059,78.71968,18.326,270.2401,True,9,1,4
56.98914,0.05377461,0.02219874,-0.2394604,78.72024,18.26361,270.1823,True,9,1,4
56.99286,0.05355928,0.02218316,-0.2392784,78.67365,17.89882,269.8115,True,9,1,4
56.99629,0.05354606,0.0221753,-0.239238,78.67251,17.82938,269.7462,True,9,1,4
57.00002,0.05332617,0.02214931,-0.2390623,78.62717,17.41363,269.2661,True,9,1,4
57.00381,0.05330205,0.02213585,-0.2390268,78.62453,17.33487,269.1891,True,9,1,4
57.00687,0.05274356,0.02202429,-0.2391131,78.70848,16.76785,268.7174,True,9,1,4
57.01101,0.05266984,0.02199791,-0.2390674,78.70875,16.6518,268.6075,True,9,1,4
57.01434,0.05239256,0.02196053,-0.2391726,78.77467,16.35201,268.3979,True,9,1,4
57.01702,0.05233732,0.02194609,-0.239145,78.77653,16.27287,268.3248,True,9,1,4
57.01999,0.05227083,0.0219287,-0.2391118,78.77859,16.17759,268.2369,True,9,1,4
57.02345,0.05201986,0.02191071,-0.2391007,78.81873,15.97431,268.1021,True,9,1,4
57.02705,0.05193453,0.02189593,-0.2390585,78.82214,15.87099,268.0084,True,9,1,4
57.03034,0.05184678,0.02188072,-0.2390151,78.82571,15.76472,267.9121,True,9,1,4
57.03301,0.0519436,0.02201681,-0.2387672,78.73486,15.93944,268.1098,True,9,1,4
57.03565,0.05187877,0.02201681,-0.2387345,78.73527,15.87063,268.0484,True,9,1,4
57.03798,0.05181359,0.02201681,-0.2387018,78.73561,15.80147,267.9867,True,9,1,4
57.04115,0.05185368,0.02206281,-0.2386964,78.70467,15.95577,268.1671,True,9,1,4
57.04474,0.05174394,0.0220681,-0.2386579,78.70425,15.85248,268.0764,True,9,1,4
57.04802,0.05191292,0.02206841,-0.238822,78.71064,16.45454,268.6907,True,9,1,4
57.05076,0.05182466,0.02207205,-0.2388058,78.71064,16.40129,268.6464,True,9,1,4
57.05337,0.05174255,0.02207543,-0.2387907,78.71064,16.35176,268.6052,True,9,1,4
57.05611,0.05167639,0.02208936,-0.2385637,78.61862,16.45812,268.6331,True,9,1,4
57.05964,0.05156519,0.02208778,-0.2385456,78.61589,16.4065,268.5884,True,9,1,4
57.06266,0.05145012,0.02208616,-0.238527,78.61302,16.3531,268.5422,True,9,1,4
57.06604,0.05161753,0.02220303,-0.2382432,78.50381,16.59716,268.7405,True,9,1,4
57.06955,0.05151472,0.02221057,-0.2382174,78.4976,16.55436,268.7031,True,9,1,4
57.07217,0.05142409,0.02221723,-0.2381946,78.49219,16.51663,268.6702,True,9,1,4
57.07542,0.05153329,0.02224426,-0.238179,78.45152,16.73862,268.8878,True,9,1,4
57.07875,0.05142473,0.02225333,-0.2381575,78.44305,16.69917,268.8542,True,9,1,4
57.08176,0.05155886,0.0222581,-0.238161,78.43398,16.85708,269.0187,True,9,1,4
57.08453,0.05148565,0.02226445,-0.2381452,78.42786,16.8283,268.9942,True,9,1,4
57.08746,0.05141123,0.02227092,-0.2381291,78.42163,16.79904,268.9693,True,9,1,4
57.09042,0.05151106,0.02226679,-0.2381476,78.43059,16.8889,269.0719,True,9,1,4
57.09357,0.05145588,0.02227259,-0.2381294,78.42512,16.86316,269.05,True,9,1,4
57.0962,0.05140228,0.02227822,-0.2381118,78.41979,16.83817,269.0287,True,9,1,4
57.09953,0.05148217,0.02226827,-0.2381228,78.43288,16.86495,269.0629,True,9,1,4
57.10258,0.05144732,0.02227287,-0.2381031,78.42825,16.84318,269.0444,True,9,1,4
57.10474,0.05141839,0.0222767,-0.2380867,78.42442,16.82517,269.0291,True,9,1,4
57.1079,0.05147382,0.02226385,-0.2381583,78.46327,16.80856,269.0194,True,9,1,4
57.11105,0.05145054,0.02227123,-0.2381277,78.45776,16.78277,268.9974,True,9,1,4
57.11507,0.05145027,0.02224444,-0.2382043,78.49561,16.69545,268.9165,True,9,1,4
57.11787,0.05144305,0.02224867,-0.2381817,78.49251,16.67288,268.8971,True,9,1,4
57.1201,0.05143709,0.02225214,-0.238163,78.49003,16.65432,268.8811,True,9,1,4
57.12965,0.0514836,0.02222885,-0.2379867,78.45707,16.43353,268.7115,True,9,1,4
57.13291,0.05158475,0.02225716,-0.2379438,78.45547,16.37531,268.6776,True,9,1,4
57.13627,0.05160527,0.02226044,-0.2379145,78.45164,16.34622,268.6536,True,9,1,4
57.13885,0.0516242,0.02226347,-0.2378875,78.44814,16.31942,268.6316,True,9,1,4
57.14188,0.05157378,0.02225816,-0.2379084,78.46151,16.22778,268.5549,True,9,1,4
57.14478,0.05159479,0.02226172,-0.2378805,78.45786,16.20021,268.5323,True,9,1,4
57.14833,0.05148375,0.02225147,-0.237909,78.47033,16.09937,268.4445,True,9,1,4
57.15104,0.05149397,0.02225405,-0.237888,78.46734,16.07686,268.426,True,9,1,4
57.15366,0.05150275,0.02225628,-0.23787,78.46474,16.05757,268.4101,True,9,1,4
57.15649,0.0513816,0.02225342,-0.2378896,78.47285,15.97592,268.3457,True,9,1,4
57.15948,0.05138105,0.022256,-0.2378728,78.47021,15.95617,268.3295,True,9,1,4
57.16245,0.05138046,0.02225879,-0.2378547,78.46734,15.93477,268.3119,True,9,1,4
57.1653,0.05123706,0.0222428,-0.2379608,78.50006,15.93846,268.3667,True,9,1,4
57.16814,0.05121771,0.02224559,-0.2379471,78.49825,15.91753,268.351,True,9,1,4
57.17071,0.05120345,0.02224766,-0.237937,78.4969,15.90216,268.3395,True,9,1,4
57.17348,0.0510077,0.02223283,-0.2381111,78.55514,15.89383,268.3596,True,9,1,4
57.17655,0.0509666,0.02223787,-0.2381023,78.55507,15.87266,268.3445,True,9,1,4
57.17976,0.05092152,0.0222434,-0.2380928,78.55498,15.84941,268.3279,True,9,1,4
57.18315,0.05050556,0.02224706,-0.2379861,78.55845,15.47011,267.9221,True,9,1,4
57.18647,0.05043001,0.02225266,-0.2379677,78.55845,15.43425,267.8917,True,9,1,4
57.1891,0.05025663,0.02223508,-0.2379204,78.55616,15.53481,268.0119,True,9,1,4
57.19277,0.05015136,0.0222366,-0.2378948,78.55614,15.50258,267.9846,True,9,1,4
57.19572,0.05006442,0.02223784,-0.2378737,78.55614,15.47602,267.9621,True,9,1,4
57.19846,0.04987769,0.02224502,-0.2376402,78.49686,15.55064,268.0508,True,9,1,4
57.20177,0.04973911,0.02224241,-0.2376011,78.49486,15.52163,268.0272,True,9,1,4
57.20448,0.04964426,0.02224064,-0.2375743,78.49349,15.50176,268.011,True,9,1,4
57.20753,0.04937248,0.02225438,-0.237622,78.50157,15.88057,268.4166,True,9,1,4
57.21074,0.04916433,0.02225527,-0.2375802,78.49979,15.86235,268.4046,True,9,1,4
57.21389,0.04901263,0.02225591,-0.2375497,78.49849,15.84905,268.3959,True,9,1,4
57.21733,0.04849864,0.02223411,-0.2373901,78.49058,16.00451,268.7759,True,9,1,4
57.22041,0.04826369,0.02223134,-0.2373366,78.48886,15.9944,268.7782,True,9,1,4
57.22393,0.04817698,0.02235003,-0.2370287,78.38795,16.6523,269.4784,True,9,1,4
57.22739,0.0479122,0.02235784,-0.2369604,78.38293,16.66429,269.5037,True,9,1,4
57.23122,0.04780206,0.02229494,-0.2371916,78.41717,17.51757,270.4261,True,9,1,4
57.23398,0.04751645,0.02229483,-0.2371384,78.41354,17.55621,270.4794,True,9,1,4
57.23698,0.0472663,0.0222948,-0.2370918,78.41029,17.59,270.5261,True,9,1,4
57.24088,0.04689167,0.02229482,-0.2370225,78.40549,17.64054,270.5958,True,9,1,4
57.24447,0.04615963,0.02227159,-0.236188,78.19763,17.50615,270.4257,True,9,1,4
57.24822,0.04572613,0.02224863,-0.2360924,78.17728,17.59779,270.5088,True,9,1,4
57.25101,0.04540784,0.02223372,-0.2360175,78.16825,17.62766,270.5497,True,9,1,4
57.25378,0.04508616,0.02221881,-0.2359419,78.15913,17.65779,270.5909,True,9,1,4
57.25777,0.04502332,0.02228163,-0.2353589,77.93906,18.23049,271.1279,True,9,1,4
57.26086,0.0447034,0.02226432,-0.235276,77.92397,18.27427,271.1812,True,9,1,4
57.26324,0.04443122,0.02224977,-0.2352055,77.91113,18.31144,271.2264,True,9,1,4
57.26588,0.04522908,0.02246168,-0.2347839,77.71896,19.54687,272.463,True,9,1,4
57.26897,0.04489268,0.02246255,-0.2346622,77.69388,19.63901,272.5665,True,9,1,4
57.27279,0.04452742,0.02246402,-0.2345303,77.66663,19.73863,272.6784,True,9,1,4
57.2761,0.04464277,0.02250084,-0.2344144,77.61827,20.23621,273.3416,True,9,1,4
57.2823,0.04425585,0.02257997,-0.2340454,77.54744,20.53879,273.6281,True,9,1,4
57.28619,0.04394945,0.02259585,-0.2338954,77.51849,20.65248,273.7579,True,9,1,4
57.29001,0.04359133,0.02261512,-0.2337205,77.48459,20.78461,273.9088,True,9,1,4
57.29362,0.04433118,0.02262792,-0.2336308,77.40932,22.08393,275.2745,True,9,1,4
57.29646,0.04412831,0.02263865,-0.2335011,77.3841,22.20569,275.4107,True,9,1,4
57.29999,0.04410683,0.02261446,-0.2334964,77.41849,22.6108,275.8627,True,9,1,4
57.30302,0.04394519,0.02262439,-0.2333749,77.39729,22.72605,275.9918,True,9,1,4
57.30553,0.04378862,0.02263433,-0.2332573,77.37675,22.83727,276.1163,True,9,1,4
57.30791,0.04384625,0.02260794,-0.2334391,77.45552,23.38844,276.6738,True,9,1,4
57.31065,0.04366081,0.02262343,-0.2332877,77.43271,23.54086,276.8427,True,9,1,4
57.31429,0.0434669,0.02264014,-0.2331297,77.40881,23.69951,277.0186,True,9,1,4
57.31821,0.04327171,0.02249047,-0.2337384,77.59225,24.29971,277.673,True,9,1,4
57.32095,0.04311374,0.02249843,-0.2336327,77.57774,24.44531,277.8341,True,9,1,4
57.3238,0.0433206,0.02254857,-0.2335801,77.51717,24.88756,278.2394,True,9,1,4
57.32639,0.04319997,0.02255797,-0.2334965,77.5027,25.0241,278.3885,True,9,1,4
57.32951,0.04305079,0.02256992,-0.2333934,77.48472,25.19246,278.5723,True,9,1,4
57.33368,0.04294989,0.02260776,-0.2328373,77.33483,25.39225,278.7589,True,9,1,4
57.33648,0.04283021,0.02261278,-0.2327414,77.31705,25.5243,278.9025,True,9,1,4
57.34018,0.04338366,0.02267116,-0.2326017,77.23146,26.54621,279.815,True,9,1,4
57.34304,0.0432811,0.02268019,-0.2324832,77.20865,26.71855,279.9967,True,9,1,4
57.34637,0.04315133,0.02269217,-0.2323336,77.17971,26.93554,280.2256,True,9,1,4
57.3493,0.04327928,0.02263358,-0.2325464,77.22937,27.44982,280.6927,True,9,1,4
57.35236,0.04318497,0.02264068,-0.2324269,77.20596,27.64913,280.9006,True,9,1,4
57.35639,0.04331264,0.02274498,-0.232131,77.11515,27.86822,281.0537,True,9,1,4
57.35955,0.04325364,0.02276069,-0.232021,77.09128,28.05022,281.2412,True,9,1,4
57.36277,0.04318772,0.0227787,-0.2318982,77.06442,28.25262,281.4498,True,9,1,4
57.36588,0.04349684,0.02284579,-0.2317591,77.00888,28.3822,281.4569,True,9,1,4
57.36834,0.04348813,0.02286577,-0.2316619,76.98481,28.55264,281.6289,True,9,1,4
57.37113,0.04348037,0.0228838,-0.2315757,76.96336,28.70349,281.7811,True,9,1,4
57.37386,0.04338955,0.02287072,-0.231403,76.95249,28.46137,281.4419,True,9,1,4
57.37651,0.04339939,0.02288762,-0.231307,76.92883,28.61923,281.5985,True,9,1,4
57.37926,0.04340977,0.02290581,-0.2312056,76.90372,28.78548,281.7634,True,9,1,4
57.3824,0.04334544,0.02282004,-0.2313179,76.96763,28.85256,281.809,True,9,1,4
57.38551,0.04336807,0.02283156,-0.2312195,76.94436,29.02173,281.9761,True,9,1,4
57.38815,0.04338809,0.02284202,-0.2311323,76.92364,29.1711,282.1237,True,9,1,4
57.39114,0.04350787,0.0228519,-0.2311772,76.94185,29.2921,282.2494,True,9,1,4
57.39482,0.04356125,0.02286895,-0.2310775,76.91679,29.47969,282.4349,True,9,1,4
57.39759,0.04360481,0.02288313,-0.2309961,76.89619,29.63233,282.5859,True,9,1,4
57.40073,0.04372821,0.02288625,-0.2310109,76.9098,29.68242,282.5649,True,9,1,4
57.40376,0.04379242,0.02290118,-0.2309392,76.89059,29.82789,282.7069,True,9,1,4
57.4064,0.04419789,0.02288641,-0.2309311,76.84045,30.40078,283.0733,True,9,1,4
57.40922,0.04427655,0.02289568,-0.2308566,76.81909,30.56452,283.2272,True,9,1,4
57.41197,0.04436069,0.02290583,-0.2307769,76.79615,30.73907,283.3912,True,9,1,4
57.41605,0.04469087,0.02293675,-0.23049,76.66738,30.99924,283.479,True,9,1,4
57.41956,0.04479562,0.02294205,-0.230404,76.63815,31.1915,283.6539,True,9,1,4
57.4222,0.04489102,0.02294719,-0.2303257,76.61147,31.36595,283.8125,True,9,1,4
57.42535,0.04481201,0.02297558,-0.2300896,76.521,31.25973,283.597,True,9,1,4
57.42857,0.04489573,0.02297889,-0.2300145,76.49046,31.43474,283.752,True,9,1,4
57.43185,0.04497961,0.02298246,-0.2299393,76.45971,31.60936,283.9066,True,9,1,4
57.4357,0.04505443,0.02300511,-0.2298746,76.38305,31.64376,283.8724,True,9,1,4
57.43913,0.04513736,0.0230082,-0.2298225,76.35179,31.80659,284.0143,True,9,1,4
57.44193,0.04522013,0.02303499,-0.2298061,76.30942,31.78288,283.9493,True,9,1,4
57.44552,0.04533233,0.02304126,-0.2297635,76.2712,31.97089,284.1112,True,9,1,4
57.44916,0.04546858,0.02305792,-0.2297255,76.23814,32.06075,284.1506,True,9,1,4
57.45216,0.04556625,0.02306449,-0.2296956,76.2084,32.20335,284.2721,True,9,1,4
57.45525,0.04567737,0.02307217,-0.2296616,76.17446,32.36493,284.4096,True,9,1,4
57.4584,0.04575355,0.02308418,-0.2296053,76.15761,32.34748,284.3559,True,9,1,4
57.46195,0.04588094,0.02309421,-0.2295699,76.12277,32.50863,284.4915,True,9,1,4
57.46655,0.04592184,0.02311042,-0.2294723,76.11893,32.42041,284.3379,True,9,1,4
57.47057,0.04606799,0.02312575,-0.2294292,76.08447,32.57544,284.4653,True,9,1,4
57.47392,0.04599614,0.02310827,-0.2293941,76.1153,32.35659,284.2188,True,9,1,4
57.47717,0.0461527,0.02312453,-0.2293505,76.08369,32.4968,284.3318,True,9,1,4
57.48796,0.04644057,0.02311797,-0.2293081,76.07406,32.54046,284.2776,True,9,1,4
57.49066,0.046234,0.02301145,-0.229454,76.18639,32.26514,283.9994,True,9,1,4
57.49435,0.04638909,0.02301942,-0.229423,76.16611,32.3643,284.0749,True,9,1,4
57.49838,0.04690557,0.02314666,-0.2297001,76.19825,32.5669,284.3757,True,9,1,4
57.50221,0.04716505,0.02318579,-0.2296942,76.17546,32.69179,284.477,True,9,1,4
57.50504,0.04733113,0.02321084,-0.2296904,76.16083,32.77156,284.5416,True,9,1,4
57.50748,0.04765165,0.02329373,-0.2295991,76.13198,32.59656,284.3797,True,9,1,4
57.51077,0.04794247,0.02333882,-0.2295995,76.11038,32.70366,284.4658,True,9,1,4
57.51522,0.04801839,0.02334382,-0.2295386,76.0999,32.60838,284.3451,True,9,1,4
57.51806,0.04822242,0.02337286,-0.2295369,76.08408,32.68261,284.4035,True,9,1,4
57.52071,0.04841418,0.02340013,-0.2295354,76.06921,32.75227,284.4583,True,9,1,4
57.52361,0.04738685,0.02312192,-0.229427,76.18811,31.88988,283.5556,True,9,1,4
57.52718,0.04754595,0.02312015,-0.2294111,76.17361,31.94947,283.5945,True,9,1,4
57.53132,0.0478318,0.02323766,-0.2295278,76.12334,32.25393,283.8828,True,9,1,4
57.53468,0.04797971,0.02325316,-0.2295344,76.10738,32.32189,283.9302,True,9,1,4
57.53971,0.04786063,0.02313319,-0.2299699,76.17006,32.63644,284.2744,True,9,1,4
57.54369,0.04796321,0.02313331,-0.2300108,76.15561,32.72158,284.339,True,9,1,4
57.54667,0.04805613,0.0231334,-0.2300479,76.14249,32.79862,284.3975,True,9,1,4
57.55123,0.04818527,0.02323905,-0.2299471,76.00764,32.86771,284.3649,True,9,1,4
57.55403,0.04824266,0.02324297,-0.2299899,75.99403,32.92678,284.4072,True,9,1,4
57.55699,0.04859177,0.02333078,-0.2300003,75.8757,33.35347,284.6954,True,9,1,4
57.5601,0.04864402,0.02333747,-0.2300518,75.85854,33.4238,284.7449,True,9,1,4
57.56304,0.04869687,0.02334425,-0.2301039,75.8412,33.49482,284.7949,True,9,1,4
57.56607,0.0491885,0.02339329,-0.2302484,75.75771,34.12125,285.4405,True,9,1,4
57.56956,0.04925119,0.02340074,-0.2303052,75.73759,34.21014,285.5091,True,9,1,4
57.57212,0.04930489,0.02340713,-0.2303539,75.72034,34.28615,285.5677,True,9,1,4
57.57454,0.04960952,0.02342932,-0.230228,75.6396,34.4395,285.7502,True,9,1,4
57.57703,0.04968097,0.02343301,-0.230271,75.61952,34.52096,285.8146,True,9,1,4
57.58034,0.04977359,0.02343781,-0.2303268,75.59345,34.62636,285.8978,True,9,1,4
57.58396,0.0498316,0.02344404,-0.2300994,75.53495,34.29954,285.5467,True,9,1,4
57.58633,0.04990785,0.02344508,-0.2301308,75.51702,34.35926,285.5917,True,9,1,4
57.58885,0.04999987,0.02344631,-0.2301688,75.49535,34.43118,285.6458,True,9,1,4
57.592,0.05023824,0.02349068,-0.2301659,75.4703,34.17551,285.3585,True,9,1,4
57.59544,0.05040229,0.02349842,-0.2302269,75.44323,34.25345,285.4137,True,9,1,4
57.59811,0.05059664,0.02350096,-0.2305305,75.49397,34.34227,285.5091,True,9,1,4
57.6012,0.05077536,0.02351515,-0.2306034,75.47105,34.41596,285.5623,True,9,1,4
57.604,0.0509113,0.02352591,-0.2306589,75.45354,34.47188,285.6027,True,9,1,4
57.60658,0.05074875,0.02351248,-0.2307064,75.50777,34.1948,285.3328,True,9,1,4
57.60898,0.05087725,0.0235254,-0.2307557,75.49288,34.24077,285.3646,True,9,1,4
57.61188,0.05104706,0.02354239,-0.2308208,75.4732,34.30136,285.4065,True,9,1,4
57.61562,0.05086106,0.02350962,-0.2309141,75.54832,34.14909,285.2645,True,9,1,4
57.61845,0.05100263,0.02352756,-0.2309573,75.53211,34.19938,285.2994,True,9,1,4
57.62141,0.05114526,0.02354561,-0.2310009,75.5158,34.24997,285.3344,True,9,1,4
57.62429,0.05091188,0.02349931,-0.2311006,75.60187,34.12867,285.2207,True,9,1,4
57.62777,0.05105535,0.0235204,-0.2311369,75.58659,34.1819,285.2565,True,9,1,4
57.6309,0.05118468,0.02353936,-0.2311695,75.57277,34.22981,285.2888,True,9,1,4
57.63392,0.05101546,0.02350502,-0.2312928,75.6628,34.16966,285.247,True,9,1,4
57.63697,0.0511194,0.02352345,-0.2313119,75.65331,34.20973,285.274,True,9,1,4
57.63986,0.05073268,0.02334011,-0.232133,75.98199,34.27343,285.5352,True,9,1,4
57.6437,0.0508706,0.02336799,-0.2321751,75.98241,34.33046,285.5827,True,9,1,4
57.64627,0.0509738,0.02338885,-0.2322067,75.98266,34.37314,285.6183,True,9,1,4
57.64969,0.05121013,0.02345893,-0.2325609,76.12198,34.50674,285.7769,True,9,1,4
57.65244,0.0513472,0.02349675,-0.2325926,76.12626,34.55171,285.8159,True,9,1,4
57.65568,0.05152209,0.02354504,-0.232633,76.13174,34.6092,285.8657,True,9,1,4
57.65882,0.0511384,0.02353574,-0.2326341,76.25308,33.92688,285.115,True,9,1,4
57.66154,0.05127703,0.02357686,-0.2326634,76.26089,33.95099,285.1312,True,9,1,4
57.66483,0.05095693,0.02347524,-0.2330594,76.46671,33.62556,284.861,True,9,1,4
57.66827,0.05112849,0.02352266,-0.2331087,76.48409,33.64283,284.8707,True,9,1,4
57.67174,0.05128548,0.02356617,-0.233154,76.5,33.65868,284.8797,True,9,1,4
57.67416,0.04977383,0.02311182,-0.2333352,76.83672,32.11029,283.3372,True,9,1,4
57.67699,0.04985894,0.02311106,-0.2333713,76.86094,32.07399,283.295,True,9,1,4
57.67967,0.04994355,0.02311042,-0.2334073,76.88504,32.03775,283.2531,True,9,1,4
57.68297,0.04926988,0.02291071,-0.2339032,77.18267,31.24726,282.542,True,9,1,4
57.68583,0.04934675,0.02290547,-0.2339515,77.21371,31.18756,282.4793,True,9,1,4
57.68864,0.04943062,0.0229,-0.2340043,77.24757,31.12203,282.4104,True,9,1,4
57.6955,0.04877414,0.02275567,-0.2346907,77.61573,30.11946,281.3998,True,9,1,4
57.69888,0.04826567,0.02269021,-0.2349279,77.76022,29.49065,280.71,True,9,1,4
57.70158,0.04830741,0.02268834,-0.2350152,77.80534,29.37331,280.5876,True,9,1,4
57.7048,0.04834603,0.02268699,-0.2350961,77.84711,29.26377,280.4733,True,9,1,4
57.70742,0.04807203,0.02269988,-0.2357439,78.02808,29.05959,280.354,True,9,1,4
57.7107,0.04810759,0.02271509,-0.2358979,78.08731,28.91012,280.2017,True,9,1,4
57.71396,0.04813642,0.022728,-0.2360233,78.13549,28.78733,280.0767,True,9,1,4
57.71687,0.047901,0.02256572,-0.2368254,78.37171,28.67145,280.0169,True,9,1,4
57.72061,0.04793189,0.02257104,-0.2370323,78.44101,28.50856,279.8534,True,9,1,4
57.72379,0.047828,0.02246906,-0.2373943,78.53967,28.39874,279.7347,True,9,1,4
57.72675,0.04783707,0.02246234,-0.2375541,78.59034,28.28021,279.6155,True,9,1,4
57.7299,0.04784735,0.02245525,-0.2377372,78.64843,28.14315,279.4777,True,9,1,4
57.73286,0.04761361,0.02240555,-0.2386607,78.88062,28.23938,279.6245,True,9,1,4
57.73649,0.04760249,0.02240616,-0.2389055,78.94965,28.09543,279.4814,True,9,1,4
57.73976,0.0473371,0.02238062,-0.2392284,79.04061,27.87488,279.2667,True,9,1,4
57.74302,0.04729402,0.02237988,-0.2394827,79.11049,27.72313,279.1161,True,9,1,4
57.74644,0.04724747,0.02237996,-0.2397564,79.1857,27.55762,278.9517,True,9,1,4
57.75065,0.04709136,0.02238403,-0.2398346,79.17271,27.1454,278.4982,True,9,1,4
57.75385,0.04703561,0.02237941,-0.2400794,79.2348,26.98949,278.3419,True,9,1,4
57.75684,0.04696991,0.02242583,-0.2402605,79.24654,26.82458,278.1869,True,9,1,4
57.75999,0.04691019,0.02242582,-0.2404901,79.30128,26.68026,278.0425,True,9,1,4
57.7625,0.04685964,0.02242622,-0.2406842,79.34743,26.55709,277.9194,True,9,1,4
57.76629,0.04702777,0.02248555,-0.2407019,79.26894,26.42581,277.7308,True,9,1,4
57.76955,0.04697604,0.0224842,-0.2409217,79.31606,26.2887,277.592,True,9,1,4
57.77241,0.04692162,0.02248323,-0.2411525,79.36553,26.14343,277.4451,True,9,1,4
57.77505,0.04702216,0.02245907,-0.2419822,79.47697,26.56364,277.9607,True,9,1,4
57.77926,0.04693828,0.02246022,-0.2424011,79.55498,26.36794,277.7667,True,9,1,4
57.78325,0.04691416,0.02235427,-0.243431,79.7181,26.76295,278.2763,True,9,1,4
57.78704,0.04683024,0.02234592,-0.2438446,79.78824,26.61701,278.1361,True,9,1,4
57.79016,0.04686594,0.02224955,-0.2444109,79.84615,26.92463,278.5939,True,9,1,4
57.79348,0.04678537,0.02222954,-0.2447731,79.90456,26.81771,278.4965,True,9,1,4
57.80415,0.04623575,0.02214126,-0.245861,80.06792,25.96412,277.6475,True,9,1,4
57.80814,0.04633039,0.02218999,-0.2464987,80.10624,26.2456,278.1006,True,9,1,4
57.81087,0.04623717,0.02217662,-0.2468834,80.16141,26.13429,278.0029,True,9,1,4
57.81489,0.04612385,0.02216102,-0.2473515,80.22851,25.99729,277.8824,True,9,1,4
57.81841,0.04639308,0.02224115,-0.2475195,80.11845,26.28996,278.1387,True,9,1,4
57.82135,0.04630495,0.02223125,-0.2478943,80.16665,26.19293,278.0535,True,9,1,4
57.82454,0.04664015,0.02227208,-0.2480047,80.01688,26.60973,278.4127,True,9,1,4
57.82767,0.04654653,0.02225596,-0.2484047,80.06118,26.52608,278.3394,True,9,1,4
57.83099,0.04644535,0.02223893,-0.2488374,80.10909,26.43475,278.2592,True,9,1,4
57.83401,0.04653756,0.02222693,-0.2488973,80.02362,26.6358,278.5251,True,9,1,4
57.83785,0.04641538,0.02219968,-0.2493576,80.07148,26.54736,278.451,True,9,1,4
57.84108,0.04622865,0.02227484,-0.2491199,79.96822,25.95946,277.8019,True,9,1,4
57.8443,0.04610208,0.02225402,-0.249538,80.00966,25.85097,277.7048,True,9,1,4
57.8475,0.04600528,0.02223833,-0.2498581,80.0412,25.76734,277.6299,True,9,1,4
57.85104,0.04580573,0.02219293,-0.2499089,79.99339,25.5154,277.5273,True,9,1,4
57.85406,0.04568344,0.02216709,-0.2502475,80.02571,25.41746,277.4435,True,9,1,4
57.85683,0.0454911,0.02213585,-0.2510065,80.19773,25.6273,277.6869,True,9,1,4
57.86137,0.04530945,0.02211168,-0.2514968,80.24986,25.50065,277.581,True,9,1,4
57.86401,0.04520193,0.02209759,-0.2517875,80.2808,25.42502,277.5176,True,9,1,4
57.86707,0.04561257,0.0222027,-0.2517074,80.15247,26.02514,278.0266,True,9,1,4
57.87051,0.04550142,0.02219279,-0.2520131,80.18294,25.96144,277.9738,True,9,1,4
57.87353,0.04591243,0.02220938,-0.252153,80.10307,26.79808,278.6553,True,9,1,4
57.87672,0.04579686,0.02219476,-0.2524722,80.13267,26.76135,278.6248,True,9,1,4
57.87961,0.04568278,0.02218041,-0.2527875,80.16197,26.72493,278.5945,True,9,1,4
57.88301,0.04593806,0.02217187,-0.2529093,80.14347,27.27768,279.0351,True,9,1,4
57.88551,0.04586035,0.02215928,-0.2531264,80.16445,27.26519,279.0244,True,9,1,4
57.88872,0.04574805,0.02214113,-0.2534402,80.1948,27.24706,279.0089,True,9,1,4
57.89178,0.04592143,0.02214955,-0.2535159,80.17761,27.49755,279.2509,True,9,1,4
57.89465,0.04584282,0.02213527,-0.2537575,80.20124,27.4899,279.2451,True,9,1,4
57.89729,0.04577243,0.02212252,-0.253974,80.22243,27.48299,279.2399,True,9,1,4
57.90148,0.04614789,0.02221884,-0.253882,80.07211,27.95439,279.7334,True,9,1,4
57.9043,0.04609026,0.02221037,-0.2540755,80.08781,27.96104,279.7422,True,9,1,4
57.90673,0.04640981,0.02223636,-0.2540951,80.01322,28.78149,280.5995,True,9,1,4
57.90958,0.04633329,0.02222532,-0.2543037,80.02891,28.81564,280.6371,True,9,1,4
57.91262,0.04624841,0.02221304,-0.2545351,80.04628,28.85367,280.6791,True,9,1,4
57.91595,0.04638713,0.02224232,-0.2546844,80.01448,29.37831,281.3241,True,9,1,4
57.91863,0.04631754,0.02223507,-0.2548561,80.02662,29.42137,281.3732,True,9,1,4
57.92095,0.04625278,0.02222826,-0.2550159,80.03783,29.46157,281.4191,True,9,1,4
57.92373,0.04684865,0.02233401,-0.2549026,79.83636,30.51381,282.3698,True,9,1,4
57.92687,0.04676898,0.02232778,-0.2550932,79.8436,30.59474,282.4544,True,9,1,4
57.93077,0.04666146,0.02231927,-0.2553506,79.85316,30.70416,282.5687,True,9,1,4
57.93423,0.04703614,0.02241166,-0.2550424,79.66972,31.06865,282.7881,True,9,1,4
57.9371,0.04698091,0.0224077,-0.2551861,79.67073,31.14471,282.8633,True,9,1,4
57.93968,0.04714305,0.02241899,-0.2553549,79.69045,31.59967,283.2823,True,9,1,4
57.94268,0.04709113,0.02241799,-0.2555092,79.69213,31.70244,283.3829,True,9,1,4
57.94621,0.04702662,0.02241662,-0.255701,79.69416,31.83013,283.5081,True,9,1,4
57.95377,0.0474401,0.02248639,-0.2561712,79.71025,32.75957,284.4295,True,9,1,4
57.95734,0.04771243,0.0224921,-0.256422,79.7392,33.20107,284.9118,True,9,1,4
57.96008,0.0477238,0.02249968,-0.2565314,79.74104,33.30773,285.0178,True,9,1,4
57.96255,0.04773512,0.02250721,-0.2566405,79.7428,33.41408,285.1234,True,9,1,4
57.96521,0.04799649,0.02247198,-0.2567325,79.75777,33.76517,285.5244,True,9,1,4
57.96796,0.048036,0.02247594,-0.2568498,79.76007,33.90319,285.6631,True,9,1,4
57.9707,0.0480672,0.02247906,-0.2569423,79.76192,34.0122,285.7726,True,9,1,4
57.97299,0.04805392,0.02247387,-0.2568482,79.79375,33.87363,285.6355,True,9,1,4
57.9753,0.04809613,0.0224783,-0.2569153,79.79545,33.97321,285.7355,True,9,1,4
57.97865,0.04815875,0.02248485,-0.2570148,79.79789,34.1209,285.884,True,9,1,4
57.98264,0.04800505,0.02249432,-0.2568704,79.87412,33.70943,285.3896,True,9,1,4
57.98572,0.04807483,0.02250543,-0.2569205,79.87887,33.82234,285.5004,True,9,1,4
57.98901,0.04815445,0.02251816,-0.2569777,79.88419,33.95132,285.627,True,9,1,4
57.99203,0.04804622,0.022486,-0.2569822,79.95975,33.86706,285.4855,True,9,1,4
57.99511,0.04811298,0.02249545,-0.2570113,79.96657,33.97071,285.5853,True,9,1,4
57.99814,0.04804612,0.02247518,-0.257105,80.03585,34.05377,285.6595,True,9,1,4
58.00152,0.048119,0.02248628,-0.2571283,80.04616,34.17703,285.7781,True,9,1,4
58.00693,0.0480976,0.02247927,-0.2572688,80.10992,34.37645,285.9789,True,9,1,4
58.00994,0.04815252,0.02248925,-0.2572883,80.12036,34.48675,286.0854,True,9,1,4
58.01307,0.0482076,0.02249932,-0.2573078,80.1308,34.59766,286.1924,True,9,1,4
58.0162,0.04813759,0.02249533,-0.2575369,80.18626,34.82124,286.4184,True,9,1,4
58.01858,0.04816704,0.0225035,-0.2575601,80.19485,34.90531,286.4998,True,9,1,4
58.02087,0.04819652,0.02251169,-0.2575833,80.20338,34.9896,286.5815,True,9,1,4
58.02328,0.04821341,0.02251941,-0.2578399,80.23853,35.36473,286.9656,True,9,1,4
58.02628,0.04823809,0.02253078,-0.2578823,80.24944,35.47561,287.0736,True,9,1,4
58.02901,0.0482613,0.02254149,-0.2579221,80.25975,35.58012,287.1754,True,9,1,4
58.03216,0.0484185,0.02253905,-0.2582386,80.26875,36.33632,287.9698,True,9,1,4
58.03556,0.04843294,0.02255119,-0.2583129,80.28232,36.50548,288.1368,True,9,1,4
58.03886,0.0484451,0.02256145,-0.2583754,80.29372,36.64836,288.2778,True,9,1,4
58.04182,0.04854667,0.02255611,-0.2585864,80.28554,37.08814,288.7311,True,9,1,4
58.0449,0.04855313,0.02256382,-0.25867,80.2969,37.25239,288.894,True,9,1,4
58.04817,0.04848602,0.02251998,-0.2588278,80.29986,37.49131,289.1411,True,9,1,4
58.05108,0.04847543,0.02251904,-0.2589108,80.30928,37.63759,289.2865,True,9,1,4
58.05366,0.04846605,0.02251819,-0.2589842,80.31757,37.76707,289.4151,True,9,1,4
58.05656,0.04849749,0.02254245,-0.2590108,80.26077,37.89065,289.5617,True,9,1,4
58.05935,0.04848098,0.022541,-0.2590953,80.26736,38.01927,289.69,True,9,1,4
58.06251,0.0484609,0.02253923,-0.259198,80.27531,38.17571,289.8461,True,9,1,4
58.06564,0.0486293,0.02258144,-0.2593395,80.19049,38.29809,290.0514,True,9,1,4
58.06914,0.04861458,0.0225798,-0.2595049,80.19624,38.48357,290.2397,True,9,1,4
58.072,0.04860453,0.02257866,-0.259618,80.20018,38.61058,290.3685,True,9,1,4
58.07455,0.04865007,0.02255373,-0.2598489,80.19209,38.5591,290.3087,True,9,1,4
58.07741,0.04864779,0.02254768,-0.2600234,80.19669,38.70945,290.4613,True,9,1,4
58.08102,0.04864568,0.02254197,-0.2601858,80.20086,38.84959,290.6035,True,9,1,4
58.08401,0.04885368,0.02251387,-0.2604505,80.17782,39.18296,290.8944,True,9,1,4
58.08725,0.04886541,0.02250294,-0.2606356,80.18109,39.33501,291.0471,True,9,1,4
58.0905,0.04860001,0.02249242,-0.2605974,80.19576,38.62321,290.2963,True,9,1,4
58.09369,0.04861649,0.02248316,-0.260765,80.1993,38.73573,290.4083,True,9,1,4
58.09622,0.04863031,0.02247533,-0.2609054,80.20222,38.83006,290.5022,True,9,1,4
58.09911,0.04853428,0.02248557,-0.2608517,80.15359,38.15964,289.7903,True,9,1,4
58.10194,0.04856314,0.02247484,-0.2610471,80.15584,38.25374,289.8825,True,9,1,4
58.10524,0.04858948,0.02246501,-0.2612254,80.15789,38.33975,289.9667,True,9,1,4
58.10761,0.04843031,0.02246416,-0.2614312,80.21053,38.20797,289.8904,True,9,1,4
58.11176,0.04846477,0.0224552,-0.2617112,80.21598,38.33209,290.0144,True,9,1,4
58.115,0.04848732,0.02244925,-0.2618945,80.21946,38.41339,290.0956,True,9,1,4
58.118,0.04867394,0.02246679,-0.2621812,80.23969,38.88965,290.6288,True,9,1,4
58.12096,0.04870391,0.02246478,-0.26236,80.24358,38.98338,290.7241,True,9,1,4
58.12369,0.0485518,0.02242975,-0.2623141,80.22686,38.62928,290.3383,True,9,1,4
58.12656,0.04857186,0.02242216,-0.2624757,80.22996,38.70462,290.4142,True,9,1,4
58.13005,0.04859572,0.0224131,-0.2626677,80.23366,38.7942,290.5044,True,9,1,4
58.13303,0.04850679,0.02243036,-0.2625898,80.20789,38.60633,290.2555,True,9,1,4
58.13654,0.04851977,0.02242382,-0.2627484,80.21049,38.68025,290.3281,True,9,1,4
58.1398,0.0486941,0.02254465,-0.2624924,80.09563,38.64683,290.1931,True,9,1,4
58.14265,0.0487088,0.02254963,-0.2626281,80.0942,38.71667,290.2582,True,9,1,4
58.14567,0.04872321,0.02255449,-0.2627612,80.09287,38.78517,290.3221,True,9,1,4
58.14891,0.04901385,0.0226154,-0.2626451,79.99645,39.29619,290.8088,True,9,1,4
58.15214,0.04902447,0.02262288,-0.2627612,79.99155,39.3848,290.8918,True,9,1,4
58.15548,0.04903625,0.02263115,-0.2628902,79.98608,39.48322,290.9839,True,9,1,4
58.16134,0.04950273,0.02267103,-0.2628689,79.83968,40.34339,291.7696,True,9,1,4
58.16572,0.04965159,0.02264842,-0.26331,79.85596,41.18178,292.6053,True,9,1,4
58.1686,0.04965246,0.02264979,-0.2634228,79.84615,41.32595,292.7413,True,9,1,4
58.17282,0.04975105,0.02266274,-0.2638039,79.87772,41.895,293.2809,True,9,1,4
58.1755,0.0497539,0.02266757,-0.2638893,79.8717,42.00532,293.3851,True,9,1,4
58.17896,0.04975819,0.02267484,-0.2640185,79.86262,42.17171,293.5421,True,9,1,4
58.18227,0.04992728,0.02269396,-0.2644753,79.90939,42.76874,294.1121,True,9,1,4
58.18498,0.04994353,0.02270418,-0.2645828,79.90411,42.90189,294.238,True,9,1,4
58.18753,0.04995836,0.02271351,-0.264681,79.89919,43.02351,294.3529,True,9,1,4
58.19005,0.04997676,0.0226955,-0.2649989,79.97052,43.32423,294.6481,True,9,1,4
58.19377,0.05001206,0.02271014,-0.2651431,79.96612,43.50637,294.8208,True,9,1,4
58.1967,0.05004121,0.0227222,-0.2652623,79.9625,43.65689,294.9634,True,9,1,4
58.20025,0.0502625,0.02274817,-0.2656775,80.00444,44.21951,295.5904,True,9,1,4
58.20308,0.05030448,0.02276234,-0.2657886,80.00221,44.36032,295.7263,True,9,1,4
58.20544,0.05034263,0.0227752,-0.2658895,80.00011,44.48819,295.8499,True,9,1,4
58.20773,0.05035673,0.02274995,-0.2661963,80.05596,44.73889,296.1578,True,9,1,4
58.21147,0.05043149,0.02277043,-0.2663863,80.05442,44.97018,296.384,True,9,1,4
58.21509,0.05008921,0.02268574,-0.2670279,80.20435,45.097,296.5846,True,9,1,4
58.2177,0.05012229,0.02269433,-0.2671749,80.20724,45.24121,296.7277,True,9,1,4
58.22063,0.05016106,0.02270438,-0.267347,80.21053,45.41022,296.8955,True,9,1,4
58.22334,0.05002508,0.0226479,-0.2681372,80.34241,45.76333,297.3228,True,9,1,4
58.22601,0.05005743,0.02265508,-0.2683179,80.34816,45.90879,297.4693,True,9,1,4
58.2294,0.05010308,0.02266516,-0.268573,80.35615,46.11433,297.6761,True,9,1,4
58.23309,0.04986499,0.02259715,-0.2689758,80.44112,46.11594,297.6891,True,9,1,4
58.23582,0.04988699,0.02259903,-0.269152,80.44816,46.24925,297.8236,True,9,1,4
58.23856,0.04991341,0.02260122,-0.2693635,80.45647,46.40956,297.9852,True,9,1,4
58.24192,0.04983854,0.02255224,-0.2697619,80.47721,46.36918,297.9621,True,9,1,4
58.24581,0.04987542,0.02254653,-0.2701239,80.49029,46.60497,298.2006,True,9,1,4
58.24945,0.04963705,0.02254483,-0.2706095,80.57635,46.47586,298.0838,True,9,1,4
58.25274,0.04966002,0.02254578,-0.2709132,80.58886,46.64776,298.2582,True,9,1,4
58.25567,0.04968236,0.02254663,-0.2712082,80.60088,46.81514,298.4279,True,9,1,4
58.25842,0.04984508,0.0226189,-0.271328,80.53866,46.6467,298.1624,True,9,1,4
58.26118,0.04987705,0.02262482,-0.2716018,80.54724,46.78439,298.2993,True,9,1,4
58.26682,0.05003849,0.02261445,-0.2719245,80.47684,46.7891,298.2965,True,9,1,4
58.26959,0.05006785,0.02261288,-0.2721648,80.48221,46.9022,298.4088,True,9,1,4
58.27199,0.05009697,0.02261126,-0.2724029,80.4875,47.0144,298.5203,True,9,1,4
58.27442,0.04987998,0.02255557,-0.2727248,80.5461,46.51791,298.0737,True,9,1,4
58.27821,0.04993643,0.02254665,-0.27317,80.55752,46.6854,298.2419,True,9,1,4
58.28212,0.0499635,0.02249551,-0.2731937,80.52925,46.41975,297.9879,True,9,1,4
58.28515,0.05000722,0.02248032,-0.2734889,80.53664,46.52715,298.0958,True,9,1,4
58.28819,0.05005088,0.02246507,-0.2737835,80.54391,46.63451,298.2037,True,9,1,4
58.29151,0.05041114,0.02249655,-0.273821,80.43635,46.5137,298.1078,True,9,1,4
58.29503,0.05047736,0.02248092,-0.2741148,80.44041,46.61358,298.2089,True,9,1,4
58.29803,0.05054297,0.02246535,-0.2744057,80.4445,46.71252,298.309,True,9,1,4
58.3009,0.05069131,0.02246127,-0.274275,80.3845,46.5624,298.171,True,9,1,4
58.30404,0.0507553,0.02244498,-0.2745135,80.38669,46.64565,298.2555,True,9,1,4
58.30758,0.05075639,0.02254723,-0.2740415,80.28544,45.57824,297.1292,True,9,1,4
58.31119,0.05085889,0.02253865,-0.2743294,80.28453,45.64467,297.195,True,9,1,4
58.31448,0.05095624,0.02265647,-0.2742971,80.26369,45.06924,296.5933,True,9,1,4
58.31721,0.05105586,0.02266644,-0.2745044,80.26259,45.09954,296.6224,True,9,1,4
58.31985,0.05114921,0.02267574,-0.2746986,80.26148,45.12799,296.6497,True,9,1,4
58.32272,0.05092199,0.02261376,-0.2746132,80.30239,44.4118,295.8739,True,9,1,4
58.32563,0.05101169,0.022616,-0.2747862,80.30256,44.41973,295.8791,True,9,1,4
58.32857,0.05111303,0.02261855,-0.2749818,80.30266,44.42862,295.8849,True,9,1,4
58.33138,0.05096279,0.02255934,-0.2749056,80.3209,43.95637,295.3723,True,9,1,4
58.3349,0.05107806,0.02255274,-0.2751233,80.32172,43.94851,295.3591,True,9,1,4
58.33753,0.05115175,0.02254853,-0.2752626,80.32228,43.94349,295.3507,True,9,1,4
58.34083,0.05121479,0.02253008,-0.2753128,80.33791,43.95229,295.3914,True,9,1,4
58.34437,0.05133089,0.02252261,-0.2755026,80.33875,43.94498,295.3792,True,9,1,4
58.3483,0.0516969,0.02256732,-0.2751542,80.22559,43.85053,295.2479,True,9,1,4
58.35173,0.05181815,0.02256067,-0.2752799,80.22216,43.84071,295.2323,True,9,1,4
58.35523,0.05194652,0.02255362,-0.2754129,80.21845,43.8303,295.2158,True,9,1,4
58.35815,0.0516976,0.02254978,-0.2750686,80.27351,43.01087,294.4572,True,9,1,4
58.36079,0.05179466,0.02254787,-0.2751293,80.27235,42.98071,294.4244,True,9,1,4
58.36349,0.05188986,0.02254602,-0.2751889,80.27126,42.9511,294.3922,True,9,1,4
58.36639,0.05160297,0.02252173,-0.2747035,80.26859,42.19581,293.6574,True,9,1,4
58.37007,0.05169429,0.02251613,-0.2747258,80.26706,42.13506,293.5942,True,9,1,4
58.37317,0.0515176,0.02247587,-0.2742392,80.22353,41.55318,293.0907,True,9,1,4
58.37681,0.05159155,0.02245969,-0.2742151,80.22006,41.4657,293.0035,True,9,1,4
58.37965,0.05165329,0.02244617,-0.274195,80.21714,41.39263,292.9308,True,9,1,4
58.38281,0.05151226,0.02245578,-0.2736844,80.13284,40.85372,292.4729,True,9,1,4
58.38588,0.05154785,0.02244058,-0.2736363,80.12725,40.76764,292.3896,True,9,1,4
58.38898,0.05153008,0.02248265,-0.2732514,80.048,40.48668,292.1493,True,9,1,4
58.39188,0.05154452,0.02247353,-0.2731957,80.04154,40.41291,292.0789,True,9,1,4
58.3956,0.05156645,0.02245967,-0.273111,80.03169,40.301,291.9719,True,9,1,4
58.39858,0.05156026,0.02250667,-0.2727895,79.95753,40.11886,291.823,True,9,1,4
58.40186,0.05156366,0.02249838,-0.2726923,79.94559,40.01031,291.7203,True,9,1,4
58.4051,0.05156651,0.02249137,-0.2726101,79.93549,39.91876,291.6337,True,9,1,4
58.40781,0.05160433,0.02253765,-0.2722642,79.84954,39.76321,291.5113,True,9,1,4
58.41108,0.05159703,0.02253219,-0.2721503,79.8348,39.65372,291.4087,True,9,1,4
58.41495,0.05158965,0.0225267,-0.2720354,79.81987,39.54365,291.3055,True,9,1,4
58.42017,0.05143838,0.02258022,-0.2714716,79.73216,39.07169,290.8328,True,9,1,4
58.42309,0.05135946,0.0226046,-0.2708926,79.64949,38.84151,290.6392,True,9,1,4
58.42662,0.05131616,0.02260305,-0.2707181,79.63117,38.72971,290.5345,True,9,1,4
58.42973,0.05127536,0.0226016,-0.2705539,79.61381,38.62484,290.4362,True,9,1,4
58.4341,0.05132627,0.02263242,-0.2696362,79.40378,38.47574,290.3461,True,9,1,4
58.43777,0.05125652,0.02262379,-0.2694128,79.37865,38.36523,290.2445,True,9,1,4
58.44083,0.05134735,0.02272439,-0.2686799,79.19345,38.14145,290.0287,True,9,1,4
58.44408,0.05126578,0.02272096,-0.2684192,79.16112,38.02494,289.9214,True,9,1,4
58.44868,0.05150177,0.02275218,-0.2674947,78.95379,38.15574,289.9537,True,9,1,4
58.45158,0.05142937,0.02274328,-0.2672281,78.92168,38.069,289.8713,True,9,1,4
58.45539,0.05132775,0.0227311,-0.2668543,78.87659,37.94825,289.7567,True,9,1,4
58.4585,0.05164036,0.0228173,-0.266336,78.73327,38.05783,289.8279,True,9,1,4
58.46174,0.05157911,0.02281375,-0.2660242,78.69359,37.96996,289.7435,True,9,1,4
58.47294,0.05144884,0.02277787,-0.2638249,78.40531,37.08123,288.8521,True,9,1,4
58.47633,0.05140322,0.02276315,-0.2634538,78.36313,36.98582,288.7596,True,9,1,4
58.48003,0.0513369,0.02274221,-0.2629157,78.30186,36.84859,288.6268,True,9,1,4
58.48413,0.0511447,0.02265896,-0.2623075,78.32399,36.53511,288.3709,True,9,1,4
58.48734,0.05110229,0.02263893,-0.2618728,78.28123,36.42923,288.27,True,9,1,4
58.49042,0.05129544,0.02271929,-0.2607209,78.1303,35.99028,287.7538,True,9,1,4
58.49386,0.05128683,0.02270654,-0.2602336,78.0844,35.87911,287.6447,True,9,1,4
58.49606,0.05128113,0.02269825,-0.2599143,78.05435,35.80672,287.5737,True,9,1,4
58.49874,0.0513729,0.02282885,-0.2591639,77.97572,35.39133,287.1227,True,9,1,4
58.50604,0.05117979,0.02283515,-0.2580149,77.96484,34.76875,286.4839,True,9,1,4
58.51015,0.05121529,0.02285105,-0.2574036,77.9127,34.61953,286.3349,True,9,1,4
58.51329,0.05124941,0.02286628,-0.2568161,77.86248,34.47729,286.1929,True,9,1,4
58.51754,0.05092649,0.02277151,-0.2566422,78.03596,33.9597,285.828,True,9,1,4
58.52076,0.05097139,0.02278507,-0.256151,78.00008,33.82689,285.7002,True,9,1,4
58.52361,0.0507394,0.02277875,-0.2551523,77.91035,33.02287,284.9222,True,9,1,4
58.52736,0.05078161,0.02278595,-0.2545694,77.86764,32.8545,284.7602,True,9,1,4
58.52982,0.0508116,0.02279091,-0.2541543,77.83717,32.73527,284.6454,True,9,1,4
58.53303,0.05082116,0.0228328,-0.2534571,77.72273,32.4725,284.4332,True,9,1,4
58.53625,0.05084556,0.02283841,-0.2529675,77.68388,32.32949,284.297,True,9,1,4
58.53987,0.05033413,0.02275091,-0.2519468,77.61131,31.48807,283.4319,True,9,1,4
58.54397,0.05031453,0.02273664,-0.2512012,77.55292,31.25699,283.2092,True,9,1,4
58.5472,0.05030089,0.02272661,-0.2506876,77.51258,31.099,283.0569,True,9,1,4
58.55071,0.04983002,0.02270462,-0.2499889,77.4874,30.55335,282.4698,True,9,1,4
58.55359,0.04978281,0.02269475,-0.2494639,77.44698,30.38625,282.3069,True,9,1,4
58.55768,0.0497536,0.02271518,-0.248556,77.30516,30.62834,282.3968,True,9,1,4
58.56071,0.04967555,0.02270532,-0.2480769,77.26702,30.49575,282.2636,True,9,1,4
58.56387,0.04958349,0.02269366,-0.2475122,77.22187,30.34046,282.1076,True,9,1,4
58.56651,0.04935791,0.02274992,-0.2465264,77.06116,29.83276,281.4871,True,9,1,4
58.57096,0.04921382,0.02273525,-0.2457463,76.9944,29.61483,281.2632,True,9,1,4
58.57457,0.05016246,0.02295625,-0.2455639,76.88262,30.83464,282.5945,True,9,1,4
58.57811,0.05008275,0.02297883,-0.2448822,76.82007,30.68875,282.448,True,9,1,4
58.58154,0.05100092,0.02307259,-0.2446893,76.73489,31.933,283.6946,True,9,1,4
58.58511,0.05096929,0.02310382,-0.2440509,76.67548,31.84494,283.6063,True,9,1,4
58.5882,0.0509423,0.02313067,-0.2435066,76.62471,31.77048,283.5316,True,9,1,4
58.592,0.05108831,0.02314191,-0.2430036,76.64046,32.29514,284.0698,True,9,1,4
58.59494,0.05106238,0.02316804,-0.2425162,76.59913,32.24661,284.0215,True,9,1,4
58.59752,0.05103748,0.02319331,-0.2420484,76.55952,32.20032,283.9754,True,9,1,4
58.60082,0.05088059,0.0231951,-0.2414883,76.59859,32.31199,283.9324,True,9,1,4
58.60427,0.05083824,0.02322981,-0.2408821,76.55215,32.26024,283.8759,True,9,1,4
58.60794,0.05146651,0.02336818,-0.2404707,76.47824,33.21749,284.726,True,9,1,4
58.61044,0.05144893,0.02340588,-0.2399929,76.44128,33.20129,284.7035,True,9,1,4
58.61363,0.05142503,0.02345791,-0.2393385,76.39072,33.17931,284.6729,True,9,1,4
58.61691,0.05121451,0.02337635,-0.2388538,76.43162,33.24039,284.7061,True,9,1,4
58.62101,0.05116303,0.02342488,-0.2380435,76.37495,33.21701,284.672,True,9,1,4
58.62429,0.05124322,0.02341925,-0.2377949,76.41914,33.58208,285.0286,True,9,1,4
58.62782,0.05121258,0.02345777,-0.2371959,76.37905,33.57616,285.0145,True,9,1,4
58.63086,0.05118319,0.02349527,-0.2366184,76.34041,33.57048,285.001,True,9,1,4
58.63448,0.04994758,0.02309109,-0.2366384,76.64736,33.09442,284.543,True,9,1,4
58.63837,0.04983781,0.02309787,-0.2359794,76.61451,33.0713,284.5115,True,9,1,4
58.64169,0.0496226,0.02308272,-0.2362813,76.74756,33.47148,284.9659,True,9,1,4
58.64474,0.04950904,0.02309978,-0.2357516,76.72355,33.46373,284.9527,True,9,1,4
58.64822,0.04933652,0.02314615,-0.2351694,76.61898,33.46463,284.8453,True,9,1,4
58.65192,0.04917662,0.02316239,-0.2345921,76.58888,33.45657,284.8272,True,9,1,4
58.65473,0.04905682,0.02317481,-0.2341591,76.56631,33.4506,284.8137,True,9,1,4
58.65826,0.04877223,0.02316549,-0.2339759,76.54578,33.43451,284.6578,True,9,1,4
58.66109,0.04865286,0.02317464,-0.2336285,76.52567,33.42915,284.6424,True,9,1,4
58.66357,0.0485361,0.02318375,-0.2332884,76.50594,33.42394,284.6273,True,9,1,4
58.66752,0.048668,0.02317822,-0.2332534,76.4492,34.13919,285.2371,True,9,1,4
58.67087,0.04852305,0.02318527,-0.2328944,76.42505,34.15342,285.2369,True,9,1,4
58.67345,0.04893684,0.02326144,-0.2330589,76.31975,35.04662,286.1407,True,9,1,4
58.67599,0.04880571,0.02327043,-0.2327856,76.29606,35.0813,286.1633,True,9,1,4
58.68011,0.04858128,0.02328649,-0.2323175,76.25552,35.14054,286.202,True,9,1,4
58.68363,0.04825173,0.02323152,-0.2317185,76.14309,35.03589,286.1174,True,9,1,4
58.68782,0.04800322,0.02322601,-0.2312739,76.10174,35.08466,286.1483,True,9,1,4
58.69073,0.04810942,0.02314854,-0.2316431,76.11732,35.95509,287.0512,True,9,1,4
58.6933,0.04796497,0.02314109,-0.2314291,76.09531,36.00079,287.0881,True,9,1,4
58.69576,0.04781062,0.02313341,-0.2312004,76.07179,36.04951,287.1275,True,9,1,4
58.699,0.04802756,0.02312151,-0.2314098,76.03855,36.71652,287.7517,True,9,1,4
58.70159,0.04786306,0.02311255,-0.2311827,76.01089,36.78974,287.8132,True,9,1,4
58.70441,0.04771926,0.02310507,-0.2309841,75.98672,36.85354,287.8667,True,9,1,4
58.7071,0.04793147,0.02320428,-0.2309116,75.90501,37.24686,288.3471,True,9,1,4
58.71,0.04778183,0.02320616,-0.2306999,75.87515,37.32885,288.4202,True,9,1,4
58.71362,0.04757368,0.02320953,-0.2304055,75.83362,37.44237,288.5214,True,9,1,4
58.71673,0.04791066,0.02332285,-0.2303599,75.7399,37.76114,288.86,True,9,1,4
58.71936,0.04780176,0.02333398,-0.2301856,75.71017,37.84203,288.9334,True,9,1,4
58.72209,0.04768226,0.02334663,-0.2299944,75.67756,37.93047,289.0137,True,9,1,4
58.72511,0.0482579,0.0233757,-0.23005,75.59513,38.71006,289.7603,True,9,1,4
58.72771,0.04818318,0.02338566,-0.2298887,75.56473,38.80429,289.8466,True,9,1,4
58.73083,0.04809619,0.02339773,-0.2297009,75.52924,38.91357,289.9467,True,9,1,4
58.73409,0.04838073,0.02343109,-0.2293193,75.40504,39.18016,290.1646,True,9,1,4
58.73741,0.04831745,0.02343978,-0.2291203,75.36625,39.29355,290.2675,True,9,1,4
58.74055,0.04865189,0.02350593,-0.2290027,75.29305,39.5847,290.5573,True,9,1,4
58.74334,0.0486288,0.02351858,-0.2288373,75.2578,39.68778,290.6513,True,9,1,4
58.74684,0.04859509,0.0235378,-0.2285955,75.20617,39.83756,290.7879,True,9,1,4
58.75057,0.04897496,0.02366319,-0.228385,75.15402,40.1159,291.0955,True,9,1,4
58.75381,0.04899208,0.02369384,-0.228183,75.11209,40.23917,291.2096,True,9,1,4
58.75674,0.04882168,0.02367799,-0.2280684,75.18671,40.27007,291.2015,True,9,1,4
58.76078,0.04885156,0.02371927,-0.2278196,75.14253,40.40881,291.3285,True,9,1,4
58.7653,0.04856151,0.02363077,-0.2278308,75.24753,40.40321,291.4163,True,9,1,4
58.76865,0.04859333,0.02366601,-0.227598,75.20981,40.53369,291.5394,True,9,1,4
58.77152,0.04861562,0.02369103,-0.2274351,75.18336,40.62463,291.6251,True,9,1,4
58.77517,0.04852964,0.02361916,-0.2274577,75.23549,40.85111,291.8677,True,9,1,4
58.77832,0.0485568,0.02364643,-0.2272391,75.20197,40.97958,291.9898,True,9,1,4
58.78195,0.04805509,0.02345058,-0.2271651,75.29523,40.7219,291.7804,True,9,1,4
58.78587,0.0480587,0.02345435,-0.2269342,75.26369,40.84846,291.9024,True,9,1,4
58.78879,0.04806183,0.02345808,-0.2267323,75.23601,40.95872,292.0087,True,9,1,4
58.79298,0.04823136,0.02355675,-0.2261799,75.09673,40.86787,291.9298,True,9,1,4
58.79829,0.04823519,0.02356355,-0.225828,75.04156,41.06997,292.0938,True,9,1,4
58.8015,0.04824303,0.02356997,-0.2256221,75.01089,41.16882,292.1883,True,9,1,4
58.80457,0.04824923,0.02357535,-0.2254587,74.98652,41.24699,292.2629,True,9,1,4
58.8075,0.04837494,0.02363506,-0.2254147,74.95026,41.45898,292.5082,True,9,1,4
58.81,0.04838496,0.0236457,-0.2252744,74.92739,41.53361,292.5805,True,9,1,4
58.81253,0.04839647,0.0236582,-0.2251128,74.90102,41.61933,292.6635,True,9,1,4
58.81732,0.04874504,0.02372767,-0.2247957,74.76297,42.1583,293.2302,True,9,1,4
58.82177,0.04875927,0.02374685,-0.2245215,74.71507,42.31299,293.3821,True,9,1,4
58.82627,0.04908084,0.02382445,-0.2242989,74.64336,42.71894,293.8341,True,9,1,4
58.83035,0.04911674,0.02385078,-0.2240381,74.59772,42.86958,293.9842,True,9,1,4
58.83573,0.04927363,0.02386694,-0.2238905,74.57786,43.2209,294.4554,True,9,1,4
58.839,0.04931274,0.02388853,-0.2237012,74.54465,43.33686,294.5748,True,9,1,4
58.84196,0.04897723,0.02376586,-0.2235426,74.61005,43.41748,294.6489,True,9,1,4
58.84484,0.04898812,0.0237765,-0.2233386,74.58071,43.52969,294.7642,True,9,1,4
58.8478,0.04899772,0.02378634,-0.2231575,74.55466,43.62895,294.8661,True,9,1,4
58.85117,0.04894171,0.02374329,-0.2230089,74.54494,43.77579,294.9656,True,9,1,4
58.85516,0.04894837,0.02375199,-0.2227278,74.50475,43.93174,295.1236,True,9,1,4
58.85861,0.04876698,0.02362779,-0.2224869,74.51534,43.91673,295.158,True,9,1,4
58.86108,0.04876387,0.02362153,-0.2223191,74.49321,44.00262,295.2462,True,9,1,4
58.86349,0.04876088,0.02361585,-0.2221604,74.47231,44.08363,295.3294,True,9,1,4
58.86664,0.04886069,0.02360947,-0.2221756,74.49459,44.35762,295.647,True,9,1,4
58.87022,0.0488736,0.02360748,-0.2219609,74.46638,44.47703,295.7709,True,9,1,4
58.87371,0.04903945,0.0237304,-0.2216682,74.37573,44.64941,295.9244,True,9,1,4
58.87778,0.04906114,0.0237461,-0.2213899,74.33559,44.80677,296.0866,True,9,1,4
58.88877,0.0498718,0.02400932,-0.2202114,73.98717,45.26172,296.4735,True,9,1,4
58.89359,0.04994571,0.02403525,-0.2199294,73.93748,45.41093,296.624,True,9,1,4
58.89629,0.04999219,0.02405202,-0.2197518,73.90618,45.50442,296.7182,True,9,1,4
58.89977,0.04974329,0.02391335,-0.219688,73.99031,45.54415,296.7533,True,9,1,4
58.90316,0.04979226,0.02392338,-0.2194758,73.95686,45.65275,296.8627,True,9,1,4
58.9063,0.04965689,0.02389823,-0.2194058,74.00356,45.58784,296.7782,True,9,1,4
58.90968,0.04971056,0.0239118,-0.2192002,73.97243,45.68886,296.8799,True,9,1,4
58.91437,0.04913104,0.02379341,-0.2186831,74.02232,45.13044,296.4467,True,9,1,4
58.9173,0.04915734,0.02379522,-0.2185155,74.0001,45.19267,296.5129,True,9,1,4
58.92018,0.04918687,0.0237975,-0.2183267,73.97505,45.26251,296.5873,True,9,1,4
58.92401,0.04883975,0.02377081,-0.2179564,74.02496,44.89784,296.3009,True,9,1,4
58.92691,0.04886451,0.0237764,-0.2177863,74.00526,44.94743,296.3563,True,9,1,4
58.92972,0.04889082,0.02378254,-0.2176051,73.98428,45.00011,296.4152,True,9,1,4
58.93243,0.04885041,0.02380177,-0.2174655,74.01688,44.89105,296.3904,True,9,1,4
58.93517,0.04889373,0.0238156,-0.2172733,73.99593,44.94271,296.4511,True,9,1,4
58.93881,0.04894208,0.02383128,-0.2170582,73.97252,45.00029,296.5188,True,9,1,4
58.94165,0.04917327,0.02382751,-0.2168859,73.95804,45.22071,296.6974,True,9,1,4
58.94411,0.0492259,0.02383873,-0.2166991,73.93918,45.27137,296.7549,True,9,1,4
58.9473,0.04928344,0.0238512,-0.2164945,73.91851,45.32667,296.8177,True,9,1,4
58.95028,0.04947283,0.02386291,-0.2164657,73.9334,45.4668,296.8473,True,9,1,4
58.95332,0.04955157,0.02387895,-0.2162663,73.91351,45.52508,296.9097,True,9,1,4
58.9568,0.04937261,0.02378114,-0.2163538,74.01353,45.62817,297.0849,True,9,1,4
58.95979,0.04943257,0.0237916,-0.2161911,73.99954,45.68023,297.1425,True,9,1,4
73.48552,-0.002078134,0.02068456,-0.2077433,77.13607,346.3256,246.8537,True,10,2,3
73.48849,-0.002053791,0.02070446,-0.2076245,77.11214,346.3596,246.9094,True,10,2,3
73.4919,-0.002112526,0.02066997,-0.2077838,77.17023,346.2252,246.7465,True,10,2,3
73.49473,-0.002095777,0.02068576,-0.2076905,77.15224,346.2509,246.7885,True,10,2,3
73.49716,-0.002080324,0.0207004,-0.2076043,77.1356,346.2747,246.8273,True,10,2,3
73.50014,-0.002115456,0.02065481,-0.2077992,77.18841,346.1503,246.68,True,10,2,3
73.506,-0.002082147,0.02068233,-0.20763,77.15486,346.1987,246.7586,True,10,2,3
73.50872,-0.001977802,0.02067213,-0.2076381,77.14009,346.2071,246.7618,True,10,2,3
73.51148,-0.001947402,0.02068378,-0.2075591,77.12235,346.2322,246.8024,True,10,2,3
73.51531,-0.001918728,0.02067412,-0.2075615,77.11153,346.2166,246.7929,True,10,2,3
73.51832,-0.001886852,0.02068329,-0.2074919,77.09401,346.2402,246.8316,True,10,2,3
73.52114,-0.001855282,0.02069239,-0.2074228,77.07666,346.2635,246.8698,True,10,2,3
73.52425,-0.001899876,0.02068909,-0.2074649,77.08545,346.2195,246.8422,True,10,2,3
73.52826,-0.001870287,0.0207008,-0.2073863,77.06499,346.2458,246.8869,True,10,2,3
73.53156,-0.001919146,0.02069217,-0.2074601,77.08894,346.2215,246.8602,True,10,2,3
73.53535,-0.001904754,0.0207037,-0.2073944,77.07184,346.2434,246.8974,True,10,2,3
73.53964,-0.001887811,0.02071732,-0.207317,77.05176,346.2692,246.9413,True,10,2,3
73.54314,-0.002040481,0.0206836,-0.2074913,77.10709,346.1678,246.8988,True,10,2,3
73.54659,-0.002046733,0.02069476,-0.2074316,77.09219,346.1858,246.9343,True,10,2,3
73.55653,-0.001932246,0.02069615,-0.2076171,77.20787,346.6511,247.379,True,10,2,3
73.56013,-0.001961276,0.02071187,-0.2075655,77.19893,346.6826,247.4249,True,10,2,3
73.56288,-0.001985027,0.02072474,-0.2075233,77.19161,346.7083,247.4623,True,10,2,3
73.56636,-0.001883334,0.02069138,-0.2076378,77.23357,346.8766,247.6102,True,10,2,3
73.57121,-0.001916749,0.02070796,-0.2075822,77.22387,346.9218,247.6726,True,10,2,3
73.57481,-0.001836199,0.02068466,-0.2076777,77.2513,347.0263,247.745,True,10,2,3
73.57771,-0.001852651,0.02069421,-0.2076467,77.24551,347.0619,247.7915,True,10,2,3
73.58098,-0.001867814,0.02070302,-0.2076181,77.2401,347.0948,247.8343,True,10,2,3
73.58482,-0.001796084,0.0206894,-0.2078559,77.3,347.1179,247.8089,True,10,2,3
73.58846,-0.001805124,0.02070297,-0.207837,77.29568,347.1608,247.8626,True,10,2,3
73.59174,-0.001767179,0.02067049,-0.2080029,77.33544,347.1556,247.8048,True,10,2,3
73.59444,-0.001767838,0.02067709,-0.2079994,77.33392,347.1834,247.8378,True,10,2,3
73.59704,-0.001768543,0.02068418,-0.2079956,77.33232,347.2133,247.8732,True,10,2,3
73.60742,-0.001736331,0.02065206,-0.208086,77.35757,347.2314,247.8312,True,10,2,3
73.6104,-0.001732096,0.02065511,-0.2080825,77.3563,347.2552,247.8594,True,10,2,3
73.61291,-0.001727397,0.02065852,-0.2080787,77.35483,347.2815,247.8906,True,10,2,3
73.61843,-0.001704326,0.02065472,-0.2080726,77.36327,347.2855,247.871,True,10,2,3
73.62195,-0.001694693,0.02065861,-0.2080624,77.36156,347.3157,247.9069,True,10,2,3
73.62571,-0.001640526,0.02064618,-0.2080549,77.3827,347.3232,247.8678,True,10,2,3
73.62859,-0.001629254,0.02064909,-0.2080388,77.38158,347.3439,247.8924,True,10,2,3
73.63187,-0.001605573,0.02063859,-0.2080518,77.39545,347.3059,247.8217,True,10,2,3
73.63614,-0.001579336,0.02064256,-0.2080206,77.39381,347.3367,247.8582,True,10,2,3
73.64056,-0.001649241,0.02063645,-0.2079955,77.39687,347.1701,247.6829,True,10,2,3
73.64417,-0.001621634,0.02063851,-0.2079624,77.39572,347.1932,247.7103,True,10,2,3
73.64742,-0.001600361,0.02064009,-0.2079368,77.39475,347.2109,247.7313,True,10,2,3
73.65141,-0.001629536,0.02063528,-0.2079558,77.39516,347.0746,247.5826,True,10,2,3
73.6615,-0.001756935,0.02062511,-0.2080822,77.39858,346.5972,247.0795,True,10,2,3
73.66586,-0.00170473,0.02065377,-0.2080201,77.3364,346.553,246.9554,True,10,2,3
73.66933,-0.001651452,0.02065232,-0.2080269,77.33332,346.5518,246.9535,True,10,2,3
73.67358,-0.001710865,0.02070449,-0.207848,77.2335,346.4399,246.8253,True,10,2,3
73.67754,-0.001647913,0.02070242,-0.2078641,77.22565,346.4337,246.8176,True,10,2,3
73.68208,-0.001586962,0.02070041,-0.2078797,77.2181,346.4277,246.8101,True,10,2,3
73.68572,-0.001637066,0.02076791,-0.2078106,77.15803,346.3998,246.7548,True,10,2,3
73.6892,-0.001591459,0.02077182,-0.2078322,77.14973,346.3939,246.7468,True,10,2,3
73.69288,-0.00162563,0.02084506,-0.207855,77.12048,346.3699,246.6867,True,10,2,3
73.69569,-0.001596675,0.02085541,-0.2078782,77.11324,346.3647,246.6787,True,10,2,3
73.69917,-0.001749513,0.0210245,-0.2077954,77.04569,346.1469,246.4353,True,10,2,3
73.70314,-0.001711612,0.02106573,-0.2078325,77.03224,346.1301,246.4135,True,10,2,3
73.70716,-0.001391107,0.02123341,-0.2080223,77.05485,346.3434,246.6192,True,10,2,3
73.71062,-0.001333176,0.02129644,-0.2080738,77.04465,346.3377,246.6091,True,10,2,3
73.71552,-0.00072621,0.02155468,-0.2079717,77.00205,347.048,247.2577,True,10,2,3
73.71973,-0.0006334372,0.02165614,-0.2080294,76.98966,347.072,247.2744,True,10,2,3
73.72291,-0.0003606454,0.02188595,-0.2081552,77.01578,347.1461,247.2207,True,10,2,3
73.72689,-0.0002560699,0.02200185,-0.2082035,77.00648,347.1688,247.2326,True,10,2,3
73.72959,-0.0001760311,0.02209052,-0.2082405,76.99934,347.1861,247.2417,True,10,2,3
73.73266,-0.000343319,0.02236009,-0.2083027,76.97179,346.6975,246.5786,True,10,2,3
73.73547,-0.0002361275,0.02249692,-0.2083497,76.96217,346.7014,246.5663,True,10,2,3
73.73984,-0.0001155613,0.02265078,-0.2084025,76.95135,346.7059,246.5524,True,10,2,3
73.74344,0.0002733571,0.02303471,-0.2081771,76.85356,346.8065,246.5673,True,10,2,3
73.74666,0.0004230039,0.02320255,-0.2082173,76.84058,346.8139,246.5556,True,10,2,3
73.75047,0.0003590966,0.02368942,-0.208116,76.70555,346.249,245.8318,True,10,2,3
73.75361,0.0005210266,0.02387707,-0.2081635,76.68982,346.2378,245.7988,True,10,2,3
73.75738,0.0009020576,0.02433519,-0.2079942,76.54343,346.1953,245.6666,True,10,2,3
73.76424,0.001002896,0.02496779,-0.2079746,76.38143,345.6538,245.0436,True,10,2,3
73.76708,0.001215152,0.02519687,-0.2080461,76.35741,345.6259,244.9908,True,10,2,3
73.77055,0.001434666,0.02543367,-0.2081202,76.33257,345.5973,244.9364,True,10,2,3
73.77396,0.001651828,0.02588274,-0.207947,76.16292,345.2953,244.4518,True,10,2,3
73.77685,0.00187871,0.02610721,-0.2080204,76.13672,345.2632,244.3924,True,10,2,3
73.77944,0.002112443,0.02633834,-0.2080962,76.10976,345.2304,244.3314,True,10,2,3
73.78311,0.001762628,0.02680817,-0.2079129,75.88786,344.4262,243.3719,True,10,2,3
73.78616,0.00200542,0.02706538,-0.2080024,75.85303,344.3699,243.282,True,10,2,3
73.78943,0.002115344,0.02746001,-0.2079543,75.70205,344.1382,242.9468,True,10,2,3
73.7935,0.002400236,0.02776532,-0.2080745,75.65698,344.0682,242.835,True,10,2,3
73.79623,0.002618724,0.02799945,-0.2081667,75.62238,344.015,242.7497,True,10,2,3
73.79918,0.001961323,0.0284296,-0.2077865,75.37487,343.1293,241.7271,True,10,2,3
73.80199,0.002185584,0.02871467,-0.2078764,75.3264,343.0428,241.5992,True,10,2,3
73.80565,0.002400548,0.02898799,-0.2079627,75.27989,342.9606,241.4772,True,10,2,3
73.80885,0.002522124,0.02945815,-0.2079292,75.16159,342.7964,241.212,True,10,2,3
73.81159,0.002733189,0.02974537,-0.2080176,75.11387,342.7158,241.0906,True,10,2,3
73.81474,0.002285408,0.03015937,-0.2074091,74.87894,342.2802,240.5446,True,10,2,3
73.8177,0.002457263,0.03045137,-0.2074509,74.82462,342.1914,240.4127,True,10,2,3
73.8215,0.002662502,0.03079997,-0.2075008,74.7597,342.0866,240.2563,True,10,2,3
73.82442,0.002746275,0.03115694,-0.2076373,74.75086,341.8454,239.9506,True,10,2,3
73.82777,0.002905127,0.0314465,-0.2076697,74.70036,341.759,239.8223,True,10,2,3
73.83062,0.003065344,0.03173842,-0.2077024,74.64937,341.6726,239.6938,True,10,2,3
73.83464,0.002933834,0.03227933,-0.2071777,74.43974,341.4781,239.3036,True,10,2,3
73.83913,0.003105422,0.03266174,-0.2071734,74.36772,341.3671,239.1324,True,10,2,3
73.8428,0.003913425,0.03292146,-0.2073535,74.43565,341.9122,239.6195,True,10,2,3
73.84595,0.004078984,0.03324905,-0.2073509,74.37843,341.8375,239.4929,True,10,2,3
73.85002,0.004250377,0.03347227,-0.2075232,74.42605,341.808,239.4969,True,10,2,3
73.8531,0.004381655,0.03375883,-0.2075105,74.37781,341.7429,239.3878,True,10,2,3
73.85597,0.004518956,0.03405809,-0.2074973,74.32747,341.6755,239.2744,True,10,2,3
73.85958,0.004808599,0.0343553,-0.2068979,74.23994,342.1622,239.6308,True,10,2,3
73.86217,0.004900401,0.03459583,-0.206844,74.19785,342.1215,239.5503,True,10,2,3
73.86724,0.005279628,0.03484702,-0.2071677,74.33597,342.2709,239.6167,True,10,2,3
73.87108,0.005380375,0.03514902,-0.2070902,74.2883,342.225,239.5185,True,10,2,3
73.87415,0.005216755,0.03524999,-0.2071639,74.30771,342.0614,239.338,True,10,2,3
73.87701,0.005270518,0.03548105,-0.2070959,74.27035,342.0208,239.2554,True,10,2,3
73.87988,0.005335512,0.03575915,-0.2070141,74.2253,341.9725,239.1565,True,10,2,3
73.88321,0.005205575,0.03570163,-0.2073309,74.35472,341.7227,238.8746,True,10,2,3
73.88606,0.005238717,0.0359159,-0.2072542,74.32127,341.6762,238.7855,True,10,2,3
73.88902,0.005277015,0.03616184,-0.2071662,74.28288,341.6232,238.6835,True,10,2,3
73.89233,0.004820397,0.03627287,-0.2072376,74.31413,341.0954,238.1349,True,10,2,3
73.89494,0.004824661,0.03645773,-0.2071564,74.28575,341.0426,238.0445,True,10,2,3
73.89759,0.004829245,0.03664896,-0.2070723,74.25638,340.9882,237.9513,True,10,2,3
73.90082,0.00488095,0.03674087,-0.2071409,74.34206,341.0706,238.0453,True,10,2,3
73.90473,0.00486354,0.03698526,-0.2070162,74.30705,341.0033,237.9285,True,10,2,3
73.90827,0.005186493,0.03696442,-0.207824,74.59795,340.887,237.9541,True,10,2,3
73.91712,0.00489294,0.03744203,-0.2081008,74.66742,340.146,237.173,True,10,2,3
73.92097,0.004887093,0.03767592,-0.2080182,74.6488,340.055,237.0418,True,10,2,3
73.92438,0.004322024,0.03780873,-0.2080591,74.67044,339.3929,236.3132,True,10,2,3
73.92867,0.004275098,0.0380426,-0.2079532,74.65189,339.2748,236.1513,True,10,2,3
73.93185,0.004322242,0.03811476,-0.2085201,74.83369,339.0743,236.0373,True,10,2,3
73.93437,0.004284376,0.03828831,-0.2084652,74.8258,338.9838,235.9183,True,10,2,3
73.93798,0.004239749,0.03849302,-0.2084003,74.81642,338.8771,235.778,True,10,2,3
73.94113,0.004041549,0.03857642,-0.208894,74.92988,338.4122,235.3716,True,10,2,3
73.94433,0.00399036,0.03877856,-0.2088567,74.92432,338.2917,235.2203,True,10,2,3
73.94851,0.003930137,0.03901634,-0.2088126,74.91774,338.15,235.0424,True,10,2,3
73.95189,0.003510123,0.0390792,-0.2089413,74.93025,337.7838,234.7043,True,10,2,3
73.95489,0.003435114,0.03924458,-0.2089155,74.92555,337.6692,234.5641,True,10,2,3
73.9586,0.003160251,0.03942835,-0.2091966,74.98833,337.4505,234.4078,True,10,2,3
73.96169,0.003071576,0.03957292,-0.2091908,74.98595,337.3483,234.2858,True,10,2,3
73.96426,0.00298319,0.03971694,-0.2091848,74.9836,337.2465,234.1643,True,10,2,3
73.96721,0.002898321,0.04003899,-0.209083,74.95738,337.4518,234.3474,True,10,2,3
73.97112,0.002752474,0.04025672,-0.209081,74.95322,337.3243,234.1928,True,10,2,3
73.97457,0.002881747,0.04041292,-0.2090464,74.99519,338.0312,234.8502,True,10,2,3
73.97799,0.002689723,0.04062515,-0.2090561,74.99307,337.9347,234.7258,True,10,2,3
73.98192,0.003229251,0.04084651,-0.20937,75.15114,338.7963,235.5714,True,10,2,3
73.98462,0.003085317,0.04101811,-0.2093984,75.15414,338.7508,235.5056,True,10,2,3
73.98751,0.002929822,0.04120339,-0.209429,75.15742,338.7016,235.4345,True,10,2,3
73.9912,0.00291713,0.04150555,-0.209239,75.10837,339.3542,235.9197,True,10,2,3
73.99439,0.002751121,0.04167669,-0.2092743,75.11002,339.3287,235.8703,True,10,2,3
73.99711,0.002582228,0.04185072,-0.20931,75.11166,339.3028,235.82,True,10,2,3
73.99996,0.002957426,0.04195566,-0.2095968,75.23141,340.0391,236.5755,True,10,2,3
74.00358,0.002742859,0.04217371,-0.2096649,75.23779,340.0336,236.5406,True,10,2,3
74.00756,0.003112769,0.04228094,-0.209872,75.34341,340.9436,237.4188,True,10,2,3
74.01095,0.002876887,0.04250135,-0.2099619,75.35395,340.9733,237.4172,True,10,2,3
74.01439,0.0026746,0.04269025,-0.2100388,75.363,340.9988,237.4159,True,10,2,3
74.0228,0.003057157,0.04334208,-0.2097296,75.27576,342.3706,238.6455,True,10,2,3
74.02652,0.00286298,0.04355875,-0.2098159,75.2818,342.4456,238.6883,True,10,2,3
74.02968,0.002692608,0.0437488,-0.2098916,75.2871,342.5114,238.7259,True,10,2,3
74.0327,0.003402842,0.04388273,-0.2099326,75.31828,343.431,239.6044,True,10,2,3
74.0358,0.003292008,0.04404952,-0.2100098,75.32362,343.5163,239.6636,True,10,2,3
74.03896,0.003164538,0.04424129,-0.2100986,75.32964,343.6144,239.7318,True,10,2,3
74.04225,0.003038262,0.04456557,-0.2097195,75.20253,343.7302,239.8312,True,10,2,3
74.04496,0.002934082,0.04474473,-0.2097802,75.20392,343.8189,239.8931,True,10,2,3
74.04825,0.003114051,0.04486686,-0.2098072,75.25037,344.1717,240.2243,True,10,2,3
74.05133,0.003016681,0.04505301,-0.2098571,75.25315,344.2752,240.2995,True,10,2,3
74.05438,0.002920319,0.0452373,-0.2099066,75.25588,344.3776,240.374,True,10,2,3
74.059,0.003261714,0.04553205,-0.2098268,75.29185,344.8698,240.8445,True,10,2,3
74.06261,0.003202917,0.04571505,-0.2098522,75.29523,344.9804,240.9283,True,10,2,3
74.06606,0.002927046,0.04603079,-0.2095569,75.20965,344.7807,240.7402,True,10,2,3
74.07037,0.00286572,0.04626763,-0.209559,75.2104,344.9077,240.8348,True,10,2,3
74.07502,0.002866758,0.04646291,-0.2098429,75.34173,344.8884,240.7798,True,10,2,3
74.07825,0.002828047,0.04666817,-0.2098359,75.34686,344.9933,240.8568,True,10,2,3
74.08251,0.002965874,0.0469413,-0.2096063,75.34461,345.3761,241.2162,True,10,2,3
74.08556,0.002934242,0.04713209,-0.2095774,75.34885,345.4798,241.2948,True,10,2,3
74.08837,0.002901367,0.04733098,-0.2095473,75.35315,345.588,241.3769,True,10,2,3
74.09219,0.002780137,0.04754226,-0.2098667,75.45086,345.4012,241.2084,True,10,2,3
74.09547,0.00275433,0.0477462,-0.2098476,75.45787,345.4991,241.2821,True,10,2,3
74.09895,0.002368972,0.04789707,-0.2099268,75.48345,345.0946,240.932,True,10,2,3
74.10152,0.002339405,0.04807281,-0.2099052,75.49029,345.168,240.986,True,10,2,3
74.10477,0.002308314,0.04825789,-0.2098827,75.49744,345.2452,241.0429,True,10,2,3
74.10776,0.002278605,0.04846558,-0.2098008,75.46706,345.4153,241.2781,True,10,2,3
74.11105,0.002237288,0.04868026,-0.2097822,75.47386,345.5084,241.3505,True,10,2,3
74.12349,0.001928478,0.04941769,-0.2100133,75.47011,345.8303,241.6577,True,10,2,3
74.12804,0.001852808,0.04966696,-0.2100479,75.47678,345.9435,241.7483,True,10,2,3
74.13168,0.001739767,0.05000566,-0.2097326,75.33715,346.0167,241.7934,True,10,2,3
74.13512,0.001683015,0.05023214,-0.2097647,75.33737,346.1155,241.8718,True,10,2,3
74.13828,0.001641,0.05040003,-0.2097886,75.33754,346.1887,241.9299,True,10,2,3
74.14217,0.001613283,0.05065319,-0.2099117,75.3464,346.1245,241.8487,True,10,2,3
74.14561,0.001575542,0.05088456,-0.2099507,75.34661,346.2145,241.9201,True,10,2,3
74.14951,0.001825384,0.05115731,-0.2096106,75.24337,346.5906,242.258,True,10,2,3
74.15281,0.001816898,0.05136046,-0.2096325,75.23981,346.6799,242.3301,True,10,2,3
74.15743,0.001606639,0.05177426,-0.2092616,75.10033,346.5944,242.1892,True,10,2,3
74.1619,0.001600302,0.05202,-0.2092671,75.09057,346.6907,242.2639,True,10,2,3
74.1653,0.001463277,0.0522123,-0.2092661,75.09805,346.5797,242.0361,True,10,2,3
74.16842,0.001455468,0.05242459,-0.2092587,75.09017,346.6566,242.0906,True,10,2,3
74.17563,0.001823334,0.0529041,-0.2087596,74.96338,347.2165,242.5492,True,10,2,3
74.17944,0.001847812,0.05315614,-0.2087222,74.94899,347.3246,242.6282,True,10,2,3
74.18412,0.001695956,0.05351944,-0.2083686,74.85339,347.2248,242.5,True,10,2,3
74.18748,0.001715302,0.05371526,-0.2083198,74.84003,347.2991,242.5525,True,10,2,3
74.1917,0.00150443,0.05391371,-0.2085541,74.90342,346.9567,242.2118,True,10,2,3
74.19625,0.001531579,0.05415566,-0.2084983,74.88976,347.0344,242.2631,True,10,2,3
74.1997,0.001655337,0.05437331,-0.2083621,74.87318,347.1057,242.3229,True,10,2,3
74.20327,0.001692514,0.05457006,-0.2083056,74.86184,347.1688,242.3649,True,10,2,3
74.20641,0.001984407,0.05497485,-0.2074587,74.6248,347.4589,242.4967,True,10,2,3
74.20909,0.002045318,0.05514488,-0.2073856,74.60905,347.516,242.5327,True,10,2,3
74.21201,0.00211891,0.05534971,-0.2072977,74.59005,347.5847,242.5757,True,10,2,3
74.21589,0.002127409,0.0555274,-0.2075313,74.64806,347.3379,242.3695,True,10,2,3
74.21889,0.002208804,0.05570991,-0.2074626,74.63289,347.3932,242.4044,True,10,2,3
74.22166,0.00230043,0.05591495,-0.2073855,74.61584,347.4553,242.4434,True,10,2,3
74.22643,0.002429659,0.05599993,-0.2076692,74.71121,347.3875,242.418,True,10,2,3
74.23018,0.002540359,0.05621587,-0.2075937,74.69587,347.453,242.4599,True,10,2,3
74.23381,0.002221507,0.0563782,-0.2076156,74.69723,347.0498,242.0406,True,10,2,3
74.23776,0.002308038,0.05657873,-0.207541,74.68316,347.0967,242.0651,True,10,2,3
74.24069,0.002182152,0.05679776,-0.207119,74.55959,347.1341,242.0695,True,10,2,3
74.24361,0.002235432,0.05696175,-0.2070443,74.54434,347.1727,242.089,True,10,2,3
74.24667,0.002299103,0.0571572,-0.2069553,74.52616,347.2186,242.1122,True,10,2,3
74.25138,0.002254417,0.05732004,-0.2070854,74.57447,347.1327,242.0465,True,10,2,3
74.25414,0.002296302,0.05746996,-0.20702,74.56173,347.1651,242.0629,True,10,2,3
74.25682,0.002049122,0.05758546,-0.2072217,74.6032,346.8952,241.8056,True,10,2,3
74.26073,0.002085983,0.0577838,-0.2071496,74.58821,346.9293,241.8198,True,10,2,3
74.26373,0.002116538,0.05794756,-0.20709,74.57586,346.9574,241.8315,True,10,2,3
74.26767,0.001972674,0.05810623,-0.2071584,74.58862,346.8507,241.7313,True,10,2,3
74.27132,0.001992738,0.0582767,-0.2071023,74.57647,346.8784,241.7428,True,10,2,3
74.27459,0.001927658,0.05850522,-0.2067961,74.48279,347.0226,241.8698,True,10,2,3
74.27846,0.001930703,0.05872358,-0.2067179,74.4638,347.0625,241.889,True,10,2,3
74.28252,0.001967275,0.05893728,-0.2064461,74.38149,347.445,242.188,True,10,2,3
74.28622,0.00194269,0.05911872,-0.2063809,74.36275,347.4915,242.2144,True,10,2,3
74.28916,0.001920161,0.05928601,-0.2063208,74.34549,347.5342,242.2386,True,10,2,3
74.29224,0.001975047,0.05949698,-0.2061033,74.26109,347.7394,242.4079,True,10,2,3
74.29586,0.001950389,0.0596806,-0.2060429,74.23997,347.7909,242.4387,True,10,2,3
74.29942,0.002132386,0.05997494,-0.2056926,74.14393,348.183,242.816,True,10,2,3
74.30308,0.002112563,0.06015182,-0.2056273,74.1217,348.2416,242.8558,True,10,2,3
74.30602,0.002095514,0.06030519,-0.2055706,74.10239,348.2924,242.8902,True,10,2,3
74.30897,0.002049065,0.06048259,-0.2051684,73.98536,348.468,243.0146,True,10,2,3
74.31258,0.002014719,0.06068441,-0.2050748,73.95496,348.5414,243.0643,True,10,2,3
74.31638,0.002212486,0.06081772,-0.2050175,73.95261,348.7913,243.2643,True,10,2,3
74.3198,0.002196305,0.06098613,-0.2049366,73.92744,348.8595,243.3112,True,10,2,3
74.32265,0.002251896,0.06108962,-0.204904,73.91968,348.9366,243.3888,True,10,2,3
74.3301,0.002235988,0.06143707,-0.2047332,73.86688,349.0825,243.4908,True,10,2,3
74.33389,0.002560047,0.06173614,-0.2042557,73.75506,349.5035,243.9208,True,10,2,3
74.33753,0.002572103,0.0619029,-0.2041576,73.72797,349.5803,243.9786,True,10,2,3
74.34023,0.002624148,0.06204231,-0.2040501,73.72861,349.4658,243.8683,True,10,2,3
74.34248,0.002651136,0.0621642,-0.2039675,73.70975,349.5164,243.9058,True,10,2,3
74.34608,0.002694098,0.06235732,-0.2038366,73.67987,349.5963,243.9649,True,10,2,3
74.3495,0.002703375,0.06240851,-0.2038187,73.69525,349.4582,243.8304,True,10,2,3
74.35258,0.002752873,0.06255394,-0.2037072,73.67218,349.5169,243.8728,True,10,2,3
74.35575,0.002541941,0.06261408,-0.2042425,73.83727,348.8932,243.3099,True,10,2,3
74.3603,0.002632588,0.06280577,-0.2041188,73.81583,348.9409,243.3401,True,10,2,3
74.36314,0.002699482,0.06294695,-0.2040278,73.80002,348.9761,243.3623,True,10,2,3
74.36617,0.002515349,0.06308143,-0.2037578,73.75789,348.7101,243.0472,True,10,2,3
74.36988,0.002585202,0.06323248,-0.2036339,73.73946,348.7393,243.0609,True,10,2,3
74.37268,0.002643878,0.0633591,-0.20353,73.72401,348.7638,243.0722,True,10,2,3
74.37512,0.002642368,0.06354746,-0.202953,73.59814,348.842,243.1257,True,10,2,3
74.3783,0.002712086,0.06371062,-0.2027856,73.57401,348.8755,243.1416,True,10,2,3
74.38137,0.002828069,0.06376795,-0.2029373,73.65628,348.8931,243.184,True,10,2,3
74.38461,0.002892518,0.06392115,-0.2027838,73.63612,348.9211,243.1974,True,10,2,3
74.38776,0.002954915,0.06406906,-0.2026355,73.61663,348.9481,243.2102,True,10,2,3
74.39068,0.002910935,0.06402095,-0.2030333,73.76456,348.6815,243.0502,True,10,2,3
74.3938,0.002971021,0.06414627,-0.2029106,73.75172,348.6978,243.0571,True,10,2,3
74.39651,0.003025231,0.06425913,-0.2028001,73.74017,348.7123,243.0633,True,10,2,3
74.39922,0.003049918,0.06437622,-0.2030159,73.80484,348.4232,242.7689,True,10,2,3
74.40212,0.00313805,0.06452222,-0.202896,73.79328,348.4313,242.7668,True,10,2,3
74.40588,0.003231951,0.06467757,-0.2027685,73.78098,348.4398,242.7645,True,10,2,3
74.40853,0.002470431,0.06471428,-0.2027836,73.76211,347.6275,241.9859,True,10,2,3
74.4115,0.002524895,0.06485568,-0.2026584,73.74944,347.6078,241.957,True,10,2,3
74.41538,0.002368318,0.06486006,-0.2028356,73.82089,347.3901,241.7565,True,10,2,3
74.41827,0.002397559,0.06496692,-0.2027408,73.81283,347.368,241.7274,True,10,2,3
74.42094,0.002425346,0.06506829,-0.2026508,73.80516,347.347,241.6998,True,10,2,3
74.42397,0.002496927,0.06507242,-0.2029054,73.89117,347.3155,241.7127,True,10,2,3
74.42715,0.002525625,0.06517522,-0.2028259,73.88571,347.2925,241.6842,True,10,2,3
74.42982,0.002551071,0.06526633,-0.2027555,73.88086,347.2722,241.6589,True,10,2,3
74.43298,0.002468538,0.06534123,-0.2029579,73.95544,347.118,241.5677,True,10,2,3
74.43685,0.002490671,0.06546405,-0.2028772,73.95189,347.0861,241.5316,True,10,2,3
74.43987,0.002191045,0.06556313,-0.2030133,73.95815,346.703,241.1597,True,10,2,3
74.44253,0.002198474,0.06565894,-0.202967,73.9556,346.6681,241.122,True,10,2,3
74.44539,0.002206977,0.06576857,-0.202914,73.95267,346.6282,241.0789,True,10,2,3
74.44851,0.002557726,0.06596886,-0.202649,73.86829,346.9562,241.2766,True,10,2,3
74.45192,0.002590864,0.06610243,-0.2025951,73.86185,346.9241,241.2359,True,10,2,3
74.45551,0.002694961,0.06620382,-0.2026573,73.86329,346.95,241.2594,True,10,2,3
74.45939,0.002730222,0.06632304,-0.2026259,73.85773,346.9225,241.2245,True,10,2,3
74.46273,0.002763848,0.06643671,-0.2025959,73.85245,346.8961,241.1912,True,10,2,3
74.466,0.00273238,0.06646857,-0.2026027,73.83548,346.8786,241.1681,True,10,2,3
74.46951,0.002763606,0.06658585,-0.2025818,73.8298,346.8504,241.1324,True,10,2,3
74.47286,0.00278791,0.06667714,-0.2025656,73.8254,346.8285,241.1047,True,10,2,3
74.47545,0.002307443,0.06681859,-0.2026626,73.78709,346.3014,240.63,True,10,2,3
74.47821,0.002314975,0.06692415,-0.2026606,73.781,346.2605,240.5846,True,10,2,3
74.48772,0.002116238,0.06719303,-0.2028022,73.78156,345.9503,240.313,True,10,2,3
74.49064,0.001792415,0.06727013,-0.2030739,73.81675,345.4999,239.8951,True,10,2,3
74.49364,0.001781252,0.06736159,-0.2030925,73.81297,345.4482,239.8419,True,10,2,3
74.4967,0.001769288,0.06745958,-0.2031125,73.80893,345.3929,239.7849,True,10,2,3
74.50072,0.001540201,0.0675469,-0.2032595,73.84406,345.16,239.6043,True,10,2,3
74.50436,0.001510022,0.06764822,-0.2032793,73.84096,345.0972,239.5414,True,10,2,3
74.5069,0.001437538,0.06769122,-0.2032695,73.85329,345.107,239.5889,True,10,2,3
74.50929,0.001401268,0.06776866,-0.203279,73.85114,345.0589,239.5417,True,10,2,3
74.51324,0.001341607,0.06789595,-0.2032944,73.84765,344.9798,239.464,True,10,2,3
74.51703,0.001183974,0.06802973,-0.2032479,73.84,344.9645,239.4656,True,10,2,3
74.51949,0.001137196,0.06810641,-0.2032529,73.83816,344.9232,239.4249,True,10,2,3
74.52199,0.001082454,0.06819618,-0.2032586,73.83597,344.8748,239.3773,True,10,2,3
74.52506,0.00105172,0.06827049,-0.2031893,73.8242,344.9262,239.4321,True,10,2,3
74.52844,0.0009841491,0.06837195,-0.2031922,73.82188,344.8752,239.382,True,10,2,3
74.53157,0.001082503,0.0684395,-0.2032295,73.85502,345.0529,239.5148,True,10,2,3
74.53477,0.001013133,0.06853862,-0.2032312,73.85409,345.0106,239.4716,True,10,2,3
74.53893,0.0009320555,0.06865442,-0.2032332,73.85302,344.9611,239.4211,True,10,2,3
74.54205,0.0009320863,0.06865174,-0.2035843,73.97781,345.0138,239.4273,True,10,2,3
74.54547,0.0008441024,0.06875817,-0.2035971,73.98149,344.9707,239.3816,True,10,2,3
74.54891,0.0009627454,0.06883816,-0.2037846,74.05025,345.1946,239.6382,True,10,2,3
74.55146,0.0008990578,0.06891511,-0.2038008,74.05431,345.1717,239.6143,True,10,2,3
74.55386,0.0008365214,0.06899068,-0.2038168,74.05832,345.1491,239.5909,True,10,2,3
74.55629,0.0006786175,0.06921299,-0.2036343,73.95991,345.0917,239.5475,True,10,2,3
74.5608,0.0005663922,0.06936246,-0.2036719,73.96224,345.0499,239.5047,True,10,2,3
74.56374,0.0004890617,0.06946544,-0.2036979,73.96386,345.0211,239.4753,True,10,2,3
74.5675,6.232318E-05,0.06949544,-0.2042214,74.05138,344.5645,239.1262,True,10,2,3
74.57049,-1.627114E-05,0.06958018,-0.2042681,74.05502,344.528,239.0919,True,10,2,3
74.57346,-5.853083E-05,0.0696193,-0.2046527,74.12106,344.4677,239.1472,True,10,2,3
74.57678,-0.0001536375,0.06972326,-0.2047392,74.12759,344.4214,239.1075,True,10,2,3
74.57993,-0.0002608746,0.06984043,-0.2048367,74.13501,344.3692,239.0627,True,10,2,3
74.58393,-4.941598E-06,0.06991188,-0.2048929,74.11175,344.6801,239.4001,True,10,2,3
74.58669,-6.753951E-05,0.06999047,-0.2049768,74.11639,344.6517,239.3777,True,10,2,3
74.58983,-0.0003690831,0.07027164,-0.2048809,74.00264,344.4205,239.1302,True,10,2,3
74.59292,-0.0004355153,0.07036725,-0.2049756,74.00395,344.3853,239.1005,True,10,2,3
74.59544,-0.0004924033,0.0704491,-0.2050567,74.0051,344.3551,239.075,True,10,2,3
74.59835,-0.0004533594,0.07065701,-0.2047636,73.87032,344.4514,239.0952,True,10,2,3
74.60151,-0.0005171159,0.07077748,-0.204875,73.86703,344.4129,239.0606,True,10,2,3
74.60517,-0.0005760137,0.0708888,-0.2049778,73.86398,344.3773,239.0287,True,10,2,3
74.60767,-0.0003263559,0.07091095,-0.2051495,73.93227,344.6224,239.2479,True,10,2,3
74.61062,-0.0003773011,0.07102247,-0.2052504,73.93151,344.5952,239.2234,True,10,2,3
74.61363,-0.0004189014,0.07111354,-0.2053327,73.93094,344.573,239.2035,True,10,2,3
74.6167,-0.0005453611,0.07133794,-0.2053324,73.90222,344.4386,239.0715,True,10,2,3
74.61938,-0.0005830899,0.07143918,-0.2054075,73.90112,344.4152,239.0502,True,10,2,3
74.62269,-0.0006371997,0.07164545,-0.2053383,73.86958,344.3989,239.0379,True,10,2,3
74.62567,-0.0006714929,0.07175139,-0.2054028,73.86854,344.378,239.0188,True,10,2,3
74.62868,-0.0007103691,0.07187149,-0.2054759,73.86736,344.3542,238.9971,True,10,2,3
74.63177,-0.0008075144,0.07197799,-0.2058065,73.95379,344.185,238.9238,True,10,2,3
74.63478,-0.0008516889,0.07211365,-0.2058871,73.95542,344.1545,238.8988,True,10,2,3
96.20684,-0.001000041,0.07638463,-0.2117522,83.97189,356.7567,253.8769,True,16,3,2
96.21001,-0.001030051,0.07639754,-0.2117379,83.98061,356.7611,253.8829,True,16,3,2
96.21302,-0.00106111,0.07641092,-0.2117231,83.98937,356.7657,253.8891,True,16,3,2
96.21642,-0.0009554522,0.07640257,-0.2118927,84.04148,356.8695,254.0154,True,16,3,2
96.21934,-0.0009692254,0.07641311,-0.2118885,84.05018,356.8762,254.0239,True,16,3,2
96.2221,-0.0009841009,0.07642451,-0.2118839,84.05967,356.8834,254.0332,True,16,3,2
96.22565,-0.0008805753,0.07642083,-0.2119879,84.09521,356.9948,254.1568,True,16,3,2
96.2291,-0.0008841182,0.07643238,-0.2119882,84.10619,357.0057,254.1703,True,16,3,2
96.2327,-0.000855565,0.07642794,-0.2120438,84.11897,356.9992,254.169,True,16,3,2
96.24084,-0.000855825,0.07642549,-0.2121135,84.14703,356.9456,254.1122,True,16,3,2
96.24438,-0.0008502048,0.07643248,-0.2121233,84.15729,356.9559,254.125,True,16,3,2
96.24792,-0.0008458731,0.07643786,-0.2121308,84.16535,356.964,254.1349,True,16,3,2
96.2514,-0.000872238,0.07643238,-0.2121499,84.17557,356.8186,253.9794,True,16,3,2
96.25402,-0.0008665329,0.07643601,-0.2121546,84.18196,356.8247,253.9869,True,16,3,2
96.25704,-0.001008569,0.07640319,-0.2123064,84.24081,356.3831,253.566,True,16,3,2
96.26061,-0.001007717,0.07640393,-0.2123134,84.25028,356.3746,253.5599,True,16,3,2
96.26423,-0.001006783,0.07640475,-0.2123211,84.26073,356.3653,253.5533,True,16,3,2
96.26754,-0.001080479,0.07637155,-0.2124673,84.32494,356.0295,253.2287,True,16,3,2
96.27105,-0.001079425,0.07636963,-0.2124725,84.33572,356.0114,253.2131,True,16,3,2
96.27454,-0.00113707,0.07637019,-0.2126756,84.40732,355.7458,252.9501,True,16,3,2
96.27763,-0.001136998,0.07637115,-0.2126864,84.42051,355.7179,252.9249,True,16,3,2
96.2812,-0.001136935,0.07637206,-0.2126968,84.43324,355.6907,252.9003,True,16,3,2
96.28452,-0.001174153,0.07638474,-0.2127905,84.45369,355.614,252.8267,True,16,3,2
96.28724,-0.0011772,0.07638714,-0.2128063,84.46445,355.5901,252.8049,True,16,3,2
96.29078,-0.001264887,0.07640012,-0.2128702,84.4615,355.4755,252.7129,True,16,3,2
96.29487,-0.001279538,0.07640411,-0.2129065,84.47526,355.4385,252.6798,True,16,3,2
96.29812,-0.00128777,0.07640587,-0.2129391,84.45151,355.5209,252.7631,True,16,3,2
96.30164,-0.001306372,0.07640792,-0.212995,84.46437,355.4864,252.7322,True,16,3,2
96.30486,-0.001320596,0.07640949,-0.2130378,84.47422,355.4599,252.7085,True,16,3,2
96.30776,-0.001307082,0.07642731,-0.2129779,84.41279,355.6894,252.964,True,16,3,2
96.3108,-0.001326877,0.07642874,-0.2130404,84.42185,355.6674,252.9458,True,16,3,2
96.31388,-0.001343996,0.07642995,-0.2130945,84.42979,355.6485,252.93,True,16,3,2
96.31724,-0.001270593,0.07643332,-0.2130347,84.3543,356.0144,253.2781,True,16,3,2
96.32009,-0.001286508,0.07643205,-0.2131024,84.35986,356.0064,253.2727,True,16,3,2
96.32313,-0.001176504,0.07643223,-0.2129454,84.27098,356.423,253.6887,True,16,3,2
96.32714,-0.001190928,0.07642628,-0.2130376,84.27454,356.4295,253.6985,True,16,3,2
96.33028,-0.001202777,0.07642138,-0.2131133,84.27755,356.4348,253.7065,True,16,3,2
96.33381,-0.001121847,0.0764221,-0.212988,84.19437,356.7542,254.0567,True,16,3,2
96.33698,-0.001129208,0.07641566,-0.2130582,84.19468,356.7676,254.0734,True,16,3,2
96.33999,-0.001096049,0.07640359,-0.2130025,84.14509,356.9758,254.2831,True,16,3,2
96.34356,-0.001106556,0.07639199,-0.2130934,84.14382,356.9981,254.3094,True,16,3,2
96.34643,-0.001115381,0.07638225,-0.2131698,84.14294,357.0168,254.3314,True,16,3,2
96.3509,-0.001045362,0.07636517,-0.2131334,84.11011,357.2753,254.582,True,16,3,2
96.35471,-0.001051949,0.07635151,-0.2132163,84.10765,357.3062,254.6165,True,16,3,2
96.35827,-0.001107843,0.07631111,-0.2130837,84.06806,357.1147,254.421,True,16,3,2
96.3624,-0.001111925,0.07629146,-0.2131457,84.06435,357.1373,254.4469,True,16,3,2
96.36591,-0.0011236,0.07625915,-0.2130411,84.05473,357.0747,254.3757,True,16,3,2
96.36918,-0.00112447,0.07623741,-0.2130776,84.05149,357.0945,254.3984,True,16,3,2
96.37255,-0.001125208,0.07621893,-0.2131086,84.04879,357.1113,254.4176,True,16,3,2
96.37568,-0.001081582,0.07618614,-0.2129825,84.04438,357.187,254.482,True,16,3,2
96.37879,-0.001079268,0.0761627,-0.2129956,84.04161,357.2042,254.5017,True,16,3,2
96.3827,-0.001028104,0.07611947,-0.2129416,84.054,357.2962,254.5883,True,16,3,2
96.387,-0.001021587,0.07608706,-0.2129354,84.05077,357.3157,254.6107,True,16,3,2
96.39075,-0.0008721365,0.0760062,-0.2125611,83.97767,357.839,255.0869,True,16,3,2
96.39439,-0.0008647137,0.07597099,-0.2125279,83.97276,357.8709,255.1194,True,16,3,2
96.39809,-0.0008251335,0.07580315,-0.2125074,84.00518,358.1628,255.3962,True,16,3,2
96.40154,-0.0008292036,0.07574384,-0.2124539,84.00024,358.1944,255.4282,True,16,3,2
96.40539,-0.0008332239,0.0756855,-0.2124013,83.99535,358.2255,255.4597,True,16,3,2
96.40813,-0.0006325323,0.0755794,-0.2125336,84.0484,358.6342,255.8424,True,16,3,2
96.41477,-0.0004488263,0.0754237,-0.2126655,84.1173,358.9674,256.1806,True,16,3,2
96.42342,-0.0003296878,0.07525359,-0.2127947,84.18661,359.1669,256.3743,True,16,3,2
96.42739,-0.0002967189,0.07518855,-0.2127607,84.18871,359.2245,256.4314,True,16,3,2
96.43046,-0.0002676813,0.07513125,-0.2127307,84.19073,359.2753,256.4817,True,16,3,2
96.43406,-0.0003353989,0.07501492,-0.2128501,84.23581,358.9953,256.2091,True,16,3,2
96.43746,-0.0003093451,0.07495511,-0.2128265,84.23871,359.0349,256.2485,True,16,3,2
96.44097,-0.0003125519,0.07477535,-0.2133186,84.40333,359.203,256.4634,True,16,3,2
96.44465,-0.0002913417,0.074683,-0.2133068,84.41387,359.2626,256.5247,True,16,3,2
96.44924,-5.157215E-05,0.07443532,-0.2135186,84.50399,0.133712,257.3611,True,16,3,2
96.45267,-3.164292E-05,0.07433736,-0.2135118,84.51534,0.2139888,257.4415,True,16,3,2
96.45542,-1.361715E-05,0.07424891,-0.2135057,84.52564,0.2868248,257.5144,True,16,3,2
96.45858,-8.993388E-05,0.07401104,-0.2134326,84.53829,0.3140225,257.4911,True,16,3,2
96.46145,-8.365786E-05,0.073907,-0.213417,84.54813,0.382217,257.5579,True,16,3,2
96.4641,-7.794349E-05,0.07381274,-0.2134028,84.55695,0.4441898,257.6186,True,16,3,2
96.46774,-0.000227307,0.07348186,-0.2136127,84.67502,0.3766014,257.5971,True,16,3,2
96.47222,-0.0002389689,0.07330333,-0.2135843,84.69349,0.4707637,257.6912,True,16,3,2
96.47558,-0.0001483539,0.07311207,-0.21391,84.82607,0.7912319,258.063,True,16,3,2
96.47872,-0.0001509643,0.07295839,-0.2138931,84.84573,0.8828938,258.1565,True,16,3,2
96.48215,-0.0004233439,0.07270657,-0.2140696,84.9491,0.7092297,257.9021,True,16,3,2
96.48502,-0.0004544297,0.07256664,-0.2140516,84.96795,0.777976,257.9698,True,16,3,2
96.48785,-0.0004854951,0.07242645,-0.2140336,84.98675,0.8473805,258.0381,True,16,3,2
96.49088,-0.0004314595,0.07214844,-0.2142998,85.10516,1.485904,258.648,True,16,3,2
96.5003,-0.0002530033,0.07155064,-0.2142284,85.15515,3.300912,260.4135,True,16,3,2
96.50364,-0.0002934407,0.07138066,-0.2142155,85.17632,3.448208,260.5576,True,16,3,2
96.50684,-0.0001952628,0.07104599,-0.2145338,85.26691,4.497888,261.6324,True,16,3,2
96.5099,-0.0002428915,0.07084785,-0.2145421,85.29106,4.691413,261.8235,True,16,3,2
96.51313,-0.0002975824,0.07061966,-0.2145515,85.31868,4.916764,262.0461,True,16,3,2
96.51682,-0.0003694069,0.07035825,-0.2151195,85.45245,4.618925,261.8436,True,16,3,2
96.51995,-0.0004016622,0.0701564,-0.2151686,85.47987,4.804891,262.0303,True,16,3,2
96.52302,-0.0004161451,0.06981501,-0.2155339,85.57818,5.131876,262.3972,True,16,3,2
96.5265,-0.0004477532,0.06958756,-0.2156058,85.60894,5.33887,262.6063,True,16,3,2
96.52952,-0.0004765955,0.06937861,-0.2156717,85.63717,5.531554,262.8009,True,16,3,2
96.53387,-0.0005365338,0.06897189,-0.2156383,85.62054,5.490127,262.7991,True,16,3,2
96.53704,-0.0005592525,0.06875905,-0.2157048,85.64603,5.668056,262.98,True,16,3,2
96.53991,-0.0004593236,0.06856003,-0.2155363,85.58066,6.343924,263.6396,True,16,3,2
96.54288,-0.0004849884,0.06832722,-0.2156072,85.60529,6.554381,263.8528,True,16,3,2
96.54607,-0.0005127792,0.06807321,-0.2156844,85.63202,6.786728,264.0881,True,16,3,2
96.54963,-0.0003873492,0.06821582,-0.2157027,85.53722,7.035315,264.36,True,16,3,2
96.55268,-0.0003967014,0.06804276,-0.2158049,85.55679,7.238681,264.5666,True,16,3,2
96.55569,-0.0004070479,0.0678488,-0.2159192,85.57871,7.468607,264.8002,True,16,3,2
96.55929,-0.0002210923,0.0680684,-0.2164757,85.53407,7.259846,264.596,True,16,3,2
96.56251,-0.0001962846,0.06793788,-0.216673,85.55296,7.458874,264.7982,True,16,3,2
96.56585,5.105766E-05,0.06808332,-0.2167343,85.33038,6.893463,264.2343,True,16,3,2
96.56925,0.0001297279,0.0679764,-0.2170391,85.34268,7.077008,264.4213,True,16,3,2
96.5725,0.0001939414,0.06788912,-0.2172876,85.35269,7.227381,264.5745,True,16,3,2
96.57561,0.0002085242,0.06793612,-0.21697,85.05898,6.327042,263.5983,True,16,3,2
96.57888,0.0003014813,0.06783879,-0.217316,85.0603,6.464443,263.7362,True,16,3,2
96.58297,0.0003390107,0.06783971,-0.2168906,84.82176,6.002461,263.2161,True,16,3,2
96.58643,0.0004248105,0.0677586,-0.2171801,84.81461,6.101306,263.3134,True,16,3,2
96.58936,0.0005067281,0.06768106,-0.2174566,84.80786,6.195368,263.4059,True,16,3,2
96.59332,0.0003645434,0.06763689,-0.2167807,84.63129,5.344751,262.533,True,16,3,2
96.59637,0.0004352806,0.06756361,-0.2169741,84.61974,5.403832,262.5899,True,16,3,2
96.59983,0.0006906304,0.06755617,-0.2167248,84.54677,5.099092,262.2489,True,16,3,2
96.60358,0.0008050718,0.06748641,-0.2168867,84.53226,5.151012,262.2974,True,16,3,2
96.60656,0.0006296214,0.06738882,-0.216842,84.51903,3.813538,260.977,True,16,3,2
96.60958,0.00074477,0.06731957,-0.2169659,84.50596,3.820468,260.9814,True,16,3,2
96.61259,0.0008699753,0.06724422,-0.2171007,84.49149,3.828038,260.9863,True,16,3,2
96.61666,0.0007754343,0.06709342,-0.2170823,84.47171,3.077967,260.2443,True,16,3,2
96.6198,0.0008843156,0.06701474,-0.2171858,84.4585,3.064665,260.2289,True,16,3,2
96.62312,0.0009044483,0.06672399,-0.2173783,84.52049,2.85411,260.0403,True,16,3,2
96.62673,0.001013995,0.0666132,-0.2174627,84.50788,2.841755,260.0259,True,16,3,2
96.62968,0.001115123,0.06651084,-0.2175408,84.49619,2.830342,260.0126,True,16,3,2
96.63314,0.0009343785,0.06629443,-0.2177459,84.54907,1.549056,258.7556,True,16,3,2
96.63641,0.001035014,0.06618474,-0.2178152,84.53955,1.503253,258.7087,True,16,3,2
96.63966,0.001144342,0.06606555,-0.2178905,84.52926,1.453697,258.658,True,16,3,2
96.64266,0.001122631,0.06588618,-0.2175709,84.46767,1.361835,258.5208,True,16,3,2
96.64547,0.001213288,0.06575935,-0.2176098,84.45624,1.313638,258.4702,True,16,3,2
96.65571,0.001289328,0.06530534,-0.2175897,84.42402,0.6454243,257.8297,True,16,3,2
96.65888,0.000707843,0.06509195,-0.2177384,84.459,358.8283,256.0388,True,16,3,2
96.66195,0.0007578896,0.06494939,-0.2177618,84.44904,358.7159,255.9258,True,16,3,2
96.66496,0.0008070422,0.06480931,-0.217785,84.43905,358.6059,255.8152,True,16,3,2
96.66848,0.0008858016,0.06452763,-0.2182872,84.56001,358.8375,256.054,True,16,3,2
96.67168,0.000923286,0.06438449,-0.2183263,84.5544,358.741,255.9572,True,16,3,2
96.67493,0.001012307,0.06420863,-0.2181969,84.50204,359.2032,256.3867,True,16,3,2
96.67777,0.001040535,0.06404668,-0.2182325,84.49444,359.1169,256.2989,True,16,3,2
96.68221,0.0008081269,0.06377617,-0.2182833,84.49804,358.41,255.5932,True,16,3,2
96.68565,0.0008191098,0.06359333,-0.2183161,84.49028,358.2998,255.4816,True,16,3,2
96.68888,0.0008303931,0.06340493,-0.2183499,84.48217,358.1866,255.3669,True,16,3,2
96.6927,0.0008977008,0.06317744,-0.2182975,84.46639,358.2941,255.4713,True,16,3,2
96.69588,0.0009085872,0.06300946,-0.218321,84.46013,358.2061,255.3821,True,16,3,2
96.69884,0.0009198468,0.06288606,-0.2181332,84.41496,358.3033,255.4544,True,16,3,2
96.70197,0.0009250193,0.06270322,-0.2181419,84.40675,358.2122,255.3612,True,16,3,2
96.70548,0.0009296697,0.06253751,-0.2181498,84.39912,358.1299,255.2769,True,16,3,2
96.7086,0.0008462775,0.06243426,-0.2181602,84.41735,357.7462,254.8855,True,16,3,2
96.71154,0.0008501188,0.06226921,-0.2181587,84.40995,357.653,254.7903,True,16,3,2
96.71523,0.001058718,0.06207502,-0.2183851,84.49932,358.0239,255.1443,True,16,3,2
96.71848,0.001074387,0.06191391,-0.2183801,84.49519,357.9464,255.0643,True,16,3,2
96.72166,0.001090974,0.06174318,-0.2183749,84.49096,357.8645,254.9797,True,16,3,2
96.72497,0.001347398,0.06156699,-0.2180669,84.42395,358.7798,255.8654,True,16,3,2
96.72805,0.001362724,0.06140433,-0.218043,84.41819,358.7361,255.8184,True,16,3,2
96.73113,0.001377757,0.0612445,-0.2180196,84.41251,358.6932,255.7723,True,16,3,2
96.73429,0.001359815,0.06113571,-0.2178166,84.36588,358.7602,255.872,True,16,3,2
96.73742,0.001366386,0.06099239,-0.2177852,84.35938,358.7237,255.8335,True,16,3,2
96.74087,0.001240597,0.0608034,-0.2180923,84.47955,358.67,255.8113,True,16,3,2
96.74421,0.001225294,0.06062852,-0.2180565,84.47622,358.6234,255.7635,True,16,3,2
96.74863,0.001196668,0.06040661,-0.2183254,84.56592,358.2546,255.4071,True,16,3,2
96.75236,0.001192285,0.06023151,-0.2183,84.56592,358.1964,255.3482,True,16,3,2
96.75521,0.001188532,0.06008124,-0.2182783,84.56599,358.1465,255.2977,True,16,3,2
96.75977,0.001093051,0.05988947,-0.2179414,84.48306,357.9292,255.0426,True,16,3,2
96.76299,0.00108285,0.05973846,-0.2179061,84.48044,357.8751,254.9866,True,16,3,2
96.76601,0.0009647975,0.05959006,-0.2179213,84.48921,357.6444,254.8109,True,16,3,2
96.76948,0.0009451962,0.05944328,-0.2178894,84.48687,357.5849,254.7516,True,16,3,2
96.77254,0.0009253271,0.05929454,-0.2178572,84.48452,357.5247,254.6914,True,16,3,2
96.77586,0.0008658452,0.05916454,-0.2180253,84.54407,357.8559,255.0836,True,16,3,2
96.77901,0.0008231682,0.05900836,-0.2179976,84.54375,357.8035,255.0335,True,16,3,2
96.78304,0.000647126,0.05886267,-0.2179442,84.53076,357.4579,254.6522,True,16,3,2
96.78594,0.0006025521,0.05873254,-0.2179213,84.52997,357.4032,254.5981,True,16,3,2
96.78867,0.0005529749,0.05858777,-0.2178958,84.52912,357.3424,254.5381,True,16,3,2
96.79272,0.0003926378,0.05841155,-0.2181083,84.61002,357.107,254.3282,True,16,3,2
96.79601,0.0003347373,0.05827257,-0.2180881,84.61169,357.0422,254.2649,True,16,3,2
96.79926,0.0006942296,0.05814473,-0.2184097,84.73009,358.398,255.6692,True,16,3,2
96.80216,0.0006440415,0.05800718,-0.2183972,84.73582,358.3781,255.6523,True,16,3,2
96.8064,0.0009258841,0.05790135,-0.2183909,84.73959,359.4502,256.722,True,16,3,2
96.80993,0.000884872,0.05776484,-0.2183813,84.74544,359.466,256.7409,True,16,3,2
96.81297,0.0008432422,0.05762622,-0.2183715,84.75156,359.4821,256.7602,True,16,3,2
96.81748,0.0007417973,0.05753027,-0.2181085,84.70391,359.4862,256.776,True,16,3,2
96.82099,0.0006942322,0.05740382,-0.2180819,84.70783,359.5013,256.7944,True,16,3,2
96.82401,0.0005617092,0.05732006,-0.217941,84.70029,359.4735,256.7399,True,16,3,2
96.82751,0.0005078791,0.05721138,-0.2179047,84.70347,359.4857,256.7549,True,16,3,2
96.83019,0.0004603404,0.05711539,-0.2178726,84.70631,359.4966,256.7682,True,16,3,2
96.83332,0.0005347616,0.05697921,-0.2178745,84.742,0.08973715,257.3106,True,16,3,2
96.83735,0.0004652808,0.05683963,-0.2178209,84.74722,0.1274643,257.3497,True,16,3,2
96.84086,0.0003571783,0.05669843,-0.2178814,84.77367,359.832,257.0145,True,16,3,2
96.84388,0.0003048854,0.05658257,-0.2178457,84.77872,359.8509,257.0331,True,16,3,2
96.84687,0.0002580742,0.05647884,-0.2178137,84.78331,359.8678,257.0498,True,16,3,2
96.8503,0.0001785335,0.05636394,-0.2173943,84.69592,0.04774792,257.1252,True,16,3,2
96.8538,0.0001112449,0.05623412,-0.2173321,84.69799,0.07411882,257.1475,True,16,3,2
96.86233,7.883587E-05,0.0558092,-0.2173268,84.79113,1.034163,258.1298,True,16,3,2
96.8668,7.562316E-05,0.05565208,-0.2173949,84.8634,1.160334,258.3374,True,16,3,2
96.87159,-3.278372E-06,0.05548239,-0.2173028,84.87268,1.237072,258.4141,True,16,3,2
96.87493,0.0001152126,0.05546519,-0.2175702,84.98179,1.706378,258.9473,True,16,3,2
96.87786,7.195133E-05,0.05536324,-0.2175147,84.99164,1.776848,259.0198,True,16,3,2
96.88084,3.319373E-05,0.05527185,-0.2174649,85.00053,1.840222,259.085,True,16,3,2
96.88435,6.37116E-05,0.05498926,-0.2175889,85.08666,2.506896,259.7478,True,16,3,2
96.88781,9.405194E-06,0.05485336,-0.2175259,85.10007,2.609583,259.8525,True,16,3,2
96.89086,4.60181E-05,0.05473611,-0.2174211,85.1132,3.099906,260.2264,True,16,3,2
96.89426,-2.914458E-07,0.05462095,-0.21736,85.1248,3.202304,260.3268,True,16,3,2
96.8968,-3.976998E-05,0.05452274,-0.2173078,85.13462,3.290028,260.4128,True,16,3,2
96.90023,-4.349649E-05,0.05440301,-0.2169191,85.05359,3.421904,260.5008,True,16,3,2
96.90441,-9.712274E-05,0.05425373,-0.2168276,85.06501,3.553968,260.6287,True,16,3,2
96.917,-0.0001103125,0.05358103,-0.2166682,85.18615,4.771757,261.9181,True,16,3,2
96.92089,-0.0001547218,0.05342905,-0.2165772,85.19907,4.923851,262.0694,True,16,3,2
96.92373,-0.0001976907,0.05337258,-0.2166735,85.24001,4.768161,262.0074,True,16,3,2
96.9273,-0.0002273698,0.05324966,-0.2166079,85.25224,4.896259,262.1378,True,16,3,2
96.93014,-0.0002544774,0.05313727,-0.2165478,85.26352,5.014045,262.2576,True,16,3,2
96.93346,-5.900976E-06,0.05292971,-0.2169497,85.40253,6.158123,263.4439,True,16,3,2
96.9367,-1.923123E-05,0.05281067,-0.2169069,85.41734,6.315185,263.6042,True,16,3,2
96.93963,-3.25219E-05,0.05269164,-0.2168639,85.4322,6.473488,263.7659,True,16,3,2
96.94248,-8.277188E-05,0.05251643,-0.2165765,85.35683,6.500483,263.7468,True,16,3,2
96.94514,-0.0001008932,0.05238791,-0.2165318,85.36891,6.652276,263.9004,True,16,3,2
96.94839,-0.0003526094,0.05227205,-0.2162041,85.30927,5.836198,263.0905,True,16,3,2
96.95202,-0.0003841254,0.05210532,-0.2161335,85.32241,5.995358,263.2521,True,16,3,2
96.95579,-0.0004837465,0.05190462,-0.2162301,85.41418,6.030917,263.3181,True,16,3,2
96.95943,-0.0005147284,0.05175491,-0.2161619,85.42851,6.170815,263.4612,True,16,3,2
96.9622,-0.0005394097,0.05163547,-0.2161075,85.44009,6.28307,263.576,True,16,3,2
96.96619,-0.0005354108,0.05146088,-0.2162027,85.50578,6.500567,263.7379,True,16,3,2
96.96996,-0.0005580182,0.05131724,-0.2161452,85.52176,6.645454,263.8838,True,16,3,2
96.97289,-0.0005775938,0.05119257,-0.2160952,85.53546,6.77198,264.0112,True,16,3,2
96.9762,-0.0007999822,0.05101886,-0.2163287,85.62011,6.356822,263.6005,True,16,3,2
96.97947,-0.0008365123,0.05085529,-0.2162847,85.64045,6.501219,263.7462,True,16,3,2
96.98354,-0.0006006082,0.05064021,-0.2162026,85.62472,7.443075,264.6572,True,16,3,2
96.98656,-0.0006161466,0.05050059,-0.2161712,85.63947,7.584842,264.7991,True,16,3,2
96.9892,-0.000631721,0.05036008,-0.2161394,85.65459,7.728638,264.9429,True,16,3,2
96.99249,-0.0003174036,0.05021708,-0.2158803,85.5954,8.965736,266.1103,True,16,3,2
96.99525,-0.0003208269,0.05008902,-0.215843,85.60662,9.125297,266.2681,True,16,3,2
96.99841,-0.0003248777,0.04993506,-0.2157981,85.61993,9.318339,266.459,True,16,3,2
97.00185,-0.0006454822,0.04974331,-0.2157622,85.67546,8.419963,265.5865,True,16,3,2
97.00542,-0.0006605957,0.04959486,-0.2157125,85.6897,8.571081,265.7365,True,16,3,2
97.00837,-0.0004912666,0.04943718,-0.2159616,85.78583,8.845314,266.0394,True,16,3,2
97.01102,-0.0004799063,0.04929973,-0.2159269,85.80134,8.994734,266.1887,True,16,3,2
97.01452,-0.0004665533,0.04913925,-0.2158863,85.81947,9.170675,266.3644,True,16,3,2
97.01768,-0.00025057,0.0490341,-0.2156783,85.76649,9.674892,266.8147,True,16,3,2
97.02074,-0.0002240711,0.04889245,-0.2156404,85.78077,9.843805,266.9818,True,16,3,2
97.02346,-0.0004500437,0.04873008,-0.2156401,85.80669,8.988607,266.107,True,16,3,2
97.02709,-0.0004298526,0.048577,-0.2156054,85.822,9.134297,266.2504,True,16,3,2
97.03019,-0.0004097915,0.04842556,-0.2155711,85.83727,9.279482,266.3932,True,16,3,2
97.03373,-0.0002226031,0.04824468,-0.2154002,85.81054,9.882425,266.9828,True,16,3,2
97.03768,-0.0001907966,0.04807992,-0.2153584,85.82533,10.05689,267.1544,True,16,3,2
97.04049,-0.0004956871,0.04797535,-0.2157533,85.97903,9.063442,266.2194,True,16,3,2
97.0434,-0.0004777592,0.04784578,-0.2157325,85.99562,9.1765,266.3319,True,16,3,2
97.04595,-0.0004590799,0.04771136,-0.2157109,86.01277,9.294891,266.4497,True,16,3,2
97.04972,-0.0007283161,0.0475737,-0.2156169,86.01828,8.203481,265.3533,True,16,3,2
97.05277,-0.0007198794,0.04744387,-0.2155952,86.03464,8.282227,265.4314,True,16,3,2
97.05567,-0.000710623,0.04730268,-0.2155717,86.05231,8.368467,265.5169,True,16,3,2
97.05982,-0.0004944361,0.04713315,-0.2155442,86.06767,9.456706,266.5476,True,16,3,2
97.06307,-0.0004807143,0.0469941,-0.2155196,86.08493,9.578773,266.6672,True,16,3,2
97.07006,-0.0005008059,0.04666774,-0.2155795,86.13953,9.674414,266.8693,True,16,3,2
97.07383,-0.0004449983,0.04650511,-0.2148794,85.95542,9.812815,267.0149,True,16,3,2
97.0771,-0.0004401733,0.04635464,-0.2148389,85.96667,9.930527,267.134,True,16,3,2
97.07984,-0.0004352597,0.04620294,-0.214798,85.97776,10.04992,267.2547,True,16,3,2
97.08367,-0.0004226507,0.04608044,-0.2146862,85.95203,10.21902,267.435,True,16,3,2
97.0868,-0.0004233823,0.04593304,-0.2146486,85.9622,10.32678,267.544,True,16,3,2
97.08999,-0.000663978,0.04579636,-0.2148568,86.05251,9.377422,266.5906,True,16,3,2
97.09347,-0.0006668342,0.04566684,-0.214834,86.06428,9.442264,266.6564,True,16,3,2
97.09612,-0.0006693925,0.04554904,-0.2148133,86.0752,9.501445,266.7164,True,16,3,2
97.1003,-0.0007708091,0.04536647,-0.2150684,86.17818,9.257011,266.4896,True,16,3,2
97.1039,-0.0007744469,0.04522441,-0.2150553,86.1945,9.319805,266.554,True,16,3,2
97.10696,-0.0005010199,0.04502398,-0.2147032,86.07764,10.68939,267.928,True,16,3,2
97.11022,-0.0005064425,0.04486874,-0.2146833,86.08894,10.7976,268.0379,True,16,3,2
97.11286,-0.0005112051,0.0447311,-0.2146656,86.09911,10.89417,268.136,True,16,3,2
97.12296,-0.0007858279,0.04433987,-0.2148207,86.16008,10.10994,267.4621,True,16,3,2
97.12632,-0.0007998012,0.04420601,-0.2148269,86.17173,10.17357,267.5305,True,16,3,2
97.12923,-0.0008130779,0.04407839,-0.2148327,86.18284,10.23447,267.5959,True,16,3,2
97.1329,-0.0009375215,0.04389296,-0.2148366,86.19965,10.32006,267.651,True,16,3,2
97.13735,-0.0009755674,0.04371354,-0.2148433,86.21545,10.40626,267.7419,True,16,3,2
97.14082,-0.0009826031,0.04358187,-0.2148791,86.2281,10.64806,267.9792,True,16,3,2
97.14379,-0.001013306,0.04344191,-0.2148886,86.24052,10.72441,268.059,True,16,3,2
97.14713,-0.001042159,0.04331014,-0.2148974,86.25231,10.79681,268.1347,True,16,3,2
97.15049,-0.001178441,0.04317276,-0.2148302,86.23178,10.29923,267.6376,True,16,3,2
97.1542,-0.001214716,0.04301286,-0.2148454,86.24469,10.37723,267.7192,True,16,3,2
97.15873,-0.001405285,0.04278247,-0.2146763,86.20605,10.01779,267.3375,True,16,3,2
97.16225,-0.001446521,0.04264523,-0.2146865,86.21587,10.07514,267.3976,True,16,3,2
97.16557,-0.001204648,0.04248698,-0.2145723,86.15768,11.41768,268.7073,True,16,3,2
97.16898,-0.001248149,0.04231679,-0.2145861,86.16687,11.53933,268.8308,True,16,3,2
97.17313,-0.001306529,0.04221255,-0.214601,86.16335,12.29368,269.5892,True,16,3,2
97.17651,-0.001370264,0.04206885,-0.2146143,86.17071,12.41788,269.715,True,16,3,2
97.17951,-0.00143379,0.04192555,-0.2146275,86.17818,12.54223,269.8411,True,16,3,2
97.18365,-0.001490802,0.04180008,-0.2145168,86.13436,12.15527,269.5119,True,16,3,2
97.18664,-0.001536252,0.04167894,-0.2145316,86.13953,12.24647,269.6061,True,16,3,2
97.18957,-0.001284182,0.04146086,-0.2150425,86.24512,14.01901,271.4165,True,16,3,2
97.19309,-0.001318811,0.04132529,-0.2150846,86.25331,14.17608,271.5778,True,16,3,2
97.19588,-0.001349692,0.04120423,-0.2151221,86.26057,14.31695,271.7224,True,16,3,2
97.19958,-0.001118095,0.04101469,-0.2150326,86.17674,15.59891,273.0294,True,16,3,2
97.20345,-0.00115143,0.04085711,-0.215087,86.18238,15.81292,273.2489,True,16,3,2
97.20684,-0.001244462,0.04079431,-0.2148748,86.09615,15.61056,273.0828,True,16,3,2
97.21029,-0.001285707,0.0406552,-0.2149246,86.09856,15.79757,273.2761,True,16,3,2
97.21325,-0.001326756,0.04051664,-0.2149741,86.10062,15.98389,273.4686,True,16,3,2
97.21697,-0.001347807,0.04036394,-0.2145938,85.92437,16.20849,273.6896,True,16,3,2
97.22445,-0.001658566,0.04012787,-0.2148153,85.91544,16.37848,273.8996,True,16,3,2
97.22813,-0.001736773,0.03999887,-0.2148832,85.91142,16.5473,274.075,True,16,3,2
97.2315,-0.001628332,0.03980157,-0.2150509,85.89554,17.86544,275.4158,True,16,3,2
97.23504,-0.001717861,0.03964838,-0.2151367,85.89021,18.09293,275.6513,True,16,3,2
97.2391,-0.001806035,0.03949749,-0.2152211,85.88525,18.31664,275.8828,True,16,3,2
97.24274,-0.001705133,0.03933279,-0.2153089,85.84367,19.09509,276.7359,True,16,3,2
97.24566,-0.001774752,0.03919616,-0.2153918,85.8376,19.307,276.9568,True,16,3,2
97.2495,-0.001832,0.03904094,-0.2150338,85.69525,19.51555,277.2133,True,16,3,2
97.25231,-0.001905352,0.03891715,-0.2150906,85.68598,19.69339,277.4002,True,16,3,2
97.25573,-0.002002337,0.03875354,-0.2151656,85.67347,19.92727,277.646,True,16,3,2
97.25954,-0.002139354,0.03860901,-0.2150997,85.59879,19.50753,277.2225,True,16,3,2
97.26243,-0.002210808,0.03848474,-0.2151628,85.58749,19.66338,277.387,True,16,3,2
97.26604,-0.001868129,0.03832451,-0.2152687,85.50952,21.04307,278.8179,True,16,3,2
97.26949,-0.001920098,0.03819415,-0.2153466,85.49524,21.23432,279.0194,True,16,3,2
97.27254,-0.001973212,0.03806098,-0.2154262,85.48065,21.42856,279.2241,True,16,3,2
97.27764,-0.002049946,0.03786768,-0.215364,85.39253,21.6963,279.511,True,16,3,2
97.28086,-0.002105123,0.03774276,-0.215435,85.37669,21.87437,279.6991,True,16,3,2
97.28402,-0.002086338,0.03766717,-0.2154383,85.34538,22.48789,280.3438,True,16,3,2
97.28701,-0.002147113,0.03754282,-0.2155034,85.32806,22.68439,280.5516,True,16,3,2
97.2907,-0.002205933,0.03740579,-0.2155626,85.2869,23.05106,280.9489,True,16,3,2
97.29414,-0.002268154,0.03728718,-0.2156274,85.26915,23.24292,281.1523,True,16,3,2
97.29726,-0.002332267,0.03716503,-0.2156942,85.25072,23.43889,281.3602,True,16,3,2
97.30041,-0.002383548,0.03704765,-0.2157631,85.21951,23.18738,281.1255,True,16,3,2
97.30389,-0.002435673,0.03692538,-0.2158405,85.20094,23.36891,281.319,True,16,3,2
97.30801,-0.002388322,0.03672999,-0.2155174,85.0714,23.45253,281.4232,True,16,3,2
97.3111,-0.002437697,0.03659156,-0.2155736,85.04789,23.63248,281.6161,True,16,3,2
97.31414,-0.002476789,0.03648213,-0.2156181,85.02917,23.77365,281.7674,True,16,3,2
97.31716,-0.002279949,0.0363293,-0.2153728,84.8809,24.46008,282.5603,True,16,3,2
97.3204,-0.002329003,0.03618391,-0.215421,84.8527,24.64438,282.7607,True,16,3,2
97.3274,-0.002396727,0.0359315,-0.2152784,84.7661,24.81471,283.0561,True,16,3,2
97.33048,-0.002433293,0.03581148,-0.2153007,84.74081,24.96288,283.2209,True,16,3,2
97.33367,-0.002327963,0.03575301,-0.2153679,84.74458,25.39661,283.6379,True,16,3,2
97.33717,-0.002351793,0.03562996,-0.2153845,84.71703,25.56696,283.8257,True,16,3,2
97.34063,-0.002152235,0.03544511,-0.2154501,84.71851,26.32806,284.5121,True,16,3,2
97.34345,-0.002155087,0.03532943,-0.2154534,84.69489,26.49168,284.6884,True,16,3,2
97.34618,-0.002158016,0.03521357,-0.2154566,84.67134,26.65423,284.8636,True,16,3,2
97.34968,-0.002311673,0.03506677,-0.2155616,84.72467,26.31111,284.4999,True,16,3,2
97.35334,-0.002305952,0.03492311,-0.2155605,84.6981,26.49617,284.6993,True,16,3,2
97.35642,-0.002266848,0.03476423,-0.2154,84.61806,26.14488,284.4419,True,16,3,2
97.3604,-0.002246846,0.03461874,-0.2154028,84.59013,26.30226,284.6161,True,16,3,2
97.363,-0.002232903,0.0345169,-0.2154048,84.57061,26.41142,284.7371,True,16,3,2
97.36663,-0.00228027,0.03443189,-0.2154356,84.5808,26.17552,284.5304,True,16,3,2
97.37043,-0.002251519,0.03430967,-0.2154342,84.55611,26.30756,284.6786,True,16,3,2
97.37348,-0.002235857,0.03411984,-0.2153679,84.57386,26.58684,284.9289,True,16,3,2
97.37664,-0.002207643,0.03399281,-0.2153392,84.55129,26.71826,285.0743,True,16,3,2
97.38244,-0.002385718,0.03372738,-0.2151606,84.55997,26.34993,284.7598,True,16,3,2
97.38609,-0.002362687,0.03359634,-0.2151045,84.5388,26.46329,284.8885,True,16,3,2
97.38885,-0.002341342,0.03347442,-0.2150523,84.51903,26.56803,285.0076,True,16,3,2
97.39242,-0.002286707,0.0333852,-0.2151588,84.55907,26.63743,285.1646,True,16,3,2
97.39484,-0.002258589,0.03329545,-0.2151207,84.54497,26.71793,285.258,True,16,3,2
97.39738,-0.002228129,0.03319806,-0.2150794,84.52969,26.80479,285.3589,True,16,3,2
97.40032,-0.002282999,0.03307386,-0.2151717,84.57487,26.35177,284.9771,True,16,3,2
97.404,-0.002229074,0.03295057,-0.2151271,84.55748,26.44568,285.0909,True,16,3,2
97.40696,-0.002322913,0.03281981,-0.2152709,84.62663,26.63275,285.2798,True,16,3,2
97.40974,-0.002286175,0.03271452,-0.2152294,84.61406,26.71555,285.3792,True,16,3,2
97.41306,-0.002237407,0.03257453,-0.215174,84.59767,26.82495,285.5104,True,16,3,2
97.41688,-0.002358022,0.03242067,-0.2150332,84.60175,26.86489,285.5144,True,16,3,2
97.42001,-0.002338152,0.03229627,-0.2149679,84.58897,26.94956,285.6161,True,16,3,2
97.42298,-0.002444675,0.03220883,-0.2149382,84.64518,26.71754,285.4145,True,16,3,2
97.42657,-0.002421236,0.03209519,-0.2148597,84.63484,26.79114,285.505,True,16,3,2
97.42966,-0.002398349,0.03198393,-0.2147828,84.62458,26.86302,285.5934,True,16,3,2
97.43296,-0.002502019,0.03186917,-0.2150624,84.71558,27.15927,285.9616,True,16,3,2
97.43604,-0.002488459,0.03177261,-0.2150066,84.70932,27.23139,286.0504,True,16,3,2
97.43894,-0.002474855,0.0316754,-0.2149503,84.70284,27.30376,286.1395,True,16,3,2
97.44164,-0.002293185,0.03156449,-0.2153282,84.7628,28.79739,287.6184,True,16,3,2
97.44437,-0.00228525,0.03146075,-0.2152857,84.75776,28.91899,287.7567,True,16,3,2
97.4474,-0.002278176,0.03136796,-0.2152478,84.7532,29.02757,287.8804,True,16,3,2
97.45071,-0.002482581,0.03113741,-0.2152099,84.71903,29.39237,288.1342,True,16,3,2
97.45403,-0.002517086,0.0310078,-0.2151708,84.71257,29.52881,288.2846,True,16,3,2
97.45728,-0.002503716,0.03095374,-0.2151704,84.66637,30.20095,288.9061,True,16,3,2
97.4618,-0.002566016,0.03080924,-0.2151351,84.65662,30.38935,289.1088,True,16,3,2
97.46479,-0.002612362,0.03070183,-0.2151087,84.64922,30.52889,289.2591,True,16,3,2
97.46775,-0.002502619,0.03053683,-0.2151355,84.56354,31.8269,290.5869,True,16,3,2
97.47118,-0.00257239,0.03041954,-0.2151193,84.55317,31.9986,290.77,True,16,3,2
97.47379,-0.002462522,0.03034917,-0.2152149,84.49608,32.98997,291.758,True,16,3,2
97.48348,-0.00225922,0.03002982,-0.215059,84.31445,34.25381,293.0624,True,16,3,2
97.48693,-0.002323081,0.02991599,-0.2150657,84.29693,34.46165,293.2816,True,16,3,2
97.48986,-0.002046769,0.029769,-0.2147859,84.16622,35.06522,293.9152,True,16,3,2
97.4934,-0.00209405,0.02965212,-0.2147769,84.14576,35.2691,294.1306,True,16,3,2
97.49624,-0.002138259,0.029543,-0.2147684,84.1265,35.45826,294.3304,True,16,3,2
97.49947,-0.002134375,0.0294079,-0.2146035,84.09927,35.72855,294.668,True,16,3,2
97.50286,-0.00217533,0.02929075,-0.2145727,84.07818,35.93006,294.8828,True,16,3,2
97.50556,-0.002212149,0.02918567,-0.214545,84.05927,36.10971,295.0743,True,16,3,2
97.50845,-0.002329603,0.02907251,-0.2143183,84.05723,36.07364,295.0527,True,16,3,2
97.51165,-0.002379406,0.02893601,-0.2142503,84.03346,36.29568,295.29,True,16,3,2
97.51566,-0.002371842,0.02885577,-0.2141879,84.04623,36.41558,295.4639,True,16,3,2
97.51853,-0.002393446,0.02875617,-0.2141262,84.02817,36.58718,295.6486,True,16,3,2
97.52157,-0.002419113,0.02863832,-0.2140531,84.00684,36.78917,295.8662,True,16,3,2
97.52543,-0.002428168,0.02845436,-0.2140112,84.00319,36.75429,295.9553,True,16,3,2
97.53103,-0.002446885,0.02824405,-0.2138978,83.96838,37.07227,296.3054,True,16,3,2
97.53384,-0.002556979,0.02807499,-0.2141236,84.03563,37.2877,296.6191,True,16,3,2
97.53735,-0.002564039,0.02795577,-0.2140757,84.01919,37.46249,296.8139,True,16,3,2
97.54034,-0.002628012,0.02772334,-0.2143348,84.09582,37.92194,297.3282,True,16,3,2
97.54401,-0.002630929,0.0275598,-0.2142883,84.0789,38.1503,297.5829,True,16,3,2
97.54691,-0.002632959,0.02744852,-0.2142566,84.06713,38.30499,297.7555,True,16,3,2
97.55001,-0.002458673,0.02737182,-0.2144478,84.08318,39.41674,298.89,True,16,3,2
97.55265,-0.002456741,0.02726492,-0.2144169,84.07156,39.59971,299.0915,True,16,3,2
97.55576,-0.002454259,0.02712508,-0.2143763,84.05637,39.83815,299.3542,True,16,3,2
97.55904,-0.002493996,0.02701578,-0.2142936,84.07487,39.60778,299.1912,True,16,3,2
97.56197,-0.002480431,0.02690478,-0.2142559,84.06364,39.78698,299.3911,True,16,3,2
97.56632,-0.002837255,0.02673569,-0.2142967,84.15031,39.48727,299.1757,True,16,3,2
97.57095,-0.002833241,0.02658591,-0.2142428,84.13856,39.72206,299.4425,True,16,3,2
97.57433,-0.00277197,0.0264625,-0.2141961,84.11756,39.94223,299.6821,True,16,3,2
97.58447,-0.003106239,0.02605768,-0.2141002,84.14114,39.95013,299.8229,True,16,3,2
97.58829,-0.00312171,0.02592079,-0.2140579,84.13204,40.13872,300.0419,True,16,3,2
97.59177,-0.002994701,0.02582087,-0.2137164,84.00077,40.15732,299.983,True,16,3,2
97.59464,-0.003011363,0.02571204,-0.213678,83.98986,40.29661,300.143,True,16,3,2
97.59739,-0.003026985,0.02561027,-0.2136421,83.97969,40.42652,300.2922,True,16,3,2
97.60094,-0.002864941,0.02548762,-0.2137727,83.98412,41.01171,300.9249,True,16,3,2
97.60513,-0.002864195,0.02535564,-0.2137365,83.97078,41.2002,301.1402,True,16,3,2
97.60822,-0.002817111,0.02522318,-0.2141911,84.06235,42.03123,301.9631,True,16,3,2
97.61112,-0.002804013,0.02511092,-0.2141843,84.054,42.21542,302.1694,True,16,3,2
97.61423,-0.002791853,0.02500671,-0.214178,84.04623,42.38603,302.3604,True,16,3,2
108.7501,-0.04942158,0.02511799,-0.2089908,82.24362,336.1774,243.8548,True,18,4,5
108.7537,-0.04939967,0.02513483,-0.2090567,82.25522,336.0436,243.7153,True,18,4,5
108.7641,-0.04930183,0.02521063,-0.2090721,82.23849,335.8994,243.523,True,18,4,5
108.7686,-0.0493671,0.02540214,-0.2089959,82.20993,335.3362,242.97,True,18,4,5
108.7727,-0.04933003,0.02544528,-0.2090407,82.21843,335.1948,242.8224,True,18,4,5
108.7761,-0.04920549,0.0255086,-0.2090723,82.27473,335.0833,242.7069,True,18,4,5
108.7789,-0.04917029,0.02554965,-0.2090924,82.28294,334.968,242.5866,True,18,4,5
108.7824,-0.04945697,0.0256214,-0.2091398,82.28825,334.1439,241.7068,True,18,4,5
108.7852,-0.04943781,0.02566358,-0.2091486,82.29538,334.0145,241.5712,True,18,4,5
108.7882,-0.04941815,0.02570693,-0.2091575,82.30283,333.8813,241.4317,True,18,4,5
108.7913,-0.04969979,0.0257255,-0.2092032,82.30598,333.2375,240.7581,True,18,4,5
108.7944,-0.04970019,0.02576087,-0.209208,82.31226,333.1019,240.616,True,18,4,5
108.797,-0.0497006,0.02579562,-0.2092128,82.31844,332.9684,240.4763,True,18,4,5
108.8001,-0.0496129,0.02579238,-0.2094354,82.40575,332.7915,240.2888,True,18,4,5
108.8034,-0.04961363,0.02583012,-0.2094453,82.41522,332.6345,240.1245,True,18,4,5
108.8066,-0.04954575,0.02580738,-0.2095865,82.45246,332.6461,240.1344,True,18,4,5
108.8098,-0.04954911,0.0258394,-0.2096114,82.46316,332.4849,239.9657,True,18,4,5
108.8124,-0.04955203,0.02586709,-0.2096329,82.47235,332.3453,239.8195,True,18,4,5
108.816,-0.04951081,0.02585575,-0.2096795,82.46209,332.4733,239.9457,True,18,4,5
108.8192,-0.04951543,0.02588052,-0.2097207,82.4718,332.3246,239.79,True,18,4,5
108.8222,-0.04951984,0.02590415,-0.2097601,82.48109,332.1826,239.6414,True,18,4,5
108.8254,-0.04951206,0.02590214,-0.2097793,82.43522,332.3834,239.8633,True,18,4,5
108.8279,-0.0495162,0.02591611,-0.2098306,82.44202,332.2803,239.7553,True,18,4,5
108.8313,-0.04947499,0.02594152,-0.2095992,82.33997,332.8497,240.2949,True,18,4,5
108.8351,-0.04948967,0.02595754,-0.2096974,82.34624,332.715,240.1515,True,18,4,5
108.8386,-0.0495006,0.02596951,-0.2097704,82.35099,332.6147,240.0446,True,18,4,5
108.8418,-0.04937509,0.02604222,-0.2093937,82.21071,333.4039,240.783,True,18,4,5
108.8445,-0.04938145,0.0260552,-0.2094666,82.21082,333.3362,240.7076,True,18,4,5
108.8476,-0.049388,0.02606851,-0.2095412,82.21101,333.2668,240.6302,True,18,4,5
108.8516,-0.0492472,0.02613232,-0.2092566,82.11559,333.9579,241.2742,True,18,4,5
108.8553,-0.0492534,0.02615201,-0.2093476,82.11226,333.8981,241.2027,True,18,4,5
108.8587,-0.04907247,0.02617705,-0.2091511,82.0611,334.601,241.9234,True,18,4,5
108.8622,-0.04907778,0.02619356,-0.2092266,82.05646,334.5746,241.8876,True,18,4,5
108.8658,-0.0489785,0.02622122,-0.2091853,82.04322,334.8545,242.1778,True,18,4,5
108.8689,-0.04898377,0.02623804,-0.2092535,82.03918,334.8314,242.1465,True,18,4,5
108.8724,-0.04898845,0.02625299,-0.2093138,82.03558,334.8109,242.1187,True,18,4,5
108.8759,-0.04890998,0.02627313,-0.2092156,82.02443,335.0176,242.3331,True,18,4,5
108.8787,-0.04891374,0.0262883,-0.2092643,82.02115,334.9985,242.3073,True,18,4,5
108.8823,-0.04914662,0.02636418,-0.2091485,81.96584,334.5375,241.8655,True,18,4,5
108.8856,-0.04915389,0.02638443,-0.2091784,81.96107,334.5067,241.829,True,18,4,5
108.8887,-0.04916212,0.0264073,-0.2092121,81.95567,334.4719,241.7878,True,18,4,5
108.8919,-0.04927013,0.026421,-0.2091424,81.93988,334.2255,241.5574,True,18,4,5
108.8944,-0.04927734,0.02643605,-0.2091548,81.93594,334.1969,241.5249,True,18,4,5
108.8967,-0.0492849,0.02645184,-0.2091677,81.9317,334.167,241.4907,True,18,4,5
108.8999,-0.04929691,0.02645755,-0.2091368,81.93457,334.0869,241.4218,True,18,4,5
108.9035,-0.04930416,0.02647623,-0.2091424,81.92965,334.0515,241.3813,True,18,4,5
108.9071,-0.04922014,0.02648146,-0.2091828,81.94865,334.0541,241.3981,True,18,4,5
108.9101,-0.04921912,0.02649729,-0.2091843,81.94465,334.0257,241.3657,True,18,4,5
108.9125,-0.04921817,0.026512,-0.2091856,81.94095,333.9992,241.3356,True,18,4,5
108.9158,-0.04917109,0.02651985,-0.2092283,81.9567,334.0096,241.336,True,18,4,5
108.9194,-0.04916753,0.02653986,-0.2092292,81.95212,333.9769,241.2986,True,18,4,5
108.9234,-0.04912749,0.02656388,-0.2095434,82.01965,333.7552,241.0837,True,18,4,5
108.9265,-0.04912295,0.02658246,-0.2095584,82.0181,333.7268,241.0522,True,18,4,5
108.9288,-0.04911909,0.02659829,-0.2095712,82.01669,333.7025,241.0255,True,18,4,5
108.9317,-0.04911412,0.02661863,-0.2095877,82.0151,333.6714,240.991,True,18,4,5
108.9351,-0.0491799,0.02670632,-0.2097223,81.98024,333.342,240.6614,True,18,4,5
108.9389,-0.04916608,0.02673663,-0.209761,81.9772,333.2977,240.6135,True,18,4,5
108.9418,-0.0488518,0.02679484,-0.2099172,82.01517,333.7908,241.096,True,18,4,5
108.9446,-0.04882699,0.02682975,-0.2099697,82.01362,333.7657,241.0674,True,18,4,5
108.9476,-0.04880596,0.02685936,-0.2100142,82.0123,333.7446,241.0431,True,18,4,5
108.9509,-0.04869007,0.02690285,-0.210007,81.99832,334.2172,241.4992,True,18,4,5
108.9544,-0.04867174,0.02694075,-0.21007,81.99628,334.2071,241.4848,True,18,4,5
108.9579,-0.04859426,0.02706921,-0.2098694,81.93394,334.742,242.0376,True,18,4,5
108.9611,-0.04858637,0.02710773,-0.2099139,81.93063,334.749,242.0418,True,18,4,5
108.9635,-0.04857925,0.02714247,-0.2099541,81.92766,334.7552,242.0456,True,18,4,5
108.9668,-0.04853141,0.02723721,-0.210188,81.94299,334.6776,241.9864,True,18,4,5
108.9703,-0.04851478,0.0272916,-0.2102581,81.93939,334.6852,241.991,True,18,4,5
108.9732,-0.04854494,0.02746707,-0.2102784,81.90857,334.6525,241.9725,True,18,4,5
108.9764,-0.04852694,0.0275379,-0.2103527,81.90542,334.6591,241.9765,True,18,4,5
108.9791,-0.04850977,0.02760543,-0.2104235,81.90238,334.6655,241.9803,True,18,4,5
108.9833,-0.0482375,0.02776532,-0.210798,81.99315,334.8409,242.1743,True,18,4,5
108.9865,-0.04820621,0.0278517,-0.2108853,81.99305,334.8529,242.1843,True,18,4,5
108.9896,-0.04800211,0.02796564,-0.2111534,82.05085,335.1243,242.4417,True,18,4,5
108.9928,-0.04797066,0.02804917,-0.211243,82.05251,335.1432,242.4585,True,18,4,5
108.9955,-0.04794109,0.02812776,-0.2113274,82.05404,335.161,242.4744,True,18,4,5
108.9984,-0.04765609,0.02830276,-0.2109829,81.95362,336.0247,243.2708,True,18,4,5
109.0021,-0.04759639,0.02842821,-0.2110929,81.95148,336.086,243.3264,True,18,4,5
109.0057,-0.04754889,0.02852799,-0.2111805,81.94992,336.1347,243.3706,True,18,4,5
109.0088,-0.04728282,0.02883121,-0.2113359,81.95714,336.4359,243.6033,True,18,4,5
109.0116,-0.0472202,0.02895516,-0.2114316,81.95573,336.49,243.6512,True,18,4,5
109.015,-0.04706585,0.02916543,-0.2114295,81.92154,336.8201,243.9537,True,18,4,5
109.0197,-0.04696475,0.02936786,-0.2115778,81.91784,336.9134,244.0367,True,18,4,5
109.0225,-0.04689813,0.0295012,-0.2116756,81.91551,336.9749,244.0913,True,18,4,5
109.0257,-0.04688616,0.02983151,-0.2112514,81.70085,337.4091,244.501,True,18,4,5
109.0285,-0.0468227,0.02996624,-0.2113429,81.69276,337.4727,244.558,True,18,4,5
109.0313,-0.04675322,0.03011364,-0.211443,81.68395,337.5421,244.6202,True,18,4,5
109.0346,-0.0462497,0.03038639,-0.2112935,81.61292,338.4478,245.453,True,18,4,5
109.0377,-0.04616201,0.030532,-0.2113848,81.60287,338.5334,245.5301,True,18,4,5
109.0408,-0.0457346,0.030699,-0.2113643,81.55764,339.2489,246.1653,True,18,4,5
109.0435,-0.04563238,0.03083779,-0.2114575,81.54683,339.347,246.2533,True,18,4,5
109.046,-0.04552123,0.03098857,-0.2115589,81.53513,339.4535,246.3488,True,18,4,5
109.0503,-0.04493678,0.03132091,-0.2118245,81.53754,339.946,246.8608,True,18,4,5
109.0533,-0.04478911,0.03148733,-0.2119417,81.52636,340.0601,246.965,True,18,4,5
109.0563,-0.04427075,0.03176981,-0.2116719,81.43491,340.8837,247.6691,True,18,4,5
109.0596,-0.04409787,0.03194672,-0.2117728,81.42085,341.0174,247.7895,True,18,4,5
109.0624,-0.0439348,0.03211339,-0.211868,81.40762,341.1432,247.9027,True,18,4,5
109.0693,-0.04333844,0.03268851,-0.2119257,81.33916,341.3845,248.001,True,18,4,5
109.0735,-0.04270931,0.03303097,-0.2117072,81.26603,342.0782,248.6252,True,18,4,5
109.0766,-0.04246951,0.03324033,-0.2117767,81.24832,342.2275,248.7558,True,18,4,5
109.0798,-0.04219753,0.03347743,-0.2118558,81.2282,342.3961,248.9031,True,18,4,5
109.0835,-0.04167708,0.03374036,-0.2115068,81.14004,342.8315,249.2264,True,18,4,5
109.0863,-0.04141854,0.03394225,-0.2115439,81.12068,342.9801,249.3542,True,18,4,5
109.0899,-0.04088462,0.03416769,-0.2114432,81.08643,343.3272,249.6057,True,18,4,5
109.0934,-0.04058384,0.03437859,-0.2114669,81.06517,343.4902,249.7439,True,18,4,5
109.0961,-0.04032661,0.03455867,-0.2114874,81.047,343.629,249.8616,True,18,4,5
109.0999,-0.03959957,0.03480968,-0.2115167,81.05442,343.8793,249.9677,True,18,4,5
109.1038,-0.03921659,0.03504285,-0.2115308,81.03172,344.0609,250.1177,True,18,4,5
109.1074,-0.0388061,0.0353564,-0.2111495,80.89988,343.8199,249.7307,True,18,4,5
109.1111,-0.03837356,0.03559709,-0.2111332,80.87269,343.9867,249.8609,True,18,4,5
109.1222,-0.03707556,0.03626233,-0.211113,80.83959,343.4581,249.1411,True,18,4,5
109.1259,-0.03665191,0.0364653,-0.2110717,80.81773,343.5709,249.2196,True,18,4,5
109.1286,-0.03629167,0.03663756,-0.2110369,80.7991,343.6665,249.286,True,18,4,5
109.1315,-0.03589489,0.03682694,-0.2109991,80.77866,343.7713,249.3588,True,18,4,5
109.1348,-0.03530338,0.03694916,-0.2107437,80.7337,343.9396,249.4022,True,18,4,5
109.1384,-0.03489339,0.0371235,-0.2106865,80.7124,344.0452,249.4729,True,18,4,5
109.1419,-0.03427646,0.03724229,-0.2107691,80.76093,343.8726,249.2523,True,18,4,5
109.1446,-0.03386132,0.03740035,-0.2107071,80.74293,343.9648,249.3114,True,18,4,5
109.1475,-0.03347548,0.03754696,-0.2106499,80.72613,344.0502,249.366,True,18,4,5
109.1503,-0.03274953,0.03766038,-0.2106746,80.76422,344.1902,249.4019,True,18,4,5
109.1544,-0.03210504,0.03788306,-0.2105786,80.74054,344.3249,249.4857,True,18,4,5
109.1579,-0.03183006,0.03803442,-0.210779,80.77073,343.4099,248.481,True,18,4,5
109.1612,-0.03136225,0.03818871,-0.2107171,80.75563,343.4759,248.5094,True,18,4,5
109.1639,-0.03091781,0.03833501,-0.210659,80.74131,343.5383,248.5362,True,18,4,5
109.167,-0.03057192,0.03842656,-0.2110381,80.85394,342.8454,247.7703,True,18,4,5
109.1707,-0.03005349,0.03859173,-0.2109776,80.84159,342.8943,247.7766,True,18,4,5
109.1743,-0.02939922,0.03868081,-0.2113158,80.95556,342.9354,247.7687,True,18,4,5
109.1771,-0.02891381,0.03882986,-0.2112729,80.94804,342.9813,247.7746,True,18,4,5
109.18,-0.02849019,0.03895983,-0.211236,80.94154,343.0212,247.7798,True,18,4,5
109.1829,-0.02807504,0.03899963,-0.2111129,80.91425,343.0466,247.736,True,18,4,5
109.1859,-0.02759107,0.03913334,-0.2110656,80.90604,343.092,247.7402,True,18,4,5
109.19,-0.02711481,0.03939003,-0.2105489,80.75538,343.0003,247.4952,True,18,4,5
109.1934,-0.02664995,0.03952135,-0.210485,80.74297,343.0393,247.491,True,18,4,5
109.1961,-0.02623685,0.03963783,-0.2104288,80.73199,343.0738,247.4872,True,18,4,5
109.2002,-0.02569651,0.0398051,-0.210109,80.65141,343.1112,247.3578,True,18,4,5
109.2045,-0.02514599,0.03995578,-0.2100198,80.63391,343.158,247.3476,True,18,4,5
109.2074,-0.02452418,0.04003744,-0.2100534,80.67835,343.5016,247.5634,True,18,4,5
109.2105,-0.02403793,0.04016744,-0.2099756,80.66483,343.553,247.5619,True,18,4,5
109.2137,-0.0235855,0.04028817,-0.209904,80.65231,343.6008,247.5604,True,18,4,5
109.2167,-0.02294726,0.04026569,-0.2103587,80.80029,343.573,247.463,True,18,4,5
109.2254,-0.02138228,0.04059079,-0.2102075,80.77853,343.9456,247.6628,True,18,4,5
109.2286,-0.02093448,0.04069349,-0.2101629,80.77149,343.9953,247.6651,True,18,4,5
109.2311,-0.02052933,0.04078627,-0.2101232,80.76514,344.0402,247.6671,True,18,4,5
109.2343,-0.02031354,0.04098161,-0.2099513,80.69213,343.4593,247.0429,True,18,4,5
109.238,-0.01976194,0.04111552,-0.209892,80.68122,343.4982,247.0234,True,18,4,5
109.241,-0.01952381,0.04118203,-0.2098261,80.66115,343.0349,246.5513,True,18,4,5
109.2442,-0.01900201,0.04130121,-0.2097627,80.65044,343.0558,246.5183,True,18,4,5
109.2473,-0.01855215,0.04140376,-0.2097089,80.6413,343.0738,246.4899,True,18,4,5
109.2504,-0.01789692,0.04149401,-0.2097577,80.6534,343.3334,246.7442,True,18,4,5
109.2535,-0.01737401,0.0416095,-0.2097091,80.64363,343.3615,246.721,True,18,4,5
109.2567,-0.01681469,0.04173279,-0.2096582,80.63328,343.3915,246.6962,True,18,4,5
109.2608,-0.01601104,0.04181926,-0.2097424,80.67943,343.7603,246.9487,True,18,4,5
109.2639,-0.0155034,0.04192719,-0.2097031,80.67191,343.7976,246.9351,True,18,4,5
109.2677,-0.01486163,0.04201199,-0.2095591,80.65028,344.1366,247.1242,True,18,4,5
109.271,-0.01438279,0.04210915,-0.2095176,80.64249,344.1818,247.1172,True,18,4,5
109.2744,-0.01403053,0.0422795,-0.2092621,80.56722,344.0725,246.8942,True,18,4,5
109.2774,-0.01353844,0.04238637,-0.2092097,80.55689,344.1144,246.8795,True,18,4,5
109.2806,-0.01309235,0.04248306,-0.209163,80.54762,344.1523,246.8663,True,18,4,5
109.2837,-0.01304078,0.04261072,-0.2088955,80.44507,343.7404,246.3955,True,18,4,5
109.2866,-0.01261552,0.04270582,-0.208843,80.43295,343.7652,246.3687,True,18,4,5
109.29,-0.01204936,0.04288976,-0.2087576,80.40667,343.838,246.371,True,18,4,5
109.2935,-0.01160392,0.04299732,-0.2087056,80.39366,343.8651,246.3441,True,18,4,5
109.2963,-0.01117386,0.04310092,-0.2086561,80.38113,343.8912,246.3182,True,18,4,5
109.2995,-0.01050133,0.04329361,-0.2085204,80.34005,344.2888,246.6978,True,18,4,5
109.3037,-0.009921269,0.0434424,-0.208461,80.32232,344.3372,246.6787,True,18,4,5
109.3072,-0.009427991,0.04357897,-0.2082208,80.27086,344.6389,246.8816,True,18,4,5
109.3103,-0.008987414,0.04369411,-0.2081648,80.25579,344.6845,246.8731,True,18,4,5
109.3131,-0.008555025,0.04380685,-0.2081106,80.24104,344.7293,246.8647,True,18,4,5
109.3171,-0.007866455,0.04387446,-0.2079804,80.25837,345.2983,247.3421,True,18,4,5
109.3209,-0.007341318,0.04400523,-0.2078983,80.24123,345.3734,247.35,True,18,4,5
109.3267,-0.006659211,0.04421328,-0.2078891,80.23191,345.0757,246.9628,True,18,4,5
109.3299,-0.006246152,0.04431644,-0.2078301,80.21914,345.1226,246.9575,True,18,4,5
109.3333,-0.005395126,0.04450133,-0.2077371,80.2205,345.6483,247.4571,True,18,4,5
109.3368,-0.004930759,0.04462163,-0.2076727,80.20724,345.7138,247.4676,True,18,4,5
109.3395,-0.004543615,0.04472171,-0.2076197,80.19608,345.7683,247.4763,True,18,4,5
109.3427,-0.004249149,0.04484655,-0.2075546,80.19366,345.6504,247.3244,True,18,4,5
109.3456,-0.003819325,0.04496215,-0.2074882,80.18131,345.7072,247.3296,True,18,4,5
109.3489,-0.003625777,0.04508327,-0.2074174,80.17141,345.5659,247.0762,True,18,4,5
109.3519,-0.003218009,0.04519981,-0.2073467,80.15925,345.6166,247.0732,True,18,4,5
109.3549,-0.002840404,0.0453075,-0.2072819,80.14789,345.6635,247.0704,True,18,4,5
109.3579,-0.002338704,0.0453914,-0.2073912,80.19889,345.8594,247.255,True,18,4,5
109.3617,-0.001907639,0.04551378,-0.2073231,80.18788,345.9191,247.2583,True,18,4,5
109.3646,-0.001525387,0.04562211,-0.2072634,80.17825,345.9719,247.2612,True,18,4,5
109.3678,-0.001144773,0.04579444,-0.2073431,80.18478,345.8073,247.1007,True,18,4,5
109.3712,-0.0007509468,0.04591213,-0.207293,80.17537,345.855,247.099,True,18,4,5
109.3798,0.0003264034,0.04624443,-0.2070531,80.08749,346.0674,247.1475,True,18,4,5
109.3843,0.0007732017,0.04642229,-0.2071116,80.09888,345.9392,246.9828,True,18,4,5
109.3879,0.001222683,0.04655991,-0.2070671,80.08682,345.9899,246.9765,True,18,4,5
109.3907,0.001715408,0.04660441,-0.2071474,80.11969,346.2939,247.3178,True,18,4,5
109.394,0.002071536,0.04670736,-0.2071171,80.11119,346.3425,247.3231,True,18,4,5
109.3963,0.002386463,0.04679829,-0.2070908,80.10369,346.3855,247.3277,True,18,4,5
109.3999,0.002652777,0.04694697,-0.2069401,80.04814,346.3599,247.2598,True,18,4,5
109.4036,0.003053352,0.0470676,-0.2069032,80.03645,346.4142,247.263,True,18,4,5
109.4066,0.003132463,0.04731202,-0.2063859,79.88314,346.3186,247.1053,True,18,4,5
109.4094,0.003443282,0.04742064,-0.2063365,79.86946,346.3582,247.1029,True,18,4,5
109.4122,0.003784453,0.04753962,-0.2062829,79.85446,346.4017,247.1001,True,18,4,5
109.4154,0.004127923,0.0476592,-0.2062294,79.83941,346.4454,247.0973,True,18,4,5
109.4187,0.004709825,0.04770985,-0.2062749,79.88069,346.8256,247.4828,True,18,4,5
109.4222,0.00513521,0.04784779,-0.2062101,79.86442,346.8902,247.4928,True,18,4,5
109.4251,0.005326871,0.04792041,-0.2063691,79.9432,346.7227,247.2242,True,18,4,5
109.4275,0.005586784,0.04800859,-0.2063245,79.93518,346.7584,247.2241,True,18,4,5
109.4299,0.005853751,0.04809909,-0.2062791,79.92692,346.7951,247.224,True,18,4,5
109.4348,0.006379681,0.04821971,-0.2063574,79.97277,346.692,247.1307,True,18,4,5
109.4384,0.006719606,0.0483292,-0.2062995,79.96395,346.734,247.1288,True,18,4,5
109.4411,0.007339188,0.04844527,-0.2061457,79.97187,347.408,247.701,True,18,4,5
109.4443,0.007725499,0.04857221,-0.2060686,79.9624,347.4778,247.7192,True,18,4,5
109.4472,0.008021953,0.04866947,-0.20601,79.95515,347.5313,247.7331,True,18,4,5
109.4506,0.008318911,0.04887362,-0.2059114,79.91574,347.415,247.575,True,18,4,5
109.4539,0.008693201,0.04900536,-0.2058433,79.90564,347.4755,247.5863,True,18,4,5
109.457,0.00908548,0.04917961,-0.205689,79.87207,347.3361,247.4171,True,18,4,5
109.4602,0.009430298,0.04929936,-0.2056232,79.86259,347.3829,247.4214,True,18,4,5
109.4641,0.009899972,0.04946217,-0.2055344,79.84964,347.4467,247.4273,True,18,4,5
109.4683,0.009978998,0.04962783,-0.2055144,79.8285,346.9395,246.9233,True,18,4,5
109.4719,0.01033858,0.0497586,-0.2054475,79.81777,346.9734,246.912,True,18,4,5
109.4754,0.01085791,0.04996966,-0.2051484,79.74191,347.207,247.1311,True,18,4,5
109.4839,0.01160237,0.05045049,-0.2047996,79.63659,347.0575,246.8429,True,18,4,5
109.4878,0.01197121,0.05060312,-0.2047239,79.62093,347.0903,246.8297,True,18,4,5
109.4907,0.012236,0.05082139,-0.2045485,79.56753,346.8682,246.5809,True,18,4,5
109.4942,0.01259747,0.05097593,-0.2044711,79.55128,346.8913,246.5604,True,18,4,5
109.4982,0.01303883,0.05119222,-0.20465,79.6071,346.9084,246.6321,True,18,4,5
109.5015,0.01341243,0.05136693,-0.204579,79.59143,346.9306,246.6125,True,18,4,5
109.5051,0.01375313,0.051526,-0.2045147,79.57716,346.951,246.5945,True,18,4,5
109.5085,0.01386345,0.0517761,-0.2043981,79.53484,346.7532,246.3065,True,18,4,5
109.5116,0.01420258,0.05195442,-0.2043295,79.51878,346.7674,246.2783,True,18,4,5
109.5148,0.01450836,0.05211496,-0.2042681,79.50422,346.7802,246.253,True,18,4,5
109.5177,0.01477052,0.05226161,-0.2042518,79.4988,346.7523,246.2365,True,18,4,5
109.5209,0.01509867,0.05243453,-0.2041886,79.48353,346.7648,246.2096,True,18,4,5
109.524,0.01552013,0.05261095,-0.2043171,79.53375,347.1919,246.6313,True,18,4,5
109.5277,0.01584099,0.05279692,-0.2042629,79.52001,347.2191,246.6183,True,18,4,5
109.5315,0.01619725,0.05300315,-0.2042032,79.50476,347.2492,246.6039,True,18,4,5
109.5348,0.0163778,0.05330743,-0.2041916,79.48238,346.9986,246.3248,True,18,4,5
109.538,0.01663309,0.05346896,-0.2041529,79.47118,347.0131,246.3076,True,18,4,5
109.5415,0.01689224,0.05363092,-0.2041742,79.48141,347.114,246.3943,True,18,4,5
109.5444,0.01715713,0.05380435,-0.2041343,79.46981,347.1324,246.3786,True,18,4,5
109.5474,0.01739492,0.05395992,-0.2040988,79.45945,347.149,246.3645,True,18,4,5
109.5503,0.01764468,0.05414239,-0.2041654,79.45759,347.106,246.3495,True,18,4,5
109.5535,0.01792042,0.054323,-0.2041381,79.44678,347.1232,246.3349,True,18,4,5
109.5566,0.01802911,0.05454437,-0.2041073,79.4233,347.024,246.1672,True,18,4,5
109.5611,0.01835168,0.05477566,-0.2040759,79.40913,347.0411,246.1426,True,18,4,5
109.5645,0.01863728,0.05498023,-0.2040485,79.39664,347.0562,246.1208,True,18,4,5
109.5691,0.01904953,0.0553325,-0.2039215,79.31272,347.0854,246.1004,True,18,4,5
109.5734,0.01963316,0.05554163,-0.2040295,79.35345,347.5924,246.5476,True,18,4,5
109.577,0.01992479,0.05575185,-0.2040191,79.34076,347.6253,246.5431,True,18,4,5
109.5798,0.02021768,0.05596276,-0.204009,79.32801,347.6582,246.5385,True,18,4,5
109.5874,0.02057168,0.05643827,-0.2039396,79.25375,347.1615,246.0172,True,18,4,5
109.5908,0.02106891,0.05665839,-0.2035802,79.1309,347.6518,246.4225,True,18,4,5
109.5938,0.02129113,0.05680914,-0.2035707,79.11757,347.6744,246.4179,True,18,4,5
109.5962,0.02150758,0.05695584,-0.2035616,79.1046,347.6965,246.4135,True,18,4,5
109.6,0.02197004,0.05717187,-0.2038622,79.16324,347.7632,246.5567,True,18,4,5
109.6037,0.02225822,0.05736428,-0.2038683,79.14905,347.7925,246.5557,True,18,4,5
109.607,0.02228839,0.05767973,-0.2034087,78.98377,347.5403,246.1706,True,18,4,5
109.6104,0.02257317,0.05788185,-0.2033958,78.96404,347.5605,246.1563,True,18,4,5
109.613,0.0228237,0.05805945,-0.2033846,78.94673,347.5782,246.1436,True,18,4,5
109.6165,0.02344495,0.05818553,-0.203344,78.94855,348.2493,246.8301,True,18,4,5
109.621,0.02383514,0.05844654,-0.2033246,78.92277,348.3056,246.8419,True,18,4,5
109.6242,0.02370005,0.05874205,-0.2032255,78.86224,347.846,246.3406,True,18,4,5
109.6276,0.02393513,0.0589252,-0.2032078,78.84389,347.8684,246.3333,True,18,4,5
109.6305,0.02416283,0.0591024,-0.2031909,78.82615,347.8901,246.3262,True,18,4,5
109.6345,0.02450488,0.05930571,-0.2029167,78.75794,348.0055,246.3395,True,18,4,5
109.6383,0.02477609,0.05950616,-0.202876,78.73519,348.0343,246.3316,True,18,4,5
109.6425,0.02558997,0.05963503,-0.2029752,78.80593,348.8539,247.1259,True,18,4,5
109.6455,0.02585277,0.05981381,-0.2029356,78.78783,348.9058,247.1441,True,18,4,5
109.6494,0.02611083,0.05999169,-0.2026847,78.70991,349.2067,247.4019,True,18,4,5
109.6525,0.02634438,0.06015578,-0.2026409,78.69056,349.2636,247.4263,True,18,4,5
109.6554,0.02657787,0.06031957,-0.2025974,78.67117,349.3203,247.4505,True,18,4,5
109.659,0.0267353,0.06049645,-0.2026846,78.67747,349.0226,247.1731,True,18,4,5
109.6617,0.02693858,0.06063473,-0.2026526,78.6621,349.0608,247.1858,True,18,4,5
109.6648,0.02719069,0.06080607,-0.2026132,78.64316,349.108,247.2014,True,18,4,5
109.6688,0.02718347,0.06091937,-0.2024064,78.58618,348.734,246.7905,True,18,4,5
109.6735,0.0279438,0.06109957,-0.2023789,78.60616,349.516,247.5258,True,18,4,5
109.6776,0.02827346,0.0613063,-0.2023055,78.58138,349.5938,247.5611,True,18,4,5
109.6814,0.02854698,0.06147753,-0.202245,78.56082,349.6581,247.5902,True,18,4,5
109.6849,0.02868862,0.0616291,-0.202073,78.50913,349.4555,247.3512,True,18,4,5
109.691,0.02916277,0.0618663,-0.202118,78.53298,349.4723,247.2687,True,18,4,5
109.6951,0.02944153,0.06202963,-0.2020497,78.51364,349.5245,247.2842,True,18,4,5
109.6982,0.02969256,0.06217651,-0.2019885,78.49619,349.5714,247.298,True,18,4,5
109.7018,0.02989463,0.06218678,-0.2021662,78.57288,349.5585,247.3059,True,18,4,5
109.7057,0.03015941,0.06233399,-0.2020979,78.55652,349.6081,247.321,True,18,4,5
109.7097,0.03073588,0.0624661,-0.2021036,78.58395,350.1605,247.8354,True,18,4,5
109.7128,0.03098458,0.06260194,-0.2020429,78.5703,350.222,247.8652,True,18,4,5
109.7165,0.0315683,0.06270549,-0.2018602,78.54193,350.8735,248.4373,True,18,4,5
109.7199,0.03181907,0.06283256,-0.2017953,78.52785,350.9534,248.4843,True,18,4,5
109.7227,0.0315095,0.06296141,-0.2017571,78.47437,350.154,247.6895,True,18,4,5
109.7258,0.0317126,0.06306814,-0.2017091,78.46135,350.1964,247.705,True,18,4,5
109.7293,0.03195931,0.0631976,-0.2016511,78.44554,350.2479,247.7238,True,18,4,5
109.7333,0.03185398,0.06332986,-0.2017189,78.4281,349.8705,247.3276,True,18,4,5
109.7371,0.03207417,0.06345652,-0.2016754,78.41219,349.9076,247.3323,True,18,4,5
109.7403,0.03292545,0.06359594,-0.201724,78.43234,350.8988,248.3091,True,18,4,5
109.7526,0.03380347,0.06405175,-0.2018349,78.4454,351.164,248.4933,True,18,4,5
109.7574,0.03386471,0.06420939,-0.2016848,78.38996,351.1086,248.3494,True,18,4,5
109.7619,0.03411321,0.06435984,-0.201653,78.37334,351.1832,248.3867,True,18,4,5
109.7657,0.03369532,0.06448938,-0.2014969,78.30325,350.5647,247.7039,True,18,4,5
109.7689,0.03385963,0.06460941,-0.2014629,78.28754,350.6029,247.7099,True,18,4,5
109.7719,0.03398994,0.06470454,-0.2014361,78.27506,350.6331,247.7146,True,18,4,5
109.7748,0.03457905,0.06485219,-0.2016751,78.32304,351.21,248.3034,True,18,4,5
109.7778,0.03475261,0.06497458,-0.2016677,78.31052,351.263,248.328,True,18,4,5
109.7812,0.03491985,0.06509241,-0.2016607,78.29844,351.314,248.3516,True,18,4,5
109.7844,0.03528065,0.06513165,-0.2017931,78.34257,351.8986,248.9401,True,18,4,5
109.7879,0.03546006,0.06526156,-0.2017914,78.33031,351.9769,248.9875,True,18,4,5
109.7946,0.03575444,0.06551209,-0.2015186,78.2289,352.2491,249.225,True,18,4,5
109.7985,0.03579206,0.06559706,-0.2015045,78.21677,352.2949,249.3288,True,18,4,5
109.8016,0.03593365,0.06571065,-0.2014917,78.20248,352.3709,249.3792,True,18,4,5
109.8052,0.0360596,0.06581159,-0.2014805,78.1898,352.4384,249.4237,True,18,4,5
109.8082,0.03603682,0.06605367,-0.2010114,78.01701,352.425,249.3584,True,18,4,5
109.811,0.03614985,0.06615779,-0.2009922,78.00002,352.4859,249.3966,True,18,4,5
109.814,0.03625581,0.06625533,-0.2009743,77.9841,352.5429,249.4324,True,18,4,5
109.818,0.03644007,0.06641376,-0.2009035,77.93694,352.718,249.6137,True,18,4,5
109.8218,0.03658969,0.06655413,-0.2008824,77.91332,352.8016,249.6684,True,18,4,5
109.8257,0.03699416,0.06668736,-0.2007604,77.86185,353.3489,250.1359,True,18,4,5
109.8282,0.03709192,0.06677502,-0.2007477,77.84614,353.413,250.1803,True,18,4,5
109.8311,0.03720728,0.06687838,-0.2007328,77.82755,353.4883,250.2326,True,18,4,5
109.8356,0.03779027,0.06708993,-0.2004774,77.73286,353.9768,250.6479,True,18,4,5
109.8394,0.03795743,0.06721292,-0.2004527,77.70859,354.0764,250.7192,True,18,4,5
109.843,0.03837402,0.06739448,-0.2000612,77.59304,354.4823,250.9989,True,18,4,5
109.8459,0.03853507,0.06750354,-0.2000228,77.56862,354.5782,251.0666,True,18,4,5
109.8502,0.0386137,0.06767659,-0.2000136,77.54305,354.4298,250.9529,True,18,4,5
109.853,0.03876304,0.06778036,-0.1999804,77.52109,354.5092,251.0086,True,18,4,5
109.8563,0.03884699,0.06786296,-0.2006956,77.71794,354.3714,250.9025,True,18,4,5
109.8597,0.03900128,0.06798416,-0.2006861,77.70174,354.4493,250.9573,True,18,4,5
109.8625,0.03914784,0.06809919,-0.2006772,77.68637,354.5231,251.0092,True,18,4,5
109.8669,0.03970603,0.06818911,-0.2012869,77.85001,354.9539,251.5547,True,18,4,5
109.8715,0.03994184,0.0683589,-0.2013052,77.83509,355.0766,251.6515,True,18,4,5
109.8746,0.0400251,0.06843382,-0.2006481,77.65589,355.1812,251.5663,True,18,4,5
109.8775,0.04019371,0.06854087,-0.2006256,77.63909,355.2726,251.6326,True,18,4,5
109.8811,0.04037036,0.06865294,-0.2006022,77.62143,355.3682,251.7018,True,18,4,5
109.8846,0.04080591,0.06871152,-0.2008272,77.69028,355.9306,252.3152,True,18,4,5
109.8876,0.04097216,0.06881708,-0.2008124,77.67605,356.0358,252.3978,True,18,4,5
109.891,0.04129931,0.0688908,-0.2010845,77.73238,356.3036,252.6836,True,18,4,5
109.8948,0.04148465,0.06900324,-0.2010863,77.71944,356.4213,252.7785,True,18,4,5
109.8979,0.04166218,0.0691109,-0.2010881,77.70698,356.5337,252.8692,True,18,4,5
109.903,0.04181622,0.06928426,-0.2012452,77.72049,356.3417,252.7322,True,18,4,5
109.9064,0.04198927,0.06938602,-0.2012544,77.7101,356.4365,252.8087,True,18,4,5
109.9092,0.04199069,0.06940429,-0.2014324,77.76694,356.2592,252.6325,True,18,4,5
109.9124,0.04217526,0.06950879,-0.2014425,77.75813,356.3543,252.7079,True,18,4,5
109.9168,0.04234223,0.06954946,-0.2014705,77.77837,356.4756,252.7949,True,18,4,5
109.9197,0.04249722,0.06963304,-0.2014714,77.77138,356.5597,252.8614,True,18,4,5
109.923,0.04261433,0.06969008,-0.2013322,77.73735,356.638,252.8831,True,18,4,5
109.9262,0.04276159,0.06976531,-0.2013223,77.72959,356.7209,252.9473,True,18,4,5
109.929,0.0429005,0.06983623,-0.201313,77.72226,356.7989,253.0077,True,18,4,5
109.9325,0.04308604,0.06988487,-0.2011899,77.69656,356.9727,253.1319,True,18,4,5
109.936,0.04326662,0.06997105,-0.201166,77.6861,357.0789,253.2137,True,18,4,5
109.939,0.04339762,0.07003354,-0.2011488,77.67847,357.1559,253.2729,True,18,4,5
109.9437,0.0434483,0.07023199,-0.201074,77.65807,356.7713,252.9305,True,18,4,5
109.9526,0.0436785,0.07045242,-0.2011405,77.67302,356.5564,252.7419,True,18,4,5
109.9555,0.04383036,0.07052884,-0.2011191,77.66567,356.617,252.7874,True,18,4,5
109.96,0.04392023,0.07063258,-0.2010459,77.64024,356.5606,252.7072,True,18,4,5
109.9638,0.04411545,0.07073243,-0.2010157,77.62981,356.636,252.7622,True,18,4,5
109.9669,0.04417671,0.07079861,-0.2012115,77.68462,356.5562,252.6332,True,18,4,5
109.9701,0.04431604,0.07087418,-0.2011967,77.67885,356.6078,252.6689,True,18,4,5
109.9734,0.04430968,0.0709592,-0.2011512,77.64365,356.3391,252.3794,True,18,4,5
109.9767,0.0444694,0.07104088,-0.2011401,77.63629,356.3865,252.4089,True,18,4,5
109.9796,0.04463462,0.07112534,-0.2011288,77.62869,356.4355,252.4394,True,18,4,5
109.9846,0.04453539,0.07126696,-0.2011374,77.59187,356.0694,252.076,True,18,4,5
109.988,0.04468673,0.07135165,-0.2011371,77.58367,356.1043,252.0937,True,18,4,5
109.9918,0.04451782,0.0714798,-0.2011034,77.55231,355.6957,251.6797,True,18,4,5
109.9952,0.04464294,0.07155871,-0.2011038,77.54434,355.7149,251.6836,True,18,4,5
109.9982,0.04448006,0.07164983,-0.2010174,77.49923,355.5149,251.4431,True,18,4,5
110.0012,0.04458987,0.07173347,-0.2010178,77.48939,355.5284,251.4395,True,18,4,5
110.0056,0.04472349,0.0718352,-0.2010183,77.47745,355.5449,251.4351,True,18,4,5
110.0096,0.04477246,0.07195382,-0.200801,77.39442,355.6315,251.4601,True,18,4,5
110.0124,0.04485933,0.07202782,-0.2007968,77.38332,355.6458,251.4575,True,18,4,5
110.0159,0.04493182,0.07211329,-0.2010651,77.4407,355.6158,251.39,True,18,4,5
110.0192,0.04502844,0.0722039,-0.2010764,77.43085,355.6304,251.3846,True,18,4,5
110.0232,0.04503737,0.07227109,-0.2011989,77.46693,355.612,251.3335,True,18,4,5
110.0265,0.04510543,0.0723456,-0.2012062,77.45994,355.6234,251.3277,True,18,4,5
110.0297,0.04518009,0.07242733,-0.2012143,77.45232,355.6359,251.3214,True,18,4,5
110.0328,0.04532568,0.07248589,-0.201429,77.54266,355.7983,251.5146,True,18,4,5
110.0361,0.04539215,0.07256772,-0.201432,77.53845,355.815,251.515,True,18,4,5
110.0389,0.04545585,0.07264611,-0.201435,77.53443,355.831,251.5152,True,18,4,5
110.0425,0.04536599,0.07266085,-0.2013503,77.54732,355.8273,251.5344,True,18,4,5
110.0454,0.04541435,0.07273915,-0.201334,77.54323,355.8436,251.5347,True,18,4,5
110.0491,0.04537648,0.07281522,-0.2012783,77.53616,355.7808,251.4517,True,18,4,5
110.0559,0.04547934,0.07294811,-0.2011261,77.4938,355.7911,251.4484,True,18,4,5
110.0594,0.04552333,0.07301238,-0.2011032,77.48907,355.8033,251.4464,True,18,4,5
110.0621,0.04556198,0.07306878,-0.2010832,77.48488,355.814,251.4447,True,18,4,5
110.0658,0.04563716,0.07311898,-0.2009923,77.46365,355.8927,251.4948,True,18,4,5
110.0689,0.04568605,0.07318699,-0.2009624,77.45773,355.9089,251.4944,True,18,4,5
110.0726,0.04573084,0.07324931,-0.2009351,77.45217,355.9238,251.494,True,18,4,5
110.0759,0.04604933,0.07326904,-0.2012185,77.52074,356.1727,251.7536,True,18,4,5
110.0788,0.04611207,0.07333086,-0.2012102,77.51751,356.1945,251.7611,True,18,4,5
110.0829,0.04634378,0.07335198,-0.2013336,77.54046,356.4055,251.9607,True,18,4,5
110.0863,0.04641571,0.07340971,-0.2013363,77.53806,356.4339,251.9747,True,18,4,5
110.0891,0.04648454,0.07346493,-0.201339,77.53579,356.4611,251.9881,True,18,4,5
110.0926,0.04664179,0.07349524,-0.2015775,77.59358,356.5873,252.0895,True,18,4,5
110.0957,0.04671309,0.07355107,-0.2015924,77.59313,356.6171,252.1055,True,18,4,5
110.1072,0.04689893,0.07365459,-0.2016332,77.60665,356.851,252.3145,True,18,4,5
110.1104,0.04694511,0.07369526,-0.2016389,77.60561,356.8792,252.3312,True,18,4,5
110.113,0.0469949,0.07373916,-0.2016451,77.60455,356.9095,252.3492,True,18,4,5
110.1171,0.04699098,0.07380866,-0.2015623,77.58373,357.0032,252.4492,True,18,4,5
110.1204,0.04702682,0.07385533,-0.2015656,77.5827,357.0322,252.4664,True,18,4,5
110.1233,0.04696021,0.07390229,-0.2015748,77.58566,357.024,252.4602,True,18,4,5
110.1267,0.0469798,0.07394437,-0.201577,77.58478,357.0476,252.4742,True,18,4,5
110.13,0.04700316,0.07399461,-0.2015796,77.58378,357.0757,252.4908,True,18,4,5
110.1337,0.04683947,0.07412513,-0.2014445,77.52487,356.8266,252.2391,True,18,4,5
110.1383,0.04686286,0.07419412,-0.2014475,77.52127,356.8489,252.2479,True,18,4,5
110.1412,0.04674339,0.0742515,-0.201327,77.4753,356.7555,252.1174,True,18,4,5
110.1443,0.04675104,0.07430239,-0.2013269,77.47105,356.7691,252.1197,True,18,4,5
110.1474,0.04675758,0.07434586,-0.2013268,77.46749,356.7807,252.1216,True,18,4,5
110.1503,0.04683207,0.07439047,-0.2014743,77.5191,356.7894,252.1203,True,18,4,5
110.1533,0.04684747,0.0744421,-0.2014748,77.51669,356.8018,252.1223,True,18,4,5
110.1561,0.04693002,0.07445662,-0.2014896,77.53184,356.851,252.1552,True,18,4,5
110.1602,0.04695539,0.07451598,-0.2014833,77.52908,356.8649,252.1576,True,18,4,5
110.1629,0.04697281,0.07455672,-0.201479,77.52721,356.8745,252.1591,True,18,4,5
110.1661,0.04694664,0.07460405,-0.2014336,77.51584,356.6582,251.9216,True,18,4,5
110.1696,0.04698007,0.07465269,-0.2014246,77.51318,356.6625,251.9156,True,18,4,5
110.1732,0.04701621,0.07470521,-0.2014148,77.51039,356.6671,251.9091,True,18,4,5
110.1765,0.04708643,0.07471363,-0.2014883,77.53729,356.6759,251.9226,True,18,4,5
110.1791,0.0471192,0.07475409,-0.2014794,77.53519,356.6794,251.9178,True,18,4,5
110.1827,0.04716349,0.07475334,-0.201549,77.56509,356.7155,251.9624,True,18,4,5
110.1858,0.0471954,0.07479335,-0.2015367,77.56303,356.7189,251.9577,True,18,4,5
110.1887,0.04722786,0.074834,-0.2015242,77.56097,356.7223,251.9529,True,18,4,5
110.1924,0.04727858,0.07487416,-0.2015408,77.56779,356.8248,252.0405,True,18,4,5
110.1955,0.04730619,0.0749152,-0.2015298,77.56599,356.8322,252.0393,True,18,4,5
110.1996,0.04731422,0.07495888,-0.2018127,77.64069,356.8742,252.1018,True,18,4,5
110.2029,0.04733239,0.07500172,-0.201817,77.64149,356.8823,252.1028,True,18,4,5
110.2058,0.04735075,0.075045,-0.2018214,77.64225,356.8904,252.1037,True,18,4,5
110.2096,0.04745645,0.07512414,-0.2018581,77.63095,357.1553,252.3528,True,18,4,5
110.2124,0.04746788,0.07517098,-0.2018718,77.63134,357.1714,252.3613,True,18,4,5
110.216,0.04760149,0.07522686,-0.2018596,77.60379,357.4872,252.6764,True,18,4,5
110.2199,0.04760786,0.07528304,-0.201886,77.6032,357.5183,252.6984,True,18,4,5
110.223,0.04764304,0.07533297,-0.2018306,77.56402,357.8618,253.015,True,18,4,5
110.2268,0.0476247,0.07537884,-0.2018583,77.56209,357.9003,253.0449,True,18,4,5
110.2298,0.04760843,0.07541952,-0.2018829,77.56039,357.9344,253.0714,True,18,4,5
110.2336,0.0475017,0.07554974,-0.201946,77.53329,357.8035,252.9366,True,18,4,5
110.2367,0.04748996,0.07559466,-0.2019827,77.53187,357.8322,252.9588,True,18,4,5
110.2404,0.04753165,0.07568386,-0.20197,77.5074,357.9034,253.0385,True,18,4,5
110.2435,0.04752532,0.07573462,-0.2020085,77.50502,357.9357,253.0644,True,18,4,5
110.2463,0.04751904,0.07578497,-0.2020467,77.50263,357.9676,253.09,True,18,4,5
110.25,0.04765639,0.07586776,-0.2019711,77.47041,358.1234,253.2509,True,18,4,5
110.2537,0.04766106,0.07593232,-0.2020129,77.46663,358.1661,253.2861,True,18,4,5
110.2618,0.04804317,0.07607998,-0.2020581,77.47543,358.6531,253.7686,True,18,4,5
110.2658,0.0483139,0.07613258,-0.2019718,77.48472,359.1164,254.173,True,18,4,5
110.27,0.04834998,0.07621205,-0.2019771,77.48132,359.2034,254.2493,True,18,4,5
110.2739,0.04848574,0.07625942,-0.2022278,77.58052,359.3723,254.3771,True,18,4,5
110.2771,0.04851978,0.0763239,-0.2022301,77.58154,359.4398,254.4356,True,18,4,5
110.2803,0.04855118,0.07638338,-0.2022322,77.5825,359.502,254.4896,True,18,4,5
110.2834,0.04870164,0.07642245,-0.2023033,77.62943,359.6582,254.5871,True,18,4,5
110.2861,0.04873784,0.07647695,-0.2022993,77.63141,359.7166,254.6368,True,18,4,5
110.2893,0.04878491,0.07654777,-0.2022941,77.63402,359.7926,254.7014,True,18,4,5
110.2929,0.04894573,0.07660206,-0.2022833,77.64114,359.9398,254.7947,True,18,4,5
110.2967,0.04900404,0.07667102,-0.2022756,77.64384,0.01812975,254.8602,True,18,4,5
110.3005,0.04892335,0.07676828,-0.2024731,77.6852,359.7183,254.5458,True,18,4,5
110.3101,0.04909606,0.07699311,-0.2025346,77.67181,359.7467,254.5282,True,18,4,5
110.3126,0.04915673,0.0770528,-0.202554,77.67459,359.7921,254.5648,True,18,4,5
110.3158,0.04933121,0.07716361,-0.2026636,77.65521,359.7269,254.476,True,18,4,5
110.3188,0.04942382,0.07723533,-0.2027082,77.658,359.7729,254.513,True,18,4,5
110.3221,0.04953036,0.07731783,-0.2027596,77.66129,359.8259,254.5557,True,18,4,5
110.3257,0.0496798,0.07738662,-0.2026943,77.59451,359.8723,254.5702,True,18,4,5
110.3289,0.04978205,0.07745375,-0.2027492,77.59527,359.9188,254.607,True,18,4,5
110.3325,0.04982887,0.0775342,-0.2028711,77.57542,359.8437,254.5276,True,18,4,5
110.3357,0.04994803,0.07761048,-0.202957,77.57624,359.8927,254.5662,True,18,4,5
110.3392,0.05005049,0.07767607,-0.2030308,77.57697,359.9348,254.5994,True,18,4,5
110.343,0.05019881,0.07772227,-0.203025,77.55001,359.9877,254.6659,True,18,4,5
110.3457,0.05029413,0.07777664,-0.2030929,77.55058,0.02279601,254.6936,True,18,4,5
110.3495,0.05028057,0.07784572,-0.2029609,77.50471,359.965,254.6514,True,18,4,5
110.3526,0.05036807,0.07789826,-0.203017,77.50394,-0.002178097,254.6773,True,18,4,5
110.3551,0.05045487,0.07795033,-0.2030726,77.50302,0.03036512,254.703,True,18,4,5
110.359,0.05020984,0.07809249,-0.2029552,77.45832,359.4109,254.1453,True,18,4,5
110.3618,0.0502969,0.07815064,-0.2029998,77.45628,359.4232,254.153,True,18,4,5
110.3653,0.05001751,0.07824235,-0.2028324,77.41497,358.9847,253.741,True,18,4,5
110.3682,0.05009279,0.07830597,-0.2028616,77.4114,358.9825,253.7349,True,18,4,5
110.3718,0.0501726,0.07837339,-0.2028925,77.40762,358.9801,253.7284,True,18,4,5
110.3754,0.0500942,0.07840146,-0.2027827,77.39906,358.868,253.6208,True,18,4,5
110.3787,0.05016349,0.07846327,-0.2027957,77.39548,358.8659,253.6149,True,18,4,5
110.382,0.05018016,0.07846752,-0.2027043,77.38738,358.868,253.5952,True,18,4,5
110.3851,0.05023537,0.07851464,-0.2027038,77.38454,358.8663,253.5903,True,18,4,5
110.3886,0.05030153,0.07857105,-0.2027032,77.38107,358.8642,253.5845,True,18,4,5
110.3922,0.05033939,0.0785775,-0.2025873,77.36713,358.8643,253.5423,True,18,4,5
110.3949,0.05038718,0.07861379,-0.2025775,77.36476,358.8629,253.5383,True,18,4,5
110.3981,0.05043782,0.07865222,-0.2025672,77.36229,358.8614,253.534,True,18,4,5
110.4008,0.05046918,0.07863401,-0.2024782,77.35245,358.8591,253.477,True,18,4,5
110.4042,0.05051964,0.0786659,-0.2024591,77.3496,358.8575,253.4708,True,18,4,5
110.4085,0.05058444,0.07865171,-0.2024444,77.36232,358.8673,253.4485,True,18,4,5
110.4126,0.05065347,0.07868746,-0.20241,77.35866,358.8653,253.4406,True,18,4,5
110.4168,0.05069922,0.07865301,-0.2024522,77.38586,358.8762,253.4278,True,18,4,5
110.42,0.05074675,0.07867205,-0.2024267,77.38425,358.8751,253.4217,True,18,4,5
110.4229,0.05079304,0.07869059,-0.2024018,77.38275,358.8741,253.4158,True,18,4,5
110.4266,0.05098937,0.07863322,-0.2025245,77.44365,359.1201,253.6634,True,18,4,5
110.4297,0.05103459,0.07864597,-0.2024987,77.4438,359.1253,253.6641,True,18,4,5
110.4328,0.05112889,0.07857354,-0.2026232,77.50388,359.2819,253.8063,True,18,4,5
110.4363,0.05116751,0.07857889,-0.2025971,77.50567,359.2913,253.8109,True,18,4,5
110.4394,0.05120814,0.07858454,-0.2025696,77.50747,359.3011,253.8158,True,18,4,5
110.4435,0.05121532,0.07848261,-0.2027384,77.58058,359.3582,253.8919,True,18,4,5
110.4461,0.05124322,0.07847904,-0.202717,77.58427,359.3683,253.8984,True,18,4,5
110.4497,0.05124372,0.07841009,-0.2028689,77.64407,359.3731,253.9469,True,18,4,5
110.4533,0.05127244,0.07840031,-0.2028491,77.65049,359.3852,253.9561,True,18,4,5
110.4564,0.05116247,0.0783429,-0.2030663,77.71609,359.0466,253.7068,True,18,4,5
110.46,0.05119836,0.07833154,-0.2030609,77.72398,359.0462,253.7068,True,18,4,5
110.4671,0.05114884,0.07823107,-0.2032713,77.80463,359.0803,253.7812,True,18,4,5
110.471,0.05116412,0.07821223,-0.2032761,77.81563,359.0813,253.7841,True,18,4,5
110.4744,0.05111669,0.07816552,-0.2034552,77.87278,359.1466,253.877,True,18,4,5
110.4771,0.05111564,0.07815133,-0.2034654,77.88205,359.149,253.8815,True,18,4,5
110.4797,0.05111453,0.07813634,-0.2034761,77.89178,359.1516,253.8863,True,18,4,5
110.4826,0.05109485,0.07814442,-0.2036992,77.95406,359.2356,253.9735,True,18,4,5
110.486,0.05108261,0.07813403,-0.2037261,77.96832,359.2419,253.9826,True,18,4,5
110.4901,0.05113924,0.07816063,-0.2039848,78.03381,359.4562,254.2022,True,18,4,5
110.4949,0.05111545,0.0781616,-0.2040405,78.05373,359.474,254.2236,True,18,4,5
110.4983,0.05107471,0.07821012,-0.2044804,78.15127,359.4771,254.2484,True,18,4,5
110.5016,0.05105223,0.07822722,-0.2045573,78.17022,359.4912,254.266,True,18,4,5
110.5053,0.05103088,0.07824346,-0.2046304,78.18813,359.5046,254.2828,True,18,4,5
110.5089,0.05078012,0.07832548,-0.2047923,78.1693,359.2599,254.0413,True,18,4,5
110.5116,0.05075344,0.07834616,-0.2048804,78.18388,359.2705,254.0546,True,18,4,5
110.5144,0.05073132,0.07836327,-0.2049533,78.19593,359.2793,254.0657,True,18,4,5
110.5169,0.05060747,0.0784618,-0.2049485,78.11226,359.1917,253.9832,True,18,4,5
110.5207,0.05056686,0.07849213,-0.2050857,78.12698,359.2014,253.9964,True,18,4,5
110.5238,0.05075255,0.07857792,-0.2054228,78.12708,359.4072,254.2281,True,18,4,5
110.5279,0.05073392,0.07861544,-0.2055959,78.1407,359.4241,254.2493,True,18,4,5
110.5308,0.05071867,0.07864618,-0.2057378,78.15185,359.4381,254.2666,True,18,4,5
110.5337,0.05068837,0.07887062,-0.2057587,78.02952,359.1799,254.0178,True,18,4,5
110.5368,0.05069056,0.07891332,-0.2059138,78.03613,359.1851,254.0262,True,18,4,5
110.5394,0.05069267,0.07895438,-0.2060631,78.04252,359.1901,254.0343,True,18,4,5
110.5427,0.05058431,0.07907365,-0.2064204,78.06036,358.9642,253.8658,True,18,4,5
110.5457,0.05058867,0.07913381,-0.2066219,78.06837,358.963,253.8701,True,18,4,5
110.5485,0.05061956,0.07923403,-0.2065999,77.9811,359.0695,253.9032,True,18,4,5
110.552,0.05061975,0.07930142,-0.2068348,77.98658,359.0722,253.9091,True,18,4,5
110.5553,0.05061996,0.07936709,-0.2070637,77.99197,359.0749,253.9149,True,18,4,5
110.5593,0.05028907,0.07950449,-0.2069579,77.88781,358.6865,253.5868,True,18,4,5
110.5622,0.05027537,0.07955721,-0.2071285,77.88895,358.6779,253.5822,True,18,4,5
110.5686,0.05008958,0.07977834,-0.2073127,77.83049,358.3416,253.2942,True,18,4,5
110.5726,0.0500751,0.07985845,-0.20753,77.83002,358.3199,253.2791,True,18,4,5
110.576,0.05020821,0.07999678,-0.2073085,77.73763,358.491,253.4061,True,18,4,5
110.5787,0.050203,0.08006407,-0.2074611,77.73454,358.4792,253.3982,True,18,4,5
110.5824,0.05010187,0.08011056,-0.2077008,77.78082,358.3604,253.3157,True,18,4,5
110.5857,0.05008968,0.0801854,-0.2078612,77.77908,358.3438,253.3043,True,18,4,5
110.5888,0.05007681,0.08026464,-0.208031,77.77724,358.3262,253.2924,True,18,4,5
110.5931,0.04966924,0.08024472,-0.2082111,77.80819,357.9592,252.9351,True,18,4,5
110.5964,0.04962731,0.0803062,-0.2083566,77.80759,357.931,252.9122,True,18,4,5
110.5999,0.04952269,0.08040297,-0.2086489,77.84352,357.7599,252.7542,True,18,4,5
110.6032,0.04948558,0.08046682,-0.2087892,77.8441,357.729,252.7285,True,18,4,5
110.6062,0.04944882,0.08053014,-0.2089281,77.84466,357.6983,252.703,True,18,4,5
110.6099,0.04940339,0.08060433,-0.2089922,77.82222,357.6405,252.663,True,18,4,5
110.6129,0.04936466,0.08067188,-0.2091379,77.82196,357.606,252.6346,True,18,4,5
110.6167,0.04921638,0.08072096,-0.2091281,77.78542,357.4755,252.5587,True,18,4,5
110.62,0.04916959,0.08078285,-0.2092644,77.78396,357.438,252.5289,True,18,4,5
110.6235,0.04899383,0.08081864,-0.2092364,77.73222,357.3798,252.4911,True,18,4,5
110.6266,0.04893955,0.08086257,-0.2093449,77.72965,357.3481,252.4662,True,18,4,5
110.6295,0.04888313,0.08090828,-0.2094577,77.72698,357.3151,252.4402,True,18,4,5
110.6324,0.04911932,0.08089158,-0.2095867,77.72788,357.9303,253.0428,True,18,4,5
110.6354,0.04904528,0.08093354,-0.2097175,77.72505,357.9153,253.0349,True,18,4,5
110.6385,0.04898232,0.08096923,-0.2098289,77.72265,357.9024,253.0282,True,18,4,5
110.6416,0.04900563,0.08100815,-0.2100919,77.7608,358.0831,253.2063,True,18,4,5
110.6448,0.04892616,0.08105497,-0.2102333,77.7592,358.0739,253.2041,True,18,4,5
110.6479,0.0488611,0.08109334,-0.2103492,77.7579,358.0663,253.2023,True,18,4,5
110.6511,0.04857701,0.08117108,-0.2105146,77.77257,357.7645,252.9391,True,18,4,5
110.6539,0.04850725,0.08121379,-0.2106265,77.77173,357.7493,252.9305,True,18,4,5
110.6571,0.04857871,0.08124565,-0.210982,77.83575,357.9256,253.1412,True,18,4,5
110.6612,0.04849259,0.08130577,-0.2111431,77.8372,357.9126,253.1381,True,18,4,5
110.6643,0.04842411,0.08135363,-0.2112713,77.83829,357.9023,253.1356,True,18,4,5
110.6673,0.04816203,0.0813445,-0.2112908,77.81799,357.7651,253.0035,True,18,4,5
110.6709,0.04807562,0.08138518,-0.2114204,77.81906,357.755,253.0011,True,18,4,5
110.674,0.04804384,0.08139263,-0.2112791,77.74859,357.9868,253.2539,True,18,4,5
110.6769,0.04795834,0.08141845,-0.2113817,77.74757,357.9848,253.2589,True,18,4,5
110.6799,0.04785788,0.08144881,-0.2115023,77.74638,357.9825,253.2649,True,18,4,5
110.6833,0.04793483,0.08146015,-0.2112112,77.66201,358.2865,253.546,True,18,4,5
110.6862,0.04784213,0.0814797,-0.2112973,77.65827,358.2939,253.5602,True,18,4,5
110.6894,0.04773714,0.0815019,-0.2113948,77.65394,358.3025,253.5764,True,18,4,5
110.6932,0.04773711,0.08149089,-0.2113929,77.64742,358.441,253.6968,True,18,4,5
110.696,0.04765265,0.08150454,-0.2114627,77.64429,358.4472,253.7086,True,18,4,5
110.6994,0.04748855,0.08149286,-0.2114398,77.63116,358.4177,253.6475,True,18,4,5
110.703,0.04738306,0.08150326,-0.2115109,77.62779,358.4244,253.6603,True,18,4,5
110.706,0.04729056,0.08151238,-0.2115733,77.62482,358.4302,253.6714,True,18,4,5
110.7098,0.04764069,0.0815278,-0.2118683,77.68762,358.94,254.1739,True,18,4,5
110.7129,0.04756241,0.0815441,-0.2119485,77.68653,358.9641,254.2037,True,18,4,5
110.7162,0.04786764,0.08149371,-0.2121913,77.74998,359.5704,254.8208,True,18,4,5
110.7253,0.04805355,0.08151676,-0.2122172,77.6945,0.2095612,255.43,True,18,4,5
110.7289,0.04799892,0.08152209,-0.2122901,77.69348,0.2699271,255.4945,True,18,4,5
110.7319,0.04829605,0.08152385,-0.2122805,77.68523,0.7941351,255.9557,True,18,4,5
110.7352,0.04825059,0.08152857,-0.212351,77.68366,0.8793503,256.043,True,18,4,5
110.7382,0.0482179,0.08153199,-0.2124017,77.68262,0.9406178,256.1057,True,18,4,5
110.7415,0.04839101,0.08151956,-0.212393,77.67593,1.222642,256.3787,True,18,4,5
110.7444,0.04836638,0.08152081,-0.2124451,77.67435,1.302769,256.4602,True,18,4,5
110.7475,0.04834554,0.0815219,-0.2124892,77.673,1.37059,256.5292,True,18,4,5
110.7502,0.04824661,0.08146006,-0.2123743,77.65064,1.272411,256.3718,True,18,4,5
110.7529,0.04822594,0.08145152,-0.2124075,77.64886,1.337227,256.4366,True,18,4,5
110.7557,0.04820082,0.08144119,-0.2124478,77.64667,1.416,256.5153,True,18,4,5
110.7597,0.04816152,0.08136328,-0.2124764,77.66928,1.265466,256.339,True,18,4,5
110.7628,0.04815382,0.08134726,-0.2125015,77.66749,1.329439,256.4029,True,18,4,5
110.7659,0.04810911,0.08128546,-0.2124724,77.67731,1.084782,256.1304,True,18,4,5
110.7686,0.04812385,0.08126333,-0.2124856,77.67576,1.144073,256.1896,True,18,4,5
110.7717,0.04813688,0.08124374,-0.2124974,77.67437,1.196525,256.2421,True,18,4,5
110.7755,0.04828077,0.08118193,-0.2125926,77.72657,1.154145,256.1852,True,18,4,5
110.7785,0.04832405,0.08115804,-0.2125976,77.72647,1.212487,256.2431,True,18,4,5
110.7821,0.04836388,0.08106804,-0.2127253,77.79377,1.094294,256.0945,True,18,4,5
110.7846,0.04841007,0.08104587,-0.2127224,77.79516,1.135499,256.1346,True,18,4,5
110.7875,0.04846187,0.08102097,-0.2127191,77.79678,1.181739,256.1798,True,18,4,5
110.791,0.04867541,0.08090813,-0.212728,77.84252,1.17848,256.1696,True,18,4,5
110.7946,0.04876031,0.08087215,-0.212709,77.84554,1.227775,256.2175,True,18,4,5
110.7977,0.04884048,0.08083819,-0.2126912,77.84829,1.274342,256.2628,True,18,4,5
110.8007,0.04911296,0.08065167,-0.2127693,77.92305,1.509068,256.4741,True,18,4,5
110.8049,0.0492291,0.08059044,-0.212733,77.92935,1.575388,256.5378,True,18,4,5
110.8092,0.04923506,0.08043125,-0.2130899,78.08159,1.303839,256.2812,True,18,4,5
110.8122,0.04934673,0.08037579,-0.2130642,78.09218,1.350488,256.3262,True,18,4,5
110.8158,0.04921719,0.08024673,-0.2134803,78.24464,1.014601,256.0069,True,18,4,5
110.819,0.04931813,0.08019489,-0.2134685,78.25918,1.046386,256.0378,True,18,4,5
110.8219,0.04942234,0.08014147,-0.2134563,78.27415,1.079275,256.0698,True,18,4,5
110.8253,0.04898762,0.08000946,-0.2136665,78.36964,0.4565768,255.4471,True,18,4,5
110.829,0.04907226,0.079944,-0.2136562,78.38918,0.4684406,255.458,True,18,4,5
110.8321,0.0489119,0.07988048,-0.2136526,78.36975,0.1985248,255.1552,True,18,4,5
110.835,0.0489774,0.07981479,-0.2136588,78.38677,0.1998456,255.1546,True,18,4,5
110.8387,0.04904325,0.07974882,-0.213665,78.40379,0.2011546,255.154,True,18,4,5
110.8436,0.04888535,0.07967003,-0.2136077,78.36057,359.8267,254.7311,True,18,4,5
110.8468,0.04894521,0.0795989,-0.2136291,78.37582,359.8152,254.7161,True,18,4,5
110.8501,0.04927924,0.07955313,-0.2133034,78.24069,0.145853,254.9375,True,18,4,5
134.5732,-0.09915709,0.05105072,-0.2118137,76.74706,339.0947,247.1091,True,21,5,0
134.5761,-0.0991409,0.05106476,-0.2117677,76.73916,339.1246,247.1515,True,21,5,0
134.5791,-0.09912413,0.05107929,-0.2117199,76.73094,339.1556,247.1954,True,21,5,0
134.5825,-0.09930953,0.05103663,-0.2118305,76.74342,338.772,246.7972,True,21,5,0
134.5858,-0.09928913,0.05104467,-0.2117835,76.73565,338.7923,246.83,True,21,5,0
134.5889,-0.09926822,0.05105293,-0.2117352,76.72767,338.813,246.8635,True,21,5,0
134.5923,-0.09942541,0.05097553,-0.2118579,76.77161,338.5319,246.5686,True,21,5,0
134.5951,-0.09941566,0.05097547,-0.2118169,76.76662,338.5405,246.5868,True,21,5,0
134.5977,-0.09940606,0.05097541,-0.2117765,76.7617,338.5489,246.6047,True,21,5,0
134.6017,-0.09961561,0.05091101,-0.2117866,76.78953,338.2525,246.2881,True,21,5,0
134.6053,-0.09961614,0.05090484,-0.2117265,76.78461,338.2532,246.2993,True,21,5,0
134.6082,-0.09977052,0.05080798,-0.2117183,76.8427,338.2142,246.2392,True,21,5,0
134.6108,-0.09979601,0.05079563,-0.211652,76.84015,338.2138,246.2469,True,21,5,0
134.6137,-0.09982027,0.05078387,-0.211589,76.83781,338.2134,246.2541,True,21,5,0
134.6176,-0.09964262,0.05073592,-0.2116776,76.9505,338.445,246.5165,True,21,5,0
134.6205,-0.09966984,0.05072817,-0.2116079,76.95137,338.4514,246.5313,True,21,5,0
134.6234,-0.09954458,0.05069004,-0.211726,77.02649,338.5603,246.6798,True,21,5,0
134.6266,-0.09956791,0.05068426,-0.2116614,77.02948,338.5696,246.6985,True,21,5,0
134.6295,-0.09959269,0.05067815,-0.2115929,77.03261,338.5794,246.7183,True,21,5,0
134.6329,-0.09954167,0.05062678,-0.2117184,77.08904,338.5681,246.7511,True,21,5,0
134.6363,-0.09955856,0.05061968,-0.211666,77.09318,338.5765,246.7693,True,21,5,0
134.6395,-0.09957808,0.05061148,-0.2116055,77.09799,338.5862,246.7904,True,21,5,0
134.6422,-0.09966692,0.05049808,-0.2119239,77.18719,338.3077,246.5896,True,21,5,0
134.6451,-0.09968702,0.05048096,-0.2118773,77.19505,338.3082,246.6041,True,21,5,0
134.6485,-0.09969872,0.05043328,-0.2120811,77.23666,338.1828,246.5132,True,21,5,0
134.6521,-0.0997128,0.05041286,-0.2120561,77.24644,338.1783,246.5247,True,21,5,0
134.6558,-0.09972855,0.05039006,-0.2120281,77.25729,338.1734,246.5376,True,21,5,0
134.659,-0.09971467,0.05037948,-0.2118662,77.18275,338.2674,246.6158,True,21,5,0
134.6622,-0.0997204,0.0503546,-0.211853,77.189,338.2667,246.6288,True,21,5,0
134.6654,-0.09967963,0.05036722,-0.2117943,77.142,338.3542,246.6734,True,21,5,0
134.6683,-0.0996777,0.05034421,-0.2117967,77.14616,338.3564,246.6869,True,21,5,0
134.6716,-0.09967585,0.05032229,-0.2117989,77.15022,338.3585,246.6998,True,21,5,0
134.6743,-0.09975141,0.05033411,-0.2117451,77.08989,338.3386,246.6176,True,21,5,0
134.6777,-0.09974995,0.05030502,-0.2117647,77.09258,338.3404,246.6304,True,21,5,0
134.6819,-0.09949856,0.05025031,-0.2117008,77.09679,338.7305,246.9695,True,21,5,0
134.6851,-0.09949221,0.0502235,-0.2117159,77.09897,338.7437,246.9895,True,21,5,0
134.6885,-0.09948442,0.05019066,-0.2117344,77.10166,338.7598,247.0141,True,21,5,0
134.6922,-0.09931163,0.05018169,-0.2116476,77.10408,339.0451,247.2765,True,21,5,0
134.6955,-0.09930219,0.05015512,-0.2116572,77.10647,339.068,247.306,True,21,5,0
134.7021,-0.09920798,0.0501267,-0.211601,77.12174,339.244,247.4824,True,21,5,0
134.7052,-0.09920052,0.05010805,-0.2116004,77.12394,339.2667,247.5103,True,21,5,0
134.7086,-0.09914295,0.05010398,-0.2115294,77.1335,339.3564,247.5898,True,21,5,0
134.7121,-0.09913556,0.05008298,-0.2115154,77.13626,339.3844,247.6241,True,21,5,0
134.7162,-0.09902316,0.0500745,-0.2113987,77.13154,339.4956,247.7252,True,21,5,0
134.7201,-0.09900784,0.05005476,-0.2113738,77.13405,339.521,247.7564,True,21,5,0
134.7234,-0.09906662,0.05001639,-0.2112805,77.12067,339.4398,247.6512,True,21,5,0
134.7269,-0.09905361,0.04999655,-0.2112538,77.12244,339.4577,247.6732,True,21,5,0
134.7296,-0.09904202,0.04997887,-0.2112299,77.12395,339.4738,247.6927,True,21,5,0
134.7325,-0.09908041,0.04995039,-0.2112006,77.11961,339.3857,247.5757,True,21,5,0
134.7354,-0.09906428,0.04992822,-0.2111714,77.12124,339.4023,247.596,True,21,5,0
134.7382,-0.09905031,0.04990904,-0.2111462,77.12262,339.4166,247.6136,True,21,5,0
134.7421,-0.09902711,0.0498679,-0.2111324,77.1351,339.3901,247.5464,True,21,5,0
134.7456,-0.0990045,0.04983947,-0.2110924,77.13687,339.4088,247.5692,True,21,5,0
134.7493,-0.09896372,0.04979829,-0.211112,77.15938,339.4013,247.5251,True,21,5,0
134.7522,-0.09894662,0.04977775,-0.2110811,77.16058,339.4135,247.5401,True,21,5,0
134.755,-0.09892649,0.04975359,-0.2110448,77.16203,339.4279,247.5577,True,21,5,0
134.7585,-0.09889907,0.04970384,-0.2110115,77.18507,339.3978,247.527,True,21,5,0
134.7619,-0.09887777,0.04967792,-0.2109633,77.18639,339.411,247.5431,True,21,5,0
134.7649,-0.09885868,0.04965468,-0.2109201,77.18756,339.4228,247.5576,True,21,5,0
134.7678,-0.09893577,0.04952785,-0.2110848,77.27389,339.0701,247.2164,True,21,5,0
134.7708,-0.09891555,0.04949993,-0.2110373,77.27725,339.0713,247.2203,True,21,5,0
134.7741,-0.09904683,0.04934299,-0.2113881,77.40557,338.6853,246.8541,True,21,5,0
134.7772,-0.09903197,0.04929915,-0.2113344,77.41431,338.6724,246.8451,True,21,5,0
134.7809,-0.09901774,0.04925716,-0.2112829,77.42271,338.66,246.8366,True,21,5,0
134.784,-0.09872892,0.04906976,-0.2112738,77.49638,339.0739,247.2243,True,21,5,0
134.787,-0.0987175,0.04901871,-0.2112247,77.50557,339.0754,247.2281,True,21,5,0
134.7898,-0.09848386,0.048917,-0.2112584,77.55995,339.3585,247.4635,True,21,5,0
134.7927,-0.09846929,0.04886648,-0.2112171,77.56969,339.3676,247.4736,True,21,5,0
134.7958,-0.09845314,0.04881059,-0.2111713,77.58039,339.3777,247.4847,True,21,5,0
134.7989,-0.09848168,0.04871936,-0.2111652,77.60303,339.3577,247.3967,True,21,5,0
134.8025,-0.09846843,0.04864308,-0.2111081,77.6171,339.3693,247.407,True,21,5,0
134.8058,-0.09845821,0.04858431,-0.2110641,77.62798,339.3783,247.415,True,21,5,0
134.8098,-0.09844331,0.04848349,-0.2109939,77.6532,339.4296,247.4435,True,21,5,0
134.8126,-0.09843685,0.0484203,-0.2109437,77.66463,339.4399,247.4523,True,21,5,0
134.8163,-0.09811787,0.0481654,-0.2111234,77.82275,339.8276,247.9027,True,21,5,0
134.8197,-0.09811207,0.04808506,-0.2110668,77.83942,339.8517,247.9272,True,21,5,0
134.8223,-0.09810661,0.04800975,-0.2110136,77.85501,339.8743,247.9503,True,21,5,0
134.8253,-0.09812342,0.04782668,-0.2112491,77.97189,339.7866,247.953,True,21,5,0
134.8278,-0.09812536,0.04775463,-0.2112053,77.98802,339.8035,247.9726,True,21,5,0
134.8308,-0.09812765,0.04766785,-0.2111525,78.00751,339.8238,247.9963,True,21,5,0
134.8347,-0.0981269,0.04748099,-0.2109452,78.02941,340.0881,248.189,True,21,5,0
134.8385,-0.09814543,0.04737425,-0.2108744,78.0508,340.1193,248.2213,True,21,5,0
134.842,-0.09750544,0.04712684,-0.2108072,78.17655,341.1793,249.2133,True,21,5,0
134.8447,-0.09751407,0.04701434,-0.2107311,78.19997,341.2454,249.2781,True,21,5,0
134.8486,-0.09737316,0.04677235,-0.210923,78.33791,341.4141,249.4525,True,21,5,0
134.8588,-0.09751565,0.04632871,-0.2109458,78.47711,341.2856,249.3343,True,21,5,0
134.8619,-0.09752045,0.04621816,-0.2108898,78.50237,341.3383,249.3865,True,21,5,0
134.8655,-0.09735699,0.04591076,-0.2112782,78.68943,341.3545,249.4227,True,21,5,0
134.8687,-0.09735092,0.04575457,-0.21122,78.72758,341.4214,249.4897,True,21,5,0
134.8723,-0.0973454,0.04561564,-0.2111681,78.76144,341.4814,249.5498,True,21,5,0
134.8758,-0.09711701,0.04540992,-0.2113418,78.85307,341.6802,249.7403,True,21,5,0
134.879,-0.0970934,0.0452583,-0.2113048,78.89095,341.7502,249.8101,True,21,5,0
134.883,-0.09737501,0.04503363,-0.2115392,78.95736,341.2611,249.349,True,21,5,0
134.886,-0.09736291,0.04489182,-0.2115233,78.99182,341.3048,249.3934,True,21,5,0
134.8893,-0.09734806,0.04471964,-0.2115038,79.03358,341.3583,249.4478,True,21,5,0
134.8932,-0.09741154,0.04446888,-0.2114688,79.06188,341.4514,249.5589,True,21,5,0
134.8959,-0.09741086,0.04433225,-0.2114561,79.09205,341.4922,249.6008,True,21,5,0
134.899,-0.09707835,0.04417029,-0.2113264,79.11222,342.2492,250.3619,True,21,5,0
134.9022,-0.09707518,0.04399578,-0.2113149,79.1498,342.3296,250.4437,True,21,5,0
134.906,-0.09707169,0.04381372,-0.2113028,79.1889,342.4141,250.5297,True,21,5,0
134.9109,-0.09672454,0.04360487,-0.2115396,79.30298,342.9363,251.0437,True,21,5,0
134.9139,-0.09670887,0.04347529,-0.2115488,79.33403,343.0135,251.1219,True,21,5,0
134.9172,-0.09652846,0.04327683,-0.2119278,79.45759,343.2028,251.348,True,21,5,0
134.9206,-0.09649965,0.04311363,-0.2119663,79.4997,343.3064,251.454,True,21,5,0
134.9239,-0.09627146,0.04308689,-0.2122568,79.53484,343.4547,251.6167,True,21,5,0
134.9268,-0.09622655,0.0429797,-0.2123204,79.56651,343.5358,251.6999,True,21,5,0
134.9294,-0.09618329,0.04287663,-0.2123814,79.59699,343.6143,251.7803,True,21,5,0
134.933,-0.09607277,0.04289921,-0.2122351,79.44583,343.6399,251.7788,True,21,5,0
134.9363,-0.09599073,0.04279001,-0.212339,79.47589,343.728,251.8684,True,21,5,0
134.9401,-0.09620064,0.04288833,-0.2122686,79.30849,343.088,251.2357,True,21,5,0
134.943,-0.09609728,0.04280381,-0.2123951,79.33111,343.1473,251.2965,True,21,5,0
134.9454,-0.09600203,0.04272602,-0.2125116,79.35187,343.2021,251.3528,True,21,5,0
134.9492,-0.09603231,0.04284766,-0.2123213,79.24532,343.1281,251.2389,True,21,5,0
134.9525,-0.09591092,0.04277486,-0.2124628,79.26726,343.1913,251.3028,True,21,5,0
134.956,-0.09576824,0.04268935,-0.2126291,79.2931,343.2659,251.3781,True,21,5,0
134.9598,-0.0959885,0.04275405,-0.2124482,79.27782,343.1634,251.3344,True,21,5,0
134.9625,-0.09592141,0.04271135,-0.2125288,79.29376,343.208,251.381,True,21,5,0
134.9658,-0.09571461,0.04271281,-0.2121063,79.28297,343.993,252.1909,True,21,5,0
134.9687,-0.09566112,0.04266696,-0.2121525,79.30127,344.0732,252.2742,True,21,5,0
134.9722,-0.09560607,0.04261981,-0.2121999,79.32016,344.1559,252.3601,True,21,5,0
134.9753,-0.09539467,0.04260676,-0.2118097,79.29439,344.9133,253.0648,True,21,5,0
134.9782,-0.09535738,0.04256162,-0.2118215,79.31142,345.0198,253.1726,True,21,5,0
134.9812,-0.09532317,0.04252027,-0.2118323,79.32707,345.1178,253.2717,True,21,5,0
134.9847,-0.09510637,0.04245888,-0.211697,79.32727,345.5243,253.6471,True,21,5,0
134.9881,-0.09506016,0.04240869,-0.2116992,79.34418,345.6458,253.7689,True,21,5,0
134.9916,-0.09473284,0.0422475,-0.2117019,79.3714,346.1079,254.1765,True,21,5,0
134.9944,-0.09468614,0.04219997,-0.2117053,79.3837,346.2049,254.2724,True,21,5,0
134.997,-0.09463538,0.04214837,-0.2117091,79.39709,346.3106,254.3768,True,21,5,0
135.0002,-0.09426896,0.04197866,-0.211841,79.45747,346.6576,254.6729,True,21,5,0
135.0041,-0.09417258,0.04189754,-0.2118534,79.47668,346.808,254.8198,True,21,5,0
135.0073,-0.09438964,0.04163651,-0.2122243,79.60339,346.0438,254.123,True,21,5,0
135.0101,-0.09431018,0.04155655,-0.2122323,79.62141,346.1339,254.2124,True,21,5,0
135.0125,-0.09422849,0.04147446,-0.2122406,79.63998,346.2267,254.3046,True,21,5,0
135.0162,-0.09449968,0.04123859,-0.2124705,79.72388,345.5304,253.6891,True,21,5,0
135.0192,-0.0944218,0.04114005,-0.212476,79.74485,345.6015,253.762,True,21,5,0
135.0219,-0.0943363,0.041032,-0.2124821,79.76797,345.6799,253.8423,True,21,5,0
135.0252,-0.09405145,0.04081194,-0.2125721,79.86488,346.1141,254.2761,True,21,5,0
135.0277,-0.09398529,0.04071899,-0.2125698,79.88446,346.1853,254.3488,True,21,5,0
135.0301,-0.09391843,0.04062518,-0.2125675,79.9042,346.2574,254.4224,True,21,5,0
135.0334,-0.09380016,0.04034273,-0.2125774,79.96971,346.6622,254.7375,True,21,5,0
135.0369,-0.09373278,0.04020335,-0.2125677,79.99617,346.7668,254.841,True,21,5,0
135.0404,-0.09362163,0.03989758,-0.2127216,80.11197,347.0374,255.0593,True,21,5,0
135.0432,-0.09357451,0.0397629,-0.2127082,80.13709,347.1336,255.1533,True,21,5,0
135.0462,-0.09351519,0.03959382,-0.2126914,80.16865,347.2553,255.272,True,21,5,0
135.0506,-0.09347417,0.03938636,-0.2123761,80.1265,347.3602,255.3588,True,21,5,0
135.0542,-0.0934099,0.03920797,-0.2123425,80.15558,347.4812,255.4764,True,21,5,0
135.057,-0.09336877,0.03906748,-0.2125103,80.2231,347.3901,255.3962,True,21,5,0
135.0599,-0.09331533,0.0389403,-0.212495,80.24579,347.475,255.4789,True,21,5,0
135.0622,-0.09326824,0.0388284,-0.2124814,80.26575,347.55,255.5521,True,21,5,0
135.0653,-0.09299145,0.03868489,-0.2126288,80.33338,347.8823,255.9008,True,21,5,0
135.0682,-0.0929091,0.03852871,-0.2126229,80.36324,348.0001,256.0165,True,21,5,0
135.0723,-0.09281547,0.03835161,-0.212616,80.397,348.1346,256.1487,True,21,5,0
135.0755,-0.09244905,0.03824708,-0.2127128,80.46422,348.716,256.7189,True,21,5,0
135.0786,-0.09235391,0.03809839,-0.2127139,80.49562,348.8564,256.8568,True,21,5,0
135.0821,-0.09224549,0.03795698,-0.2124749,80.45614,349.2141,257.2445,True,21,5,0
135.0857,-0.09215147,0.03779376,-0.2124678,80.4868,349.3734,257.4025,True,21,5,0
135.0889,-0.09205794,0.03763175,-0.2124606,80.51714,349.5328,257.5605,True,21,5,0
135.0921,-0.09206499,0.03762941,-0.2122539,80.50588,349.7704,257.8481,True,21,5,0
135.0954,-0.09199786,0.03750157,-0.2122324,80.53149,349.9166,257.9947,True,21,5,0
135.0978,-0.09194301,0.0373973,-0.2122148,80.55235,350.0365,258.1149,True,21,5,0
135.1011,-0.09185506,0.03724739,-0.2124367,80.68633,350.4899,258.6173,True,21,5,0
135.1045,-0.09180696,0.03712207,-0.2124152,80.71558,350.6541,258.7835,True,21,5,0
135.1083,-0.09175663,0.03695028,-0.212795,80.86025,350.8532,258.9901,True,21,5,0
135.1168,-0.09162582,0.0366514,-0.2128218,80.92688,351.2868,259.4142,True,21,5,0
135.121,-0.09157041,0.03650856,-0.2128336,80.96526,351.492,259.6213,True,21,5,0
135.1239,-0.09135658,0.03638415,-0.2127616,80.95213,351.8717,260.012,True,21,5,0
135.127,-0.09130515,0.03628284,-0.2127753,80.9771,352.0214,260.1633,True,21,5,0
135.1296,-0.09125482,0.03618389,-0.2127886,81.0015,352.1686,260.3121,True,21,5,0
135.133,-0.09096901,0.03600696,-0.2129634,81.07342,352.7112,260.885,True,21,5,0
135.1364,-0.09090073,0.03589024,-0.2129899,81.10243,352.8961,261.0726,True,21,5,0
135.1395,-0.0908308,0.03577097,-0.2130169,81.13194,353.0865,261.2658,True,21,5,0
135.1425,-0.09062017,0.03563018,-0.2131503,81.18209,353.5393,261.6674,True,21,5,0
135.145,-0.09055634,0.03552546,-0.213181,81.20779,353.7134,261.8424,True,21,5,0
135.1479,-0.09049027,0.0354173,-0.2132126,81.23429,353.8944,262.0244,True,21,5,0
135.151,-0.09037405,0.03527306,-0.2131769,81.25163,354.411,262.458,True,21,5,0
135.1548,-0.0902954,0.03511897,-0.2132159,81.28733,354.6777,262.7228,True,21,5,0
135.1583,-0.08997553,0.03501442,-0.2129693,81.26453,355.4643,263.4387,True,21,5,0
135.1613,-0.0899142,0.03490947,-0.2129815,81.28742,355.6683,263.6393,True,21,5,0
135.1637,-0.08985724,0.03481223,-0.2129927,81.30857,355.8584,263.8264,True,21,5,0
135.1666,-0.08980661,0.03468449,-0.2129466,81.31915,355.8798,263.8255,True,21,5,0
135.17,-0.08972601,0.03456031,-0.2129564,81.34504,356.1128,264.0542,True,21,5,0
135.1734,-0.0895967,0.03443804,-0.2130938,81.4147,356.2433,264.2326,True,21,5,0
135.1761,-0.08951667,0.03433578,-0.2131041,81.43771,356.442,264.4292,True,21,5,0
135.1787,-0.08943213,0.03422795,-0.2131148,81.46201,356.653,264.6379,True,21,5,0
135.1824,-0.08906394,0.03413978,-0.2132748,81.53044,357.3341,265.3494,True,21,5,0
135.186,-0.08893856,0.03401279,-0.213298,81.56227,357.6265,265.6401,True,21,5,0
135.1888,-0.08882624,0.03389937,-0.2133186,81.59055,357.8901,265.9021,True,21,5,0
135.1925,-0.08850839,0.03385147,-0.213414,81.62386,358.451,266.4943,True,21,5,0
135.1954,-0.08839719,0.03375982,-0.21344,81.64845,358.6963,266.7393,True,21,5,0
135.198,-0.08829235,0.03367363,-0.2134645,81.67147,358.9288,266.9714,True,21,5,0
135.201,-0.08823424,0.03365448,-0.2132805,81.62563,359.1026,267.1545,True,21,5,0
135.2046,-0.08811084,0.03355835,-0.2133059,81.65075,359.3814,267.433,True,21,5,0
135.2078,-0.08845339,0.03354216,-0.2131076,81.61423,358.7507,266.8683,True,21,5,0
135.2106,-0.08835784,0.03346176,-0.2131201,81.63538,358.9759,267.0952,True,21,5,0
135.2133,-0.08827771,0.0333945,-0.2131304,81.65302,359.1656,267.2863,True,21,5,0
135.2171,-0.08858324,0.03329431,-0.2132203,81.69395,358.713,266.8777,True,21,5,0
135.2214,-0.08847623,0.03318098,-0.2132436,81.72469,359.0052,267.1741,True,21,5,0
135.2249,-0.08861298,0.03299467,-0.2133545,81.77486,358.914,267.0677,True,21,5,0
135.2281,-0.08855581,0.0329106,-0.2133738,81.79558,359.0977,267.2537,True,21,5,0
135.2309,-0.08849976,0.03282835,-0.2133926,81.81597,359.2787,267.4368,True,21,5,0
135.2342,-0.08842199,0.03264032,-0.2137468,81.91969,359.5068,267.6377,True,21,5,0
135.2375,-0.08836001,0.03254379,-0.213785,81.94402,359.708,267.8404,True,21,5,0
135.2415,-0.08812189,0.03234741,-0.2141968,82.05888,0.3307438,268.5105,True,21,5,0
135.2449,-0.08804455,0.03222993,-0.2142655,82.08956,0.5850377,268.7682,True,21,5,0
135.2478,-0.08798593,0.03214107,-0.2143175,82.11275,0.7788734,268.9646,True,21,5,0
135.2506,-0.08800603,0.032014,-0.2140789,82.07977,0.9598672,269.1656,True,21,5,0
135.2534,-0.08795562,0.0319158,-0.214114,82.10181,1.158262,269.3671,True,21,5,0
135.2565,-0.08789224,0.03179267,-0.2141579,82.12927,1.408919,269.6216,True,21,5,0
135.2598,-0.08788949,0.03169437,-0.2138841,82.07762,1.508191,269.6936,True,21,5,0
135.2626,-0.08783855,0.03158899,-0.2139057,82.0983,1.714463,269.9022,True,21,5,0
135.2659,-0.08814096,0.03149642,-0.2137962,82.09532,1.160207,269.3889,True,21,5,0
135.2749,-0.08802454,0.03114876,-0.2138657,82.15733,1.947821,270.166,True,21,5,0
135.278,-0.08799409,0.03103955,-0.2138835,82.17763,2.147023,270.368,True,21,5,0
135.2809,-0.08796676,0.03094175,-0.2138993,82.19586,2.326362,270.55,True,21,5,0
135.2839,-0.08756436,0.03088343,-0.2135458,82.0948,3.288838,271.4703,True,21,5,0
135.2871,-0.08751929,0.03077014,-0.2135531,82.11148,3.524692,271.7077,True,21,5,0
135.2901,-0.08749557,0.03067015,-0.2135969,82.14262,3.669068,271.8418,True,21,5,0
135.2934,-0.08745141,0.0305678,-0.2136039,82.15842,3.887696,272.0615,True,21,5,0
135.296,-0.08741073,0.03047374,-0.2136103,82.17286,4.089676,272.2645,True,21,5,0
135.2994,-0.08763012,0.03036617,-0.2137076,82.22302,3.724598,271.9106,True,21,5,0
135.3032,-0.08758435,0.03024851,-0.213718,82.24248,3.966985,272.1546,True,21,5,0
135.3069,-0.08793157,0.03002261,-0.2140497,82.3583,3.367103,271.6151,True,21,5,0
135.3101,-0.08790424,0.02991094,-0.2140728,82.37841,3.550955,271.8022,True,21,5,0
135.3131,-0.0878755,0.02979386,-0.2140969,82.39925,3.744825,271.9996,True,21,5,0
135.3168,-0.0879337,0.02964273,-0.2143641,82.49554,3.758506,272.0198,True,21,5,0
135.3232,-0.08780551,0.02942416,-0.2140333,82.44212,4.237751,272.5005,True,21,5,0
135.3265,-0.08777761,0.02931723,-0.2140427,82.45972,4.411886,272.6776,True,21,5,0
135.3292,-0.08775267,0.02922192,-0.2140511,82.47549,4.567802,272.8362,True,21,5,0
135.3328,-0.0876832,0.02911456,-0.2140096,82.48978,4.970575,273.2778,True,21,5,0
135.3362,-0.08765767,0.02900602,-0.2140141,82.50784,5.162704,273.4742,True,21,5,0
135.3393,-0.08763245,0.02889918,-0.2140185,82.52562,5.352924,273.6685,True,21,5,0
135.3423,-0.08719417,0.02870923,-0.2141905,82.57276,6.569188,274.9269,True,21,5,0
135.3447,-0.0871628,0.0286085,-0.2142006,82.58823,6.764936,275.1272,True,21,5,0
135.3476,-0.08712985,0.02850299,-0.2142112,82.60429,6.97101,275.3381,True,21,5,0
135.351,-0.08713439,0.02834275,-0.2143718,82.65858,7.285581,275.604,True,21,5,0
135.3544,-0.08710223,0.02820988,-0.2143929,82.67914,7.544478,275.867,True,21,5,0
135.3576,-0.08728111,0.02809054,-0.2141399,82.6096,7.054522,275.301,True,21,5,0
135.3607,-0.08725585,0.02798682,-0.2141547,82.62305,7.230497,275.4781,True,21,5,0
135.3633,-0.08722956,0.02787915,-0.2141699,82.63702,7.413995,275.6627,True,21,5,0
135.3665,-0.08700666,0.02775113,-0.2141493,82.6374,7.791076,276.0217,True,21,5,0
135.37,-0.08695577,0.02762446,-0.2141668,82.65298,8.013423,276.2447,True,21,5,0
135.3732,-0.08672943,0.02753697,-0.2141395,82.64379,8.380646,276.6076,True,21,5,0
135.3834,-0.08668619,0.02711199,-0.2143513,82.75668,8.875309,277.1399,True,21,5,0
135.388,-0.08661195,0.02695739,-0.2143739,82.77712,9.158687,277.4253,True,21,5,0
135.3909,-0.08672085,0.02685645,-0.2141282,82.73293,8.820184,277.0978,True,21,5,0
135.394,-0.08667531,0.02675679,-0.2141337,82.74488,8.984705,277.2635,True,21,5,0
135.3965,-0.08663037,0.02665859,-0.214139,82.75673,9.147403,277.4274,True,21,5,0
135.4005,-0.08634008,0.0264473,-0.2143279,82.82411,10.04291,278.3816,True,21,5,0
135.4044,-0.08627533,0.02631585,-0.2143392,82.84043,10.2813,278.6235,True,21,5,0
135.4079,-0.08593861,0.02625495,-0.214493,82.86997,11.16815,279.5483,True,21,5,0
135.4105,-0.08587477,0.02615522,-0.2145115,82.88351,11.3893,279.7733,True,21,5,0
135.4132,-0.08582008,0.02606992,-0.2145272,82.895,11.57927,279.9667,True,21,5,0
135.4176,-0.08551653,0.02596886,-0.2147418,82.95583,12.53423,280.9597,True,21,5,0
135.4258,-0.08518311,0.0257114,-0.2148214,82.99151,13.7483,282.1622,True,21,5,0
135.4287,-0.0851234,0.02563067,-0.2148415,83.00338,13.9844,282.402,True,21,5,0
135.4323,-0.08503766,0.02551496,-0.2148701,83.0202,14.32459,282.7474,True,21,5,0
135.4356,-0.08491395,0.02535163,-0.2148708,83.00314,14.84013,283.3036,True,21,5,0
135.4388,-0.08485055,0.02525313,-0.2148977,83.01486,15.11487,283.5835,True,21,5,0
135.4419,-0.08517595,0.02515914,-0.214606,82.95839,14.27724,282.7576,True,21,5,0
135.4445,-0.0851258,0.02506039,-0.2146249,82.96837,14.51266,282.9982,True,21,5,0
135.4478,-0.08507125,0.02495316,-0.2146452,82.97915,14.76924,283.2605,True,21,5,0
135.451,-0.08507429,0.02490562,-0.2146334,82.97227,14.8505,283.3921,True,21,5,0
135.4543,-0.08501792,0.02479894,-0.2146588,82.98295,15.12054,283.6698,True,21,5,0
135.4573,-0.08463775,0.0246539,-0.2147131,82.97144,16.1663,284.7298,True,21,5,0
135.4603,-0.08458468,0.02456445,-0.2147348,82.97851,16.40047,284.9701,True,21,5,0
135.463,-0.08452518,0.02446428,-0.214759,82.98636,16.66334,285.2399,True,21,5,0
135.4664,-0.08424433,0.02437766,-0.2148894,83.00939,17.39565,285.9906,True,21,5,0
135.4706,-0.08414672,0.02424982,-0.2149272,83.01967,17.77039,286.375,True,21,5,0
135.4736,-0.08406991,0.02419095,-0.2146077,82.93964,17.86135,286.4482,True,21,5,0
135.4797,-0.08391256,0.02398612,-0.2146332,82.94971,18.45614,287.0571,True,21,5,0
135.4832,-0.08386394,0.02395925,-0.2144116,82.90569,18.44205,287.0251,True,21,5,0
135.4859,-0.08379516,0.02387871,-0.2144115,82.90859,18.6834,287.2719,True,21,5,0
135.4885,-0.08372162,0.02379273,-0.2144114,82.91152,18.94155,287.5357,True,21,5,0
135.4922,-0.08352479,0.02365021,-0.2143339,82.90622,19.38969,288.0121,True,21,5,0
135.4953,-0.0834369,0.02355081,-0.2143231,82.90871,19.67334,288.3026,True,21,5,0
135.4989,-0.08310316,0.02347358,-0.2142975,82.89729,20.34522,288.9777,True,21,5,0
135.5021,-0.08298568,0.0233684,-0.2142819,82.89875,20.67328,289.3132,True,21,5,0
135.505,-0.08290286,0.02329439,-0.2142709,82.89964,20.90457,289.5497,True,21,5,0
135.5079,-0.082606,0.023239,-0.2144012,82.92884,21.60483,290.2737,True,21,5,0
135.5112,-0.08247085,0.02314022,-0.2143897,82.93042,21.95344,290.6304,True,21,5,0
135.5146,-0.08235158,0.02305324,-0.2143793,82.93165,22.26108,290.9453,True,21,5,0
135.5185,-0.0821756,0.02298525,-0.214014,82.85562,22.31765,291.0254,True,21,5,0
135.5214,-0.08206204,0.02290826,-0.2139879,82.85435,22.58347,291.2981,True,21,5,0
135.5247,-0.08185897,0.0227797,-0.2139467,82.87077,23.29546,291.9849,True,21,5,0
135.5276,-0.08176166,0.02270852,-0.213912,82.86952,23.54241,292.237,True,21,5,0
135.5306,-0.0816474,0.02262512,-0.2138712,82.86794,23.83224,292.533,True,21,5,0
135.5347,-0.08151057,0.02249327,-0.2138874,82.89632,24.17273,292.8786,True,21,5,0
135.5381,-0.08139273,0.02240981,-0.2138481,82.89516,24.46153,293.1735,True,21,5,0
135.5411,-0.08121205,0.02238932,-0.2138515,82.91906,24.64409,293.2513,True,21,5,0
135.5451,-0.08102532,0.02228813,-0.2137966,82.91817,25.03996,293.6509,True,21,5,0
135.5486,-0.08102803,0.02220997,-0.2137578,82.94469,25.00285,293.5865,True,21,5,0
135.5522,-0.08087394,0.02212617,-0.2137082,82.94469,25.32338,293.9092,True,21,5,0
135.5552,-0.08072636,0.02204615,-0.2136607,82.94453,25.63034,294.2182,True,21,5,0
135.5594,-0.08054899,0.02187818,-0.2132356,82.85628,25.63363,294.1725,True,21,5,0
135.562,-0.08043465,0.02180463,-0.2131848,82.85378,25.85682,294.3961,True,21,5,0
135.5651,-0.08029933,0.02171776,-0.2131246,82.85074,26.12074,294.6603,True,21,5,0
135.569,-0.07987998,0.02168562,-0.213041,82.83302,26.78524,295.2418,True,21,5,0
135.5736,-0.07953811,0.0216029,-0.2130804,82.83424,27.3964,295.8687,True,21,5,0
135.5765,-0.07938629,0.02153547,-0.2130328,82.8304,27.65585,296.1266,True,21,5,0
135.579,-0.07924002,0.02147068,-0.2129868,82.82658,27.90551,296.3748,True,21,5,0
135.5833,-0.07900953,0.02146004,-0.213011,82.82375,28.18526,296.6443,True,21,5,0
135.5865,-0.07883391,0.02139764,-0.2129718,82.81902,28.46983,296.9268,True,21,5,0
135.5899,-0.0786256,0.02132387,-0.2129253,82.81324,28.80675,297.2615,True,21,5,0
135.5936,-0.07854386,0.02142204,-0.2129645,82.862,28.37506,296.8083,True,21,5,0
135.5966,-0.07836571,0.02138796,-0.2129375,82.85914,28.61053,297.0415,True,21,5,0
135.6001,-0.07871714,0.02143003,-0.2127525,82.89941,27.00682,295.3867,True,21,5,0
135.6035,-0.07852681,0.02140751,-0.2127289,82.89847,27.19848,295.5744,True,21,5,0
135.6068,-0.07871122,0.02147165,-0.2125967,82.89739,26.33443,294.65,True,21,5,0
135.6101,-0.07852136,0.0214619,-0.21258,82.89679,26.50281,294.8124,True,21,5,0
135.6128,-0.078341,0.02145274,-0.2125641,82.89604,26.66267,294.9667,True,21,5,0
135.6175,-0.07828857,0.0215326,-0.2124823,82.86274,26.47398,294.7143,True,21,5,0
135.6216,-0.07804492,0.02153581,-0.2124737,82.86024,26.69086,294.9203,True,21,5,0
135.6264,-0.07790425,0.02164194,-0.2124522,82.84043,26.50523,294.7672,True,21,5,0
135.6367,-0.07749505,0.02174446,-0.2123458,82.80257,26.55175,294.848,True,21,5,0
135.6404,-0.07729531,0.02176118,-0.212256,82.73429,26.90202,295.2284,True,21,5,0
135.6436,-0.077163,0.02177671,-0.2122645,82.72942,27.02089,295.344,True,21,5,0
135.6466,-0.07700801,0.02179492,-0.2122746,82.72376,27.15993,295.4792,True,21,5,0
135.6506,-0.07674535,0.02183214,-0.2122072,82.65802,27.55116,295.8772,True,21,5,0
135.6542,-0.07659446,0.02185051,-0.2122204,82.64991,27.69917,296.0217,True,21,5,0
135.6574,-0.07617035,0.0218948,-0.2121974,82.57365,28.37311,296.6881,True,21,5,0
135.6607,-0.0760451,0.02190998,-0.2122126,82.56489,28.50467,296.8167,True,21,5,0
135.6637,-0.0759052,0.02192697,-0.2122295,82.55511,28.65126,296.9601,True,21,5,0
135.6667,-0.07576654,0.02194935,-0.2120823,82.51659,28.65248,296.8568,True,21,5,0
135.6698,-0.07564416,0.02196361,-0.2120876,82.50726,28.77497,296.9737,True,21,5,0
135.6729,-0.07549949,0.02198049,-0.2120939,82.49617,28.91936,297.1114,True,21,5,0
135.6762,-0.0753634,0.02197807,-0.2119319,82.45248,28.87019,296.9376,True,21,5,0
135.6788,-0.07523214,0.02198946,-0.2119294,82.44155,28.99334,297.0512,True,21,5,0
135.6823,-0.07519411,0.0219636,-0.2117957,82.42257,28.80805,296.7813,True,21,5,0
135.6861,-0.07503822,0.02197045,-0.2117822,82.40912,28.9458,296.9048,True,21,5,0
135.6901,-0.07519792,0.02190498,-0.2116843,82.46587,28.04983,296.0338,True,21,5,0
135.6942,-0.07502294,0.02190319,-0.2116571,82.45483,28.15557,296.1262,True,21,5,0
135.6972,-0.07488111,0.02190174,-0.211635,82.44576,28.24102,296.2009,True,21,5,0
135.7005,-0.07490519,0.02188632,-0.2115841,82.47945,27.86004,295.8313,True,21,5,0
135.7035,-0.07477467,0.02188535,-0.2115585,82.47215,27.9299,295.8924,True,21,5,0
135.707,-0.07452361,0.02185534,-0.2114234,82.4332,28.10596,296.019,True,21,5,0
135.7118,-0.07428449,0.02184434,-0.2113662,82.41869,28.23419,296.1298,True,21,5,0
135.716,-0.07414617,0.02185558,-0.21119,82.4086,28.13801,295.9585,True,21,5,0
135.7192,-0.07398372,0.02185135,-0.2111359,82.39894,28.21722,296.0241,True,21,5,0
135.7237,-0.07395925,0.02185731,-0.2111036,82.4546,27.70114,295.5499,True,21,5,0
135.7271,-0.07379515,0.02185869,-0.2110507,82.44773,27.75789,295.5958,True,21,5,0
135.7302,-0.07363229,0.02186008,-0.2109983,82.44088,27.8141,295.6412,True,21,5,0
135.7337,-0.07359012,0.02187769,-0.2110517,82.48307,27.71708,295.5564,True,21,5,0
135.7374,-0.07341706,0.02188464,-0.2109957,82.47616,27.77339,295.602,True,21,5,0
135.7411,-0.07295023,0.0218709,-0.211051,82.43475,28.74384,296.5351,True,21,5,0
135.7441,-0.07278896,0.02187262,-0.2110044,82.4268,28.82781,296.6079,True,21,5,0
135.7479,-0.07261424,0.02187453,-0.210954,82.41827,28.9186,296.6866,True,21,5,0
135.751,-0.07241319,0.02188073,-0.2109907,82.40152,29.50521,297.231,True,21,5,0
135.7541,-0.07227895,0.02188259,-0.2109497,82.39388,29.59605,297.3107,True,21,5,0
135.7572,-0.07212582,0.02188933,-0.2109643,82.37929,30.02622,297.6893,True,21,5,0
135.7607,-0.07199907,0.02189179,-0.2109235,82.37085,30.13271,297.7826,True,21,5,0
135.7633,-0.07189739,0.0218938,-0.2108907,82.36406,30.21791,297.8572,True,21,5,0
135.7664,-0.07185266,0.02193101,-0.2108094,82.35594,30.29092,297.8439,True,21,5,0
135.7699,-0.07173371,0.02193893,-0.2107623,82.3473,30.39871,297.9356,True,21,5,0
135.7751,-0.07174476,0.02196115,-0.210647,82.33328,30.06027,297.5247,True,21,5,0
135.7787,-0.07162213,0.02197142,-0.2106033,82.32377,30.15978,297.6048,True,21,5,0
135.7824,-0.07174265,0.02201149,-0.2104584,82.3139,29.63785,297.0582,True,21,5,0
135.788,-0.07156717,0.02203538,-0.210393,82.29949,29.75682,297.147,True,21,5,0
135.7915,-0.07154536,0.02207726,-0.2102663,82.25706,29.42149,296.7283,True,21,5,0
135.7952,-0.07143657,0.02209467,-0.2102353,82.24696,29.48162,296.7673,True,21,5,0
135.7997,-0.07120879,0.0221481,-0.2102117,82.2328,29.47313,296.778,True,21,5,0
135.8037,-0.07107951,0.02217089,-0.2101876,82.22327,29.52955,296.8145,True,21,5,0
135.8081,-0.07079677,0.02222799,-0.2101784,82.18566,29.79237,297.0865,True,21,5,0
135.8118,-0.07065209,0.02225624,-0.210161,82.17444,29.85867,297.1329,True,21,5,0
135.8157,-0.07044831,0.02232964,-0.2099375,82.08374,29.87984,297.1244,True,21,5,0
135.82,-0.07029593,0.02236414,-0.2099148,82.06815,29.94875,297.1714,True,21,5,0
135.8235,-0.06998693,0.02240385,-0.2097388,81.97351,30.31865,297.5251,True,21,5,0
135.8268,-0.06988809,0.02242434,-0.2097192,81.96056,30.37317,297.565,True,21,5,0
135.83,-0.06977765,0.02244721,-0.2096972,81.94612,30.43389,297.6093,True,21,5,0
135.8336,-0.06963506,0.02250418,-0.2095363,81.88632,30.54566,297.7072,True,21,5,0
135.8369,-0.06953901,0.02252772,-0.2095095,81.87155,30.60288,297.7493,True,21,5,0
135.8404,-0.06977493,0.02261922,-0.2093711,81.8774,29.81308,296.9546,True,21,5,0
135.8438,-0.06967807,0.02265635,-0.2093421,81.8623,29.84684,296.9724,True,21,5,0
135.8467,-0.06957901,0.02269432,-0.2093126,81.84679,29.88135,296.9905,True,21,5,0
135.8517,-0.0696255,0.02283226,-0.2090586,81.79018,29.25601,296.3062,True,21,5,0
135.8552,-0.0695156,0.0228872,-0.209023,81.77142,29.27046,296.3008,True,21,5,0
135.8588,-0.06954557,0.02298722,-0.2088362,81.71575,28.89608,295.8938,True,21,5,0
135.8622,-0.06945673,0.02304113,-0.2088045,81.69788,28.89558,295.8753,True,21,5,0
135.8658,-0.06931487,0.02317384,-0.2087342,81.65582,28.69397,295.7668,True,21,5,0
135.8688,-0.06921033,0.02323978,-0.2087106,81.6367,28.6868,295.7452,True,21,5,0
135.8727,-0.06910327,0.02330722,-0.2086864,81.61724,28.67948,295.7232,True,21,5,0
135.8759,-0.06876594,0.02352399,-0.2084824,81.48479,28.79461,295.8225,True,21,5,0
135.879,-0.06865501,0.02360481,-0.2084669,81.46227,28.79171,295.8055,True,21,5,0
135.8833,-0.06863031,0.02382632,-0.2085877,81.49989,28.58249,295.5186,True,21,5,0
135.8936,-0.06880265,0.02421474,-0.2083902,81.4636,27.43388,294.2784,True,21,5,0
135.8976,-0.06869594,0.02433914,-0.2083739,81.44221,27.38451,294.2095,True,21,5,0
135.901,-0.06894805,0.02448294,-0.2080556,81.37775,26.31101,293.0641,True,21,5,0
135.9044,-0.06886315,0.02459194,-0.2080379,81.35773,26.23857,292.9731,True,21,5,0
135.9088,-0.06908,0.02480145,-0.207564,81.24322,25.02965,291.6172,True,21,5,0
135.9119,-0.06899641,0.02492064,-0.2075353,81.21871,24.91964,291.4834,True,21,5,0
135.9155,-0.0690704,0.02515623,-0.207576,81.22163,24.23298,290.7872,True,21,5,0
135.9187,-0.06898326,0.02528223,-0.2075649,81.20016,24.11808,290.6513,True,21,5,0
135.9217,-0.06888506,0.025424,-0.2075525,81.17595,23.98943,290.499,True,21,5,0
135.9257,-0.06896458,0.02560084,-0.2076219,81.18107,23.22468,289.775,True,21,5,0
135.9289,-0.06886341,0.02573758,-0.2076258,81.15932,23.08744,289.618,True,21,5,0
135.9324,-0.06886015,0.0258901,-0.207264,81.03341,22.50395,289.0121,True,21,5,0
135.9355,-0.06875955,0.02603041,-0.2072587,81.00619,22.34644,288.8334,True,21,5,0
135.9394,-0.06864987,0.0261832,-0.207253,80.97644,22.17606,288.64,True,21,5,0
135.9449,-0.06891222,0.02643056,-0.2069488,80.88747,21.10372,287.5437,True,21,5,0
135.9485,-0.06860939,0.02667481,-0.2071165,80.87698,21.57128,287.9588,True,21,5,0
135.9514,-0.06854225,0.02681296,-0.2071094,80.85239,21.43625,287.8049,True,21,5,0
135.9545,-0.06847338,0.02695446,-0.2071022,80.82718,21.29876,287.648,True,21,5,0
135.9579,-0.06821185,0.02710219,-0.2071034,80.78009,21.81852,288.1252,True,21,5,0
135.9612,-0.06816122,0.02722925,-0.2070891,80.75623,21.7103,287.9984,True,21,5,0
135.9647,-0.06809571,0.02739328,-0.2070706,80.72533,21.5715,287.8357,True,21,5,0
135.9678,-0.06824203,0.0275398,-0.206979,80.72166,21.06776,287.3533,True,21,5,0
135.9713,-0.06819179,0.0276791,-0.2069533,80.69606,20.94135,287.208,True,21,5,0
135.9752,-0.06822878,0.02782242,-0.2068794,80.64556,20.83524,287.1258,True,21,5,0
135.9784,-0.06819396,0.02797233,-0.2068498,80.61623,20.69756,286.9687,True,21,5,0
135.9819,-0.06816091,0.02811413,-0.2068217,80.5885,20.5682,286.8208,True,21,5,0
135.9854,-0.06805047,0.02825235,-0.2065056,80.45608,20.46241,286.7054,True,21,5,0
135.9891,-0.0680112,0.02842993,-0.2064591,80.41474,20.2972,286.5163,True,21,5,0
135.9936,-0.06799938,0.02853508,-0.2065143,80.40999,20.30938,286.5487,True,21,5,0
135.9966,-0.06797941,0.02865326,-0.2064819,80.38223,20.20045,286.4244,True,21,5,0
136.0001,-0.06827133,0.02875879,-0.2064134,80.37578,19.58936,285.7989,True,21,5,0
136.0037,-0.06826417,0.02888149,-0.2063751,80.34664,19.46001,285.6533,True,21,5,0
136.0071,-0.06831354,0.02901831,-0.2061054,80.26068,19.01794,285.1338,True,21,5,0
136.0107,-0.06830094,0.02915674,-0.2060515,80.22469,18.86089,284.9556,True,21,5,0
136.0149,-0.06796925,0.02930662,-0.205879,80.13192,19.02065,285.056,True,21,5,0
136.0184,-0.06793289,0.02943471,-0.205823,80.09565,18.88571,284.8997,True,21,5,0
136.0217,-0.06789231,0.02957723,-0.2057606,80.05525,18.73692,284.7271,True,21,5,0
136.0271,-0.06746197,0.02971506,-0.2059993,80.07891,19.1136,285.0487,True,21,5,0
136.0309,-0.06738871,0.02985357,-0.2059495,80.04248,18.98852,284.8998,True,21,5,0
136.0343,-0.06736887,0.02997415,-0.2061196,80.11565,18.51077,284.493,True,21,5,0
136.0377,-0.06728798,0.03008604,-0.2060827,80.09055,18.40408,284.3707,True,21,5,0
136.0413,-0.06735022,0.03021985,-0.2059418,80.07721,17.92795,283.8511,True,21,5,0
136.052,-0.06718861,0.03057487,-0.205593,79.97675,17.30894,283.1453,True,21,5,0
136.0563,-0.06708619,0.03072062,-0.2055036,79.94156,17.14427,282.9567,True,21,5,0
136.061,-0.06691073,0.03087628,-0.2053287,79.90693,17.21099,282.8696,True,21,5,0
136.0646,-0.06682485,0.03100462,-0.205233,79.87611,17.07728,282.7102,True,21,5,0
136.0683,-0.0666877,0.03119805,-0.2050618,79.81911,16.98831,282.5168,True,21,5,0
136.0719,-0.06661165,0.03131655,-0.2049751,79.79117,16.8746,282.378,True,21,5,0
136.0753,-0.06660394,0.03142761,-0.2051413,79.83434,16.79263,282.3273,True,21,5,0
136.0791,-0.06651241,0.03158243,-0.2050451,79.80152,16.65118,282.1562,True,21,5,0
136.0836,-0.06658036,0.03165251,-0.2052682,79.88932,16.48929,282.0873,True,21,5,0
136.0876,-0.06650013,0.03180353,-0.2051769,79.86137,16.34431,281.9178,True,21,5,0
136.0918,-0.06657946,0.03184775,-0.2052175,79.87241,16.15091,281.7149,True,21,5,0
136.0958,-0.06652965,0.03196132,-0.2051464,79.84975,16.02641,281.57,True,21,5,0
136.0995,-0.06642134,0.03202336,-0.2050844,79.80993,16.01334,281.5065,True,21,5,0
136.1059,-0.0663377,0.03220032,-0.204972,79.76963,15.80807,281.2641,True,21,5,0
136.1098,-0.0657917,0.03235137,-0.204815,79.64125,16.43367,281.8212,True,21,5,0
136.1131,-0.06572937,0.03245127,-0.2047614,79.61486,16.34467,281.7095,True,21,5,0
136.1164,-0.06559494,0.03260601,-0.2046829,79.569,16.25778,281.552,True,21,5,0
136.1202,-0.06551532,0.03272402,-0.2046297,79.53952,16.16285,281.4306,True,21,5,0
136.1241,-0.06557065,0.0328342,-0.2048292,79.60123,15.96574,281.1854,True,21,5,0
136.1277,-0.06550976,0.03293569,-0.2047909,79.57973,15.88429,281.0813,True,21,5,0
136.1309,-0.06544742,0.03303945,-0.2047517,79.55773,15.80134,280.9752,True,21,5,0
136.1344,-0.06525208,0.03308041,-0.2047427,79.53017,15.86968,281.05,True,21,5,0
136.1386,-0.06517315,0.03318603,-0.2047019,79.50518,15.7815,280.9367,True,21,5,0
136.1424,-0.06504328,0.03325056,-0.2048447,79.53992,15.91343,281.1337,True,21,5,0
136.1453,-0.06498025,0.03333458,-0.2048128,79.52142,15.84784,281.0495,True,21,5,0
136.1487,-0.06481032,0.03343359,-0.2045525,79.41437,15.96356,281.066,True,21,5,0
136.152,-0.06474628,0.0335228,-0.2045114,79.39054,15.89797,280.9768,True,21,5,0
136.1567,-0.06447628,0.03368324,-0.2045519,79.38174,16.16274,281.1604,True,21,5,0
136.1608,-0.06440442,0.03378426,-0.2045067,79.35778,16.10651,281.0778,True,21,5,0
136.1635,-0.06434754,0.03386414,-0.204471,79.33882,16.06226,281.0128,True,21,5,0
136.1671,-0.06444162,0.03401239,-0.2046059,79.37188,15.78747,280.7059,True,21,5,0
136.1716,-0.06436855,0.0341334,-0.2045689,79.34801,15.72046,280.6105,True,21,5,0
136.1751,-0.06446915,0.03419611,-0.2046677,79.36015,15.39152,280.228,True,21,5,0
136.1781,-0.06441212,0.03429061,-0.20465,79.34167,15.32915,280.1415,True,21,5,0
136.1816,-0.06443565,0.03434858,-0.2048421,79.37516,15.16101,279.9196,True,21,5,0
136.1856,-0.0643652,0.03446192,-0.2048388,79.3546,15.08067,279.8085,True,21,5,0
136.1889,-0.06429845,0.03456923,-0.2048357,79.33521,15.0049,279.7035,True,21,5,0
136.1929,-0.06417608,0.03469725,-0.2046922,79.25783,15.01371,279.6515,True,21,5,0
136.1961,-0.06411944,0.03479135,-0.2046886,79.23883,14.95096,279.5621,True,21,5,0
136.1999,-0.06382821,0.03492418,-0.2044903,79.13743,15.23847,279.7771,True,21,5,0
136.2065,-0.06370091,0.0351463,-0.2045402,79.11372,14.9921,279.5508,True,21,5,0
136.21,-0.06362174,0.03525324,-0.2045374,79.0914,14.93499,279.4666,True,21,5,0
136.2137,-0.06352902,0.03537837,-0.2045343,79.06528,14.86852,279.3684,True,21,5,0
136.218,-0.06309775,0.03552637,-0.2045369,79.01873,15.04717,279.5243,True,21,5,0
136.2218,-0.06297188,0.03564972,-0.2045385,78.99271,14.99288,279.4397,True,21,5,0
136.2259,-0.06273335,0.03579941,-0.2046414,79.00373,15.03335,279.4908,True,21,5,0
136.2289,-0.06262414,0.03589951,-0.2046461,78.98581,14.99607,279.4327,True,21,5,0
136.2325,-0.06278512,0.03599627,-0.2045921,78.97727,14.51519,278.9208,True,21,5,0
136.2364,-0.06264385,0.03613637,-0.2045913,78.95199,14.44345,278.8189,True,21,5,0
136.2405,-0.06269427,0.03625593,-0.2046885,78.97192,14.0687,278.5034,True,21,5,0
136.2437,-0.06258807,0.03636289,-0.2046937,78.95457,14.00662,278.4219,True,21,5,0
136.2473,-0.06245766,0.03649415,-0.2047001,78.93338,13.93074,278.3221,True,21,5,0
136.2515,-0.06226176,0.03666878,-0.2046456,78.89115,13.83824,278.2205,True,21,5,0
136.2548,-0.06214438,0.03678261,-0.2046504,78.87291,13.77563,278.1386,True,21,5,0
136.2585,-0.06196206,0.03696723,-0.204299,78.74528,13.81026,278.1525,True,21,5,0
136.2622,-0.06184546,0.03709133,-0.2042861,78.72132,13.74653,278.0677,True,21,5,0
136.2661,-0.06178544,0.03721321,-0.2042257,78.71521,13.77013,278.0251,True,21,5,0
136.2701,-0.0616851,0.0373375,-0.2041943,78.69164,13.70958,277.9416,True,21,5,0
136.2733,-0.0615977,0.03744563,-0.204167,78.67121,13.65714,277.8691,True,21,5,0
136.2766,-0.06203768,0.037549,-0.2040323,78.67165,12.97134,277.136,True,21,5,0
136.2801,-0.06196742,0.03767943,-0.2039851,78.64755,12.88526,277.0248,True,21,5,0
136.2844,-0.06185385,0.03780943,-0.2038257,78.59628,12.92425,276.9874,True,21,5,0
136.2881,-0.06179256,0.03793089,-0.2037708,78.57233,12.84756,276.8848,True,21,5,0
136.292,-0.06161593,0.03802954,-0.2040104,78.62782,12.86824,276.9182,True,21,5,0
136.2959,-0.0615329,0.03815605,-0.2039661,78.6053,12.79625,276.8219,True,21,5,0
136.3008,-0.06109181,0.03836498,-0.203841,78.52906,13.01741,277.0399,True,21,5,0
136.3102,-0.06077974,0.03859013,-0.2037116,78.45346,13.0527,277.0495,True,21,5,0
136.3139,-0.06067094,0.03871314,-0.2036661,78.42689,12.99673,276.97,True,21,5,0
136.3186,-0.06085607,0.03879285,-0.2038059,78.45277,12.63764,276.6265,True,21,5,0
136.322,-0.0607738,0.03890426,-0.2037783,78.43004,12.57469,276.5431,True,21,5,0
136.3265,-0.06074414,0.03895208,-0.2037385,78.41024,12.46535,276.3873,True,21,5,0
136.3301,-0.0606727,0.0390449,-0.2037109,78.38932,12.40669,276.3091,True,21,5,0
136.3333,-0.06043381,0.03919342,-0.2035642,78.34626,12.53086,276.3552,True,21,5,0
136.3377,-0.06034444,0.03930286,-0.2035194,78.32255,12.47398,276.2747,True,21,5,0
136.3427,-0.05996841,0.03938796,-0.2035163,78.31355,12.69248,276.5067,True,21,5,0
136.3458,-0.05987406,0.03947467,-0.2034738,78.29414,12.65331,276.4489,True,21,5,0
136.3498,-0.0597748,0.03950509,-0.2034517,78.31256,12.67293,276.422,True,21,5,0
136.3544,-0.05964843,0.03961426,-0.203377,78.288,12.62284,276.3459,True,21,5,0
136.3586,-0.05962728,0.03966329,-0.203288,78.28448,12.52387,276.1893,True,21,5,0
136.3624,-0.05953951,0.03974015,-0.2032213,78.26636,12.48437,276.1289,True,21,5,0
136.3661,-0.05928563,0.03980337,-0.2031881,78.25298,12.68301,276.2522,True,21,5,0
136.3704,-0.05917743,0.0398884,-0.2031104,78.23235,12.64775,276.1905,True,21,5,0
136.3749,-0.05901444,0.03996478,-0.2029698,78.19832,12.60292,276.108,True,21,5,0
136.3787,-0.05889691,0.04004627,-0.2028871,78.17709,12.56777,276.046,True,21,5,0
136.3826,-0.05925772,0.04013026,-0.2029131,78.20382,11.74687,275.3147,True,21,5,0
136.3864,-0.05915354,0.04021274,-0.2028499,78.18585,11.68438,275.2318,True,21,5,0
136.39,-0.05916,0.04025473,-0.2031906,78.28448,11.50909,275.1784,True,21,5,0
136.3939,-0.05906513,0.04033266,-0.2031545,78.27244,11.44801,275.104,True,21,5,0
136.3978,-0.05895924,0.04041958,-0.2031142,78.25892,11.37998,275.0211,True,21,5,0
136.4021,-0.05889103,0.04048026,-0.2031565,78.25561,11.38761,275.0425,True,21,5,0
136.4063,-0.058798,0.04056178,-0.2031268,78.24317,11.32537,274.9666,True,21,5,0
136.4106,-0.05866548,0.04070768,-0.2028328,78.12801,11.34613,274.9209,True,21,5,0
136.4183,-0.05834055,0.04087943,-0.202676,78.04382,11.61254,275.1236,True,21,5,0
136.4221,-0.0582639,0.04096249,-0.2026408,78.02473,11.56764,275.0612,True,21,5,0
136.4262,-0.05813541,0.04104966,-0.2026715,78.02648,11.64237,275.1224,True,21,5,0
136.4292,-0.05808033,0.04111114,-0.2026492,78.01414,11.61345,275.0821,True,21,5,0
136.4332,-0.05804248,0.04122525,-0.2025865,78.00424,11.43409,274.8257,True,21,5,0
136.438,-0.05795023,0.04132597,-0.202545,77.98556,11.38414,274.7556,True,21,5,0
136.4423,-0.05817622,0.04146175,-0.2026,78.00912,10.82647,274.2148,True,21,5,0
136.4455,-0.05810912,0.04154871,-0.2025753,77.99628,10.77131,274.1455,True,21,5,0
136.4495,-0.05794401,0.04172073,-0.202506,77.95944,10.73102,274.0654,True,21,5,0
136.4529,-0.05786885,0.04181376,-0.2024845,77.94635,10.67959,273.9997,True,21,5,0
136.4572,-0.05777431,0.04192077,-0.2026031,77.9712,10.65786,273.9311,True,21,5,0
136.4675,-0.05766753,0.04219885,-0.2024658,77.91884,10.37689,273.5908,True,21,5,0
136.4723,-0.05758078,0.0423205,-0.2024376,77.9024,10.30552,273.4988,True,21,5,0
136.476,-0.05741008,0.04239959,-0.2023701,77.87074,10.4746,273.6334,True,21,5,0
136.4797,-0.05733785,0.04250252,-0.2023413,77.8554,10.42026,273.56,True,21,5,0
136.484,-0.05697058,0.04259458,-0.2023315,77.82226,10.70638,273.7835,True,21,5,0
136.4878,-0.0568876,0.04268491,-0.20231,77.80762,10.66953,273.7277,True,21,5,0
136.4913,-0.05687276,0.0428094,-0.2021457,77.7487,10.49156,273.5477,True,21,5,0
136.4956,-0.05678469,0.04290982,-0.2021185,77.73086,10.44596,273.4819,True,21,5,0
136.4995,-0.05650363,0.04313099,-0.2020113,77.65955,10.56916,273.6333,True,21,5,0
136.5051,-0.0563739,0.04327998,-0.2019836,77.63357,10.52013,273.5611,True,21,5,0
136.5104,-0.05618006,0.04343313,-0.2019526,77.58589,10.63094,273.6512,True,21,5,0
136.5151,-0.05608737,0.0435797,-0.2021742,77.60983,10.61028,273.6122,True,21,5,0
136.5201,-0.055981,0.04371551,-0.202181,77.5883,10.57796,273.5616,True,21,5,0
136.5232,-0.05594884,0.04379058,-0.2022496,77.58265,10.56056,273.5138,True,21,5,0
136.5277,-0.05586199,0.04390907,-0.2022633,77.56366,10.53192,273.468,True,21,5,0
136.5314,-0.0557831,0.04401666,-0.2022758,77.54643,10.50601,273.4264,True,21,5,0
136.5348,-0.05570315,0.04425199,-0.201962,77.41946,10.25303,273.1209,True,21,5,0
136.5386,-0.05561927,0.04436144,-0.2019678,77.39959,10.22186,273.074,True,21,5,0
136.5431,-0.05565167,0.04453635,-0.2016279,77.29685,9.96594,272.726,True,21,5,0
136.5468,-0.05556083,0.04466613,-0.2016101,77.26966,9.920626,272.6588,True,21,5,0
136.5507,-0.05572265,0.04477356,-0.2014587,77.24148,9.582804,272.3089,True,21,5,0
136.554,-0.05566255,0.04487397,-0.2014314,77.22016,9.538287,272.2475,True,21,5,0
136.5578,-0.05546359,0.04503107,-0.2014348,77.20483,9.743944,272.4046,True,21,5,0
136.5629,-0.05538316,0.04518051,-0.2013922,77.17512,9.692859,272.3283,True,21,5,0
136.5745,-0.0549739,0.04562475,-0.2013061,77.10375,10.09197,272.7112,True,21,5,0
136.5785,-0.05491836,0.04575694,-0.201265,77.07954,10.06956,272.6699,True,21,5,0
136.5828,-0.05492399,0.04589562,-0.2011365,77.04061,9.911835,272.4983,True,21,5,0
136.5865,-0.05486774,0.04602453,-0.2010894,77.01624,9.88528,272.4533,True,21,5,0
136.5913,-0.05481878,0.04619707,-0.2010639,77.00293,9.835654,272.3378,True,21,5,0
136.5956,-0.0547677,0.0463195,-0.2010181,76.98072,9.810448,272.2937,True,21,5,0
136.6004,-0.05458412,0.04651497,-0.2008528,76.90951,9.966849,272.4337,True,21,5,0
136.6047,-0.05453197,0.04664652,-0.2007997,76.88411,9.946866,272.3938,True,21,5,0
136.6089,-0.05420911,0.04679872,-0.2006819,76.81202,10.27372,272.6788,True,21,5,0
136.6129,-0.05414237,0.04694058,-0.2006265,76.7822,10.26671,272.649,True,21,5,0
136.6229,-0.05423099,0.04721253,-0.2009129,76.82471,9.940707,272.3658,True,21,5,0
136.6275,-0.05417339,0.04733798,-0.2008916,76.80249,9.922497,272.33,True,21,5,0
136.6311,-0.0541199,0.04745433,-0.2008719,76.78201,9.905672,272.2968,True,21,5,0
136.6353,-0.05410349,0.0475834,-0.2007138,76.71673,9.867463,272.2441,True,21,5,0
136.6389,-0.05406222,0.04768485,-0.2006907,76.69655,9.851684,272.2136,True,21,5,0
136.6429,-0.05379061,0.04790267,-0.2003783,76.57008,10.14284,272.4685,True,21,5,0
136.6465,-0.05373944,0.0480352,-0.2003382,76.54089,10.13603,272.4427,True,21,5,0
136.651,-0.05340605,0.04824606,-0.2002204,76.46329,10.49512,272.7522,True,21,5,0
136.6543,-0.05336005,0.04835498,-0.2001899,76.43931,10.50118,272.7427,True,21,5,0
136.6581,-0.05350911,0.04854657,-0.2002923,76.44055,10.23977,272.4803,True,21,5,0
136.6619,-0.05346388,0.04867752,-0.2002736,76.41544,10.23735,272.4615,True,21,5,0
136.6656,-0.0532527,0.0489123,-0.2001694,76.32801,10.37736,272.5851,True,21,5,0
136.6697,-0.05318355,0.04909325,-0.2001559,76.29276,10.38079,272.5674,True,21,5,0
136.6776,-0.05282612,0.0493855,-0.2001878,76.24546,10.81305,272.941,True,21,5,0
136.6815,-0.05277248,0.04952604,-0.2001739,76.21818,10.82971,272.9404,True,21,5,0
136.6847,-0.05234715,0.04964899,-0.2001848,76.17171,11.39085,273.4834,True,21,5,0
136.6883,-0.05227805,0.04980755,-0.2001714,76.13947,11.4312,273.5038,True,21,5,0
136.6926,-0.05193893,0.05009325,-0.2001334,76.0712,11.65768,273.7847,True,21,5,0
136.697,-0.05183411,0.05029163,-0.2001274,76.03371,11.70985,273.8181,True,21,5,0
136.7021,-0.05188446,0.05060805,-0.1998788,75.93434,11.29936,273.3534,True,21,5,0
136.7063,-0.05177874,0.05079086,-0.1998655,75.8993,11.32706,273.3633,True,21,5,0
136.7102,-0.05188674,0.05098353,-0.1997892,75.86993,11.01499,273.0538,True,21,5,0
136.7138,-0.05178205,0.05116871,-0.1997698,75.83504,11.02935,273.0511,True,21,5,0
136.7178,-0.05189884,0.05144888,-0.1994449,75.72717,10.64044,272.6356,True,21,5,0
136.7211,-0.05181297,0.05160944,-0.199419,75.69627,10.63999,272.6209,True,21,5,0
136.7351,-0.05119416,0.05226891,-0.1994612,75.64877,10.70838,272.6487,True,21,5,0
136.7402,-0.05092178,0.05247159,-0.1992088,75.57682,10.73073,272.6588,True,21,5,0
136.7443,-0.05075329,0.05267552,-0.1991375,75.53799,10.73383,272.6442,True,21,5,0
136.7491,-0.05095934,0.05294207,-0.1991044,75.56415,10.26075,272.1687,True,21,5,0
136.7524,-0.05084085,0.05310903,-0.1990418,75.53772,10.24795,272.1434,True,21,5,0
136.7557,-0.05070363,0.05330208,-0.1989694,75.50712,10.23326,272.1142,True,21,5,0
136.7612,-0.05080851,0.05346332,-0.1992733,75.60517,10.03643,271.9787,True,21,5,0
136.7657,-0.05076978,0.05354963,-0.1993719,75.63483,10.08913,272.0462,True,21,5,0
136.7692,-0.05067373,0.05372381,-0.1993145,75.61164,10.06967,272.0162,True,21,5,0
136.7731,-0.05058046,0.05389267,-0.1992589,75.58907,10.05089,271.9872,True,21,5,0
136.7816,-0.05066231,0.05434474,-0.198742,75.4363,9.683118,271.6137,True,21,5,0
136.7863,-0.05058388,0.05452926,-0.1986628,75.40768,9.651088,271.5712,True,21,5,0
136.7903,-0.05021472,0.0547017,-0.1984112,75.322,9.897632,271.7613,True,21,5,0
136.796,-0.05009311,0.05492367,-0.1982936,75.28209,9.871767,271.7195,True,21,5,0
136.8,-0.04984978,0.05506462,-0.1984136,75.30231,9.93896,271.7935,True,21,5,0
136.8051,-0.04971848,0.05526276,-0.1983259,75.26956,9.917684,271.759,True,21,5,0
136.8102,-0.04946082,0.05545402,-0.1983634,75.26041,10.02056,271.8875,True,21,5,0
136.8146,-0.04982378,0.05566795,-0.1981952,75.2134,9.459388,271.3436,True,21,5,0
136.8188,-0.04974741,0.05581748,-0.1981423,75.19023,9.42477,271.3011,True,21,5,0
136.8232,-0.04975446,0.05596304,-0.198205,75.20635,9.293876,271.1454,True,21,5,0
136.8355,-0.04923593,0.05640221,-0.1982211,75.1697,9.528088,271.3556,True,21,5,0
136.8401,-0.04917184,0.05651444,-0.1984025,75.22247,9.385581,271.184,True,21,5,0
136.8432,-0.04908863,0.05663872,-0.1983753,75.20731,9.360061,271.1508,True,21,5,0
136.846,-0.04900908,0.05675745,-0.1983494,75.19277,9.335734,271.119,True,21,5,0
136.8505,-0.04918173,0.05694473,-0.1981017,75.1191,8.886515,270.6259,True,21,5,0
136.8542,-0.04908816,0.05709115,-0.1980629,75.09883,8.840675,270.5695,True,21,5,0
136.8579,-0.04919691,0.05720048,-0.1979919,75.07967,8.572995,270.3165,True,21,5,0
136.8617,-0.0491233,0.05732261,-0.1979562,75.06197,8.52661,270.2617,True,21,5,0
136.8651,-0.0490138,0.05739065,-0.1979632,75.06392,8.638988,270.3776,True,21,5,0
136.8696,-0.04892461,0.05755623,-0.1979101,75.04071,8.578048,270.3057,True,21,5,0
136.8739,-0.04865919,0.05762759,-0.1979232,75.03448,8.765713,270.4787,True,21,5,0
136.8772,-0.04858822,0.05773789,-0.1978855,75.01836,8.72982,270.4347,True,21,5,0
136.8806,-0.04852467,0.05783658,-0.1978517,75.00385,8.697764,270.3954,True,21,5,0
136.8855,-0.04837936,0.05795716,-0.1981115,75.05348,8.782146,270.4174,True,21,5,0
136.8895,-0.04829541,0.0580935,-0.1980881,75.03693,8.744308,270.3676,True,21,5,0
136.8933,-0.04846912,0.05833283,-0.1980219,74.99509,8.309841,269.8684,True,21,5,0
136.8964,-0.04840894,0.05844277,-0.1980132,74.98253,8.271512,269.82,True,21,5,0
136.8999,-0.04854428,0.05855043,-0.197832,74.92201,7.980269,269.4796,True,21,5,0
136.9044,-0.04847365,0.05869235,-0.1978119,74.90228,7.916233,269.3998,True,21,5,0
136.9083,-0.04854953,0.05877376,-0.1976363,74.8539,7.802799,269.2316,True,21,5,0
136.9118,-0.04850725,0.0588851,-0.1976061,74.83571,7.746067,269.1597,True,21,5,0
136.9158,-0.04834923,0.05898611,-0.1974887,74.80264,7.99313,269.3564,True,21,5,0
136.9201,-0.04832052,0.05910997,-0.1974386,74.78128,7.940081,269.2847,True,21,5,0
136.9238,-0.0480843,0.05926123,-0.1974944,74.78963,8.147442,269.5107,True,21,5,0
136.9273,-0.04805617,0.0593603,-0.1974586,74.7749,8.116856,269.4675,True,21,5,0
136.9358,-0.04800097,0.05963865,-0.1977428,74.83775,7.971245,269.3408,True,21,5,0
136.9402,-0.04790252,0.05971593,-0.1978329,74.84176,7.980006,269.2913,True,21,5,0
136.9438,-0.04785614,0.05983469,-0.197822,74.82851,7.944292,269.241,True,21,5,0
136.9478,-0.04780816,0.05995749,-0.1978109,74.81485,7.907442,269.1891,True,21,5,0
136.9515,-0.04778891,0.06000847,-0.1977815,74.77551,7.811133,269.0953,True,21,5,0
136.9547,-0.04774737,0.06009936,-0.1977805,74.76352,7.779481,269.0518,True,21,5,0
136.9579,-0.04766253,0.06021352,-0.1977113,74.70988,7.639856,268.8943,True,21,5,0
136.9615,-0.0476072,0.06030166,-0.1977164,74.69667,7.605379,268.8479,True,21,5,0
136.9654,-0.04754008,0.06040858,-0.1977226,74.68066,7.563648,268.7917,True,21,5,0
136.9687,-0.0476112,0.06065467,-0.1974577,74.5677,7.279062,268.4404,True,21,5,0
136.9725,-0.04755282,0.06075945,-0.1974611,74.5503,7.235013,268.3819,True,21,5,0
136.9767,-0.04752388,0.06094205,-0.1971309,74.42694,7.088666,268.2022,True,21,5,0
136.9799,-0.04746481,0.0610487,-0.1971225,74.40523,7.040457,268.1385,True,21,5,0
136.984,-0.0471607,0.06114607,-0.1975356,74.48239,7.106194,268.1951,True,21,5,0
136.988,-0.04705948,0.0612763,-0.1975567,74.46207,7.055923,268.1272,True,21,5,0
136.9916,-0.04700788,0.06130727,-0.197668,74.48962,7.021551,268.0832,True,21,5,0
136.995,-0.04693345,0.06139785,-0.1976811,74.47565,6.987153,268.0367,True,21,5,0
136.9987,-0.04683939,0.06151231,-0.1976976,74.45795,6.943732,267.9781,True,21,5,0
137.0026,-0.04689322,0.06168602,-0.1974186,74.36984,6.715736,267.6899,True,21,5,0
137.0068,-0.04706334,0.06185147,-0.1972536,74.34229,6.420141,267.402,True,21,5,0
137.0109,-0.04698444,0.06199019,-0.1972254,74.31918,6.355082,267.3191,True,21,5,0
137.0146,-0.04698597,0.06210484,-0.1971825,74.31815,6.365611,267.2851,True,21,5,0
137.0192,-0.04693615,0.062233,-0.1971423,74.29768,6.308954,267.2109,True,21,5,0
137.0224,-0.04689116,0.06234854,-0.197106,74.27929,6.25801,267.1441,True,21,5,0
137.0269,-0.04669546,0.06245504,-0.1969847,74.24532,6.447274,267.2569,True,21,5,0
137.0301,-0.04666004,0.06255093,-0.1969446,74.22903,6.410666,267.2049,True,21,5,0
137.0333,-0.04625526,0.06259187,-0.1969223,74.20957,6.768424,267.5406,True,21,5,0
137.0367,-0.04620835,0.06267509,-0.1968826,74.19376,6.745937,267.503,True,21,5,0
137.0397,-0.04615791,0.06276445,-0.1968399,74.17673,6.721875,267.4627,True,21,5,0
137.0435,-0.04599906,0.06277435,-0.1973692,74.32829,6.813078,267.6533,True,21,5,0
137.0478,-0.04590719,0.06291617,-0.197337,74.311,6.781891,267.6033,True,21,5,0
137.0519,-0.04573163,0.06297675,-0.1974129,74.30499,6.85412,267.6937,True,21,5,0
137.0551,-0.04566232,0.06306918,-0.1974043,74.29405,6.834494,267.6622,True,21,5,0
137.0591,-0.04601318,0.06323917,-0.1971949,74.21387,6.259656,267.072,True,21,5,0
137.062,-0.04596557,0.06331569,-0.1971894,74.20322,6.229075,267.0319,True,21,5,0
137.0653,-0.04590043,0.06341425,-0.1970459,74.14522,6.179505,266.9653,True,21,5,0
137.0686,-0.04583541,0.0635131,-0.1970337,74.12891,6.137771,266.9104,True,21,5,0
137.0724,-0.04577614,0.06360313,-0.1970227,74.11407,6.099807,266.8605,True,21,5,0
137.0766,-0.04553772,0.06372094,-0.1968892,74.05902,6.25876,266.9354,True,21,5,0
137.0802,-0.04546169,0.0638289,-0.1968677,74.03921,6.220829,266.8798,True,21,5,0
137.0849,-0.04531691,0.06393126,-0.1968114,74.03238,6.317578,266.9157,True,21,5,0
137.0887,-0.04524485,0.06403919,-0.1967764,74.01323,6.285706,266.8644,True,21,5,0
137.0964,-0.0448091,0.06422137,-0.1966835,73.97935,6.544968,267.0962,True,21,5,0
137.1006,-0.04447917,0.06437518,-0.1969469,74.0409,6.71654,267.3071,True,21,5,0
137.1062,-0.04434777,0.06452404,-0.1969154,74.02216,6.702271,267.2729,True,21,5,0
137.1102,-0.04476785,0.06468527,-0.1968672,74.02382,6.042926,266.6182,True,21,5,0
137.1131,-0.04469287,0.06478932,-0.1968451,74.0122,6.012486,266.5756,True,21,5,0
137.1176,-0.04485807,0.06492075,-0.1966392,73.95798,5.716057,266.1884,True,21,5,0
137.1217,-0.04477538,0.06505403,-0.1965975,73.94057,5.664576,266.1173,True,21,5,0
137.1254,-0.04455714,0.06516844,-0.196521,73.90528,5.879887,266.2512,True,21,5,0
137.1284,-0.04450722,0.06525466,-0.1964927,73.89336,5.853823,266.2104,True,21,5,0
137.1314,-0.04445133,0.0653511,-0.196461,73.87997,5.824736,266.1649,True,21,5,0
137.1357,-0.04415175,0.06546804,-0.1964018,73.85494,6.084063,266.3552,True,21,5,0
137.1453,-0.04333825,0.06584518,-0.1961598,73.72405,6.658618,266.8029,True,21,5,0
137.1495,-0.04287509,0.06595664,-0.196272,73.71861,6.992138,267.1421,True,21,5,0
137.1529,-0.04276942,0.06606196,-0.1962529,73.7017,7.002177,267.1317,True,21,5,0
137.1562,-0.0426495,0.06618136,-0.1962312,73.68252,7.013544,267.1198,True,21,5,0
137.1606,-0.04278851,0.06635334,-0.1963803,73.69844,6.514262,266.6249,True,21,5,0
137.1637,-0.04267459,0.06646223,-0.19638,73.68381,6.507919,266.6003,True,21,5,0
137.167,-0.04251642,0.06656426,-0.1964621,73.68878,6.516412,266.6074,True,21,5,0
137.1719,-0.04234822,0.06671846,-0.1964705,73.66965,6.508162,266.5754,True,21,5,0
137.1762,-0.04206914,0.06693494,-0.1961303,73.55775,6.600322,266.5695,True,21,5,0
137.179,-0.04195153,0.06704021,-0.1961189,73.54188,6.598001,266.5488,True,21,5,0
137.1826,-0.04149038,0.06723651,-0.1957003,73.41282,6.770525,266.5788,True,21,5,0
137.1867,-0.04129469,0.06738015,-0.1956564,73.3864,6.775023,266.5529,True,21,5,0
137.1907,-0.04088456,0.0675061,-0.1955752,73.37366,6.875817,266.657,True,21,5,0
137.1943,-0.04071174,0.06761502,-0.1955291,73.35373,6.88258,266.6415,True,21,5,0
137.1981,-0.04071648,0.06771459,-0.1957057,73.41846,6.649549,266.4239,True,21,5,0
137.2009,-0.0405493,0.06782584,-0.1956663,73.40205,6.648655,266.4029,True,21,5,0
137.2057,-0.04030735,0.06798662,-0.1956095,73.37834,6.647425,266.3726,True,21,5,0
137.2096,-0.03984241,0.06828159,-0.1953468,73.31212,6.670743,266.303,True,21,5,0
137.2126,-0.03963225,0.06841709,-0.1952903,73.29317,6.670755,266.2794,True,21,5,0
137.2167,-0.03943801,0.06849088,-0.1953913,73.34104,6.684649,266.2849,True,21,5,0
137.2204,-0.03920965,0.06863686,-0.1953273,73.32251,6.68516,266.26,True,21,5,0
137.2238,-0.0390026,0.06880532,-0.1951021,73.25577,6.601992,266.0798,True,21,5,0
137.2277,-0.03878282,0.06894055,-0.1950361,73.23656,6.599676,266.0508,True,21,5,0
137.2314,-0.03854496,0.06908673,-0.1949649,73.21575,6.597174,266.0196,True,21,5,0
137.2346,-0.03875319,0.06918152,-0.1949227,73.21857,6.136318,265.5931,True,21,5,0
137.2383,-0.0385394,0.06931739,-0.1948563,73.19958,6.117756,265.5493,True,21,5,0
137.2427,-0.03825061,0.0694747,-0.1951494,73.31698,6.149526,265.5559,True,21,5,0
137.2464,-0.03801111,0.06964016,-0.1950818,73.30178,6.131285,265.5103,True,21,5,0
137.2504,-0.03797214,0.06976378,-0.1949453,73.26471,5.988406,265.2516,True,21,5,0
137.2545,-0.03774067,0.06992714,-0.1948738,73.24786,5.964524,265.1954,True,21,5,0
137.2584,-0.03736616,0.07000265,-0.1950306,73.29009,6.11045,265.3372,True,21,5,0
137.2621,-0.03717267,0.07012849,-0.1949836,73.27847,6.097229,265.2985,True,21,5,0
137.2655,-0.03708019,0.07024227,-0.1948419,73.23962,5.948129,265.0438,True,21,5,0
137.2691,-0.03685556,0.07038283,-0.1947842,73.225,5.927502,264.9902,True,21,5,0
137.2729,-0.03664177,0.07051644,-0.1947296,73.21111,5.907919,264.9391,True,21,5,0
137.2772,-0.03662331,0.07068624,-0.1945988,73.18174,5.707314,264.6795,True,21,5,0
137.2804,-0.03647256,0.07078844,-0.1945549,73.17075,5.687765,264.6356,True,21,5,0
137.2834,-0.03615939,0.07098135,-0.194069,73.01311,5.817475,264.7188,True,21,5,0
137.2881,-0.03590349,0.0711485,-0.1939742,72.9873,5.792303,264.6513,True,21,5,0
137.292,-0.03560784,0.07128091,-0.1942123,73.03075,5.782586,264.6404,True,21,5,0
137.2956,-0.03542232,0.07139923,-0.1941699,73.01494,5.767238,264.5992,True,21,5,0
137.3037,-0.03489914,0.07163973,-0.1943127,73.05313,5.848668,264.5858,True,21,5,0
137.3087,-0.03448604,0.07173462,-0.1942629,73.03931,6.124752,264.7539,True,21,5,0
137.3117,-0.03431096,0.07184282,-0.1942226,73.02612,6.122797,264.7228,True,21,5,0
137.3152,-0.03398762,0.0718891,-0.1943554,73.07433,6.256321,264.8846,True,21,5,0
137.3189,-0.03377775,0.07201247,-0.1943069,73.06046,6.254148,264.8517,True,21,5,0
137.3233,-0.03367162,0.07225105,-0.1939754,72.96532,6.075244,264.6211,True,21,5,0
137.3271,-0.03349004,0.0723661,-0.1939215,72.95007,6.067279,264.5852,True,21,5,0
137.3302,-0.03332297,0.07247184,-0.193872,72.9361,6.059978,264.5522,True,21,5,0
137.3333,-0.03333771,0.07262093,-0.1934263,72.81721,5.841264,264.2198,True,21,5,0
137.3378,-0.03313003,0.0727516,-0.1933387,72.7944,5.823334,264.1645,True,21,5,0
137.3414,-0.03296754,0.07284084,-0.1933111,72.79504,5.744414,264.1047,True,21,5,0
137.3444,-0.03280021,0.0729408,-0.1932444,72.77824,5.729239,264.0625,True,21,5,0
137.3472,-0.03266731,0.07302009,-0.1931916,72.76488,5.71726,264.029,True,21,5,0
137.3503,-0.03234481,0.07300468,-0.1935254,72.87722,5.94695,264.1761,True,21,5,0
137.3548,-0.03211985,0.07313503,-0.1934492,72.86033,5.937211,264.1275,True,21,5,0
137.3593,-0.03169132,0.07313342,-0.1936302,72.95213,6.14588,264.2879,True,21,5,0
137.3631,-0.03151016,0.0732255,-0.1935681,72.94261,6.14536,264.2571,True,21,5,0
137.3663,-0.03140799,0.07323794,-0.1935132,72.9475,6.087324,264.1901,True,21,5,0
137.3699,-0.03124306,0.07331401,-0.1934516,72.93903,6.085057,264.16,True,21,5,0
137.3736,-0.03106144,0.07333137,-0.193602,72.98808,6.108147,264.1476,True,21,5,0
137.3764,-0.03092193,0.07339311,-0.1935591,72.98246,6.106936,264.1225,True,21,5,0
137.3796,-0.03073939,0.07347383,-0.1935032,72.97516,6.1054,264.0896,True,21,5,0
137.3833,-0.03101179,0.07356957,-0.1934412,72.96344,5.564023,263.602,True,21,5,0
137.3875,-0.03080903,0.07366592,-0.1933849,72.95463,5.539013,263.5442,True,21,5,0
137.3915,-0.03089351,0.0737655,-0.1931131,72.89146,5.351324,263.405,True,21,5,0
137.3952,-0.03075754,0.07383662,-0.1930582,72.88281,5.326626,263.3568,True,21,5,0
137.3998,-0.03001257,0.073991,-0.1929986,72.84489,5.666611,263.6145,True,21,5,0
137.4065,-0.02968506,0.07413286,-0.1929119,72.82702,5.644025,263.5447,True,21,5,0
137.4111,-0.02951775,0.07418124,-0.1927751,72.78277,5.674568,263.5693,True,21,5,0
137.4161,-0.02942421,0.0741822,-0.1927016,72.76464,5.749063,263.6238,True,21,5,0
137.42,-0.02927524,0.07424061,-0.1926474,72.75264,5.739755,263.5874,True,21,5,0
137.4237,-0.02918071,0.07435691,-0.1924311,72.67918,5.691234,263.4294,True,21,5,0
137.4282,-0.02903306,0.07441989,-0.1923733,72.66405,5.680054,263.3865,True,21,5,0
137.4311,-0.02893072,0.07446347,-0.1923333,72.65353,5.672338,263.3568,True,21,5,0
137.4337,-0.02866969,0.07447305,-0.1924827,72.6873,5.820329,263.554,True,21,5,0
137.4371,-0.02855197,0.07452208,-0.1924465,72.67663,5.812397,263.5238,True,21,5,0
137.4403,-0.02837949,0.07446226,-0.1926528,72.74712,6.00502,263.7442,True,21,5,0
137.4439,-0.02825347,0.07451218,-0.1926144,72.73767,6.00352,263.718,True,21,5,0
137.4476,-0.02814276,0.07455604,-0.1925807,72.72939,6.002208,263.695,True,21,5,0
137.4521,-0.02784345,0.07447818,-0.1931126,72.91223,6.141815,263.9018,True,21,5,0
137.4553,-0.02771005,0.07452643,-0.1930919,72.91038,6.145491,263.8857,True,21,5,0
137.46,-0.02783503,0.07430346,-0.1937204,73.13255,6.05803,263.9176,True,21,5,0
137.4633,-0.02773432,0.07433179,-0.1937186,73.1385,6.058249,263.9045,True,21,5,0
137.4662,-0.0275645,0.07444951,-0.1934422,73.05307,6.03748,263.7346,True,21,5,0
137.4694,-0.02746933,0.07447681,-0.1934341,73.05544,6.037013,263.7186,True,21,5,0
137.4721,-0.0273774,0.0745032,-0.1934263,73.05773,6.036567,263.7032,True,21,5,0
137.4761,-0.02735952,0.07456706,-0.193163,72.98814,5.965228,263.555,True,21,5,0
137.4793,-0.02725602,0.07459593,-0.1931427,72.98851,5.962213,263.5313,True,21,5,0
137.4832,-0.02721466,0.07459363,-0.1930205,72.96616,5.982724,263.5754,True,21,5,0
137.4867,-0.02712771,0.07461351,-0.1929954,72.96642,5.980031,263.5543,True,21,5,0
137.4905,-0.02715926,0.07459815,-0.1931986,73.02895,5.881764,263.5286,True,21,5,0
137.494,-0.0270834,0.07461855,-0.1931879,73.0312,5.876179,263.5085,True,21,5,0
137.4973,-0.02701098,0.07463804,-0.1931777,73.03339,5.870847,263.4893,True,21,5,0
137.5002,-0.02674707,0.07451089,-0.1937849,73.20521,6.160588,263.9635,True,21,5,0
137.5039,-0.02666976,0.0745281,-0.1938009,73.21315,6.165029,263.9602,True,21,5,0
137.5075,-0.02640336,0.07446599,-0.1940816,73.29193,6.497648,264.3526,True,21,5,0
137.5111,-0.02631576,0.0744818,-0.1941139,73.30472,6.517477,264.3657,True,21,5,0
137.5147,-0.02624577,0.07449447,-0.1941396,73.31493,6.533349,264.3762,True,21,5,0
137.5183,-0.02618178,0.07451157,-0.1942053,73.31555,6.561517,264.4396,True,21,5,0
137.5216,-0.02610973,0.07452551,-0.1942409,73.3258,6.577505,264.4502,True,21,5,0
137.5253,-0.02612631,0.07468548,-0.1936579,73.13651,6.389708,264.0771,True,21,5,0
137.5289,-0.02605107,0.07469968,-0.1936752,73.13941,6.398081,264.0731,True,21,5,0
137.5324,-0.02607307,0.07480618,-0.1933082,73.02057,6.308701,263.8733,True,21,5,0
137.5353,-0.02601525,0.07481875,-0.193312,73.01915,6.31277,263.8633,True,21,5,0
137.5387,-0.02595796,0.0748312,-0.1933159,73.01775,6.316824,263.8535,True,21,5,0
137.5424,-0.02596539,0.07488768,-0.1930982,72.95268,6.265332,263.7468,True,21,5,0
137.5464,-0.02589639,0.07490376,-0.1930911,72.94785,6.268353,263.7291,True,21,5,0
137.5504,-0.02591217,0.07494983,-0.1929139,72.92053,6.171122,263.5675,True,21,5,0
137.5536,-0.02586032,0.0749642,-0.192893,72.91621,6.17027,263.5495,True,21,5,0
137.5568,-0.02544116,0.07486396,-0.1933743,73.07688,6.638952,264.1255,True,21,5,0
137.5607,-0.02537541,0.07488133,-0.1933611,73.07832,6.655641,264.1283,True,21,5,0
137.5644,-0.02530894,0.0748989,-0.1933479,73.07983,6.672506,264.1311,True,21,5,0
137.5676,-0.02491995,0.07481255,-0.1936068,73.17066,7.044724,264.5394,True,21,5,0
137.572,-0.02483279,0.07482539,-0.1935963,73.1757,7.077099,264.5584,True,21,5,0
137.5754,-0.0246167,0.07476561,-0.1938177,73.25625,7.167284,264.7192,True,21,5,0
137.5783,-0.02452728,0.0747743,-0.1938144,73.26284,7.1961,264.7397,True,21,5,0
137.5822,-0.02431421,0.07478499,-0.1938748,73.29537,7.206499,264.7867,True,21,5,0
137.5856,-0.0241989,0.07479894,-0.1938669,73.30158,7.233955,264.8062,True,21,5,0
137.5889,-0.02407554,0.07481393,-0.1938584,73.30822,7.263346,264.8272,True,21,5,0
137.593,-0.02433155,0.07487044,-0.1933345,73.18772,6.860063,264.2534,True,21,5,0
137.5959,-0.02424507,0.07487588,-0.1933058,73.18928,6.870495,264.2521,True,21,5,0
137.5989,-0.02444663,0.07488263,-0.1930648,73.14565,6.633891,263.9105,True,21,5,0
137.6019,-0.02436792,0.07488346,-0.1930198,73.14591,6.637066,263.8972,True,21,5,0
137.6057,-0.02428621,0.07488433,-0.1929731,73.1461,6.640328,263.8833,True,21,5,0
137.6126,-0.0242869,0.07486278,-0.1927844,73.15648,6.481359,263.6149,True,21,5,0
137.6169,-0.02403016,0.0746547,-0.1934492,73.38367,6.718899,263.991,True,21,5,0
137.6207,-0.02394055,0.07464689,-0.1934126,73.39285,6.725844,263.9834,True,21,5,0
137.6241,-0.02370098,0.07452898,-0.193763,73.50864,6.960195,264.2506,True,21,5,0
137.6284,-0.02359913,0.07451451,-0.1937425,73.52325,6.977616,264.254,True,21,5,0
137.6319,-0.0236283,0.07446474,-0.1937484,73.53835,6.958406,264.227,True,21,5,0
137.6351,-0.02355227,0.07444663,-0.1937288,73.55015,6.972509,264.2298,True,21,5,0
137.6394,-0.02347002,0.07442714,-0.1937075,73.56293,6.987759,264.2327,True,21,5,0
137.6435,-0.02354528,0.07439195,-0.1938628,73.61443,6.762846,264.0726,True,21,5,0
137.647,-0.0234613,0.07437532,-0.1938587,73.62809,6.768907,264.0696,True,21,5,0
137.6506,-0.02345792,0.07433797,-0.1939798,73.67242,6.730342,264.0703,True,21,5,0
137.6537,-0.02339411,0.07432461,-0.1939835,73.68455,6.733716,264.0679,True,21,5,0
137.6567,-0.02339615,0.07428242,-0.1940177,73.71576,6.728834,264.079,True,21,5,0
137.6606,-0.02333516,0.07426542,-0.1940187,73.72962,6.732333,264.0768,True,21,5,0
137.6644,-0.02326928,0.07424711,-0.1940198,73.74461,6.736085,264.0745,True,21,5,0
137.6683,-0.02313468,0.07420334,-0.1939136,73.73539,6.832892,264.1613,True,21,5,0
137.6728,-0.02306778,0.07417634,-0.1939039,73.75042,6.836736,264.159,True,21,5,0
137.6777,-0.02278766,0.07414138,-0.1938211,73.76327,7.013174,264.2922,True,21,5,0
137.6815,-0.02275907,0.07405742,-0.1938951,73.83286,7.061008,264.3057,True,21,5,0
137.6854,-0.02269425,0.07402782,-0.1938634,73.84888,7.072285,264.309,True,21,5,0
137.689,-0.0226261,0.07399681,-0.19383,73.86571,7.084136,264.3124,True,21,5,0
137.693,-0.02269765,0.0738771,-0.1940642,73.95596,7.078356,264.2877,True,21,5,0
137.6957,-0.0226636,0.07385194,-0.1940512,73.96917,7.085784,264.2892,True,21,5,0
137.6989,-0.02260079,0.07376787,-0.1939872,73.97243,7.235595,264.3767,True,21,5,0
137.7018,-0.02257121,0.07372518,-0.1939652,73.98875,7.250156,264.3818,True,21,5,0
137.706,-0.02253711,0.07367608,-0.19394,74.00761,7.266958,264.3878,True,21,5,0
137.71,-0.02205948,0.07359067,-0.1940091,74.01585,7.83949,264.9202,True,21,5,0
137.7132,-0.02202024,0.07354036,-0.1939965,74.0321,7.875123,264.9451,True,21,5,0
137.717,-0.02166661,0.07352604,-0.1940627,74.02114,8.263603,265.302,True,21,5,0
137.7211,-0.0216126,0.07347289,-0.1940682,74.03815,8.317818,265.3434,True,21,5,0
137.7244,-0.02136449,0.0734697,-0.194105,74.02752,8.572226,265.5742,True,21,5,0
137.728,-0.02131374,0.07342994,-0.1941206,74.04057,8.623288,265.6144,True,21,5,0
137.7307,-0.02127155,0.07339694,-0.1941336,74.05144,8.665773,265.6478,True,21,5,0
137.7336,-0.02104824,0.07340173,-0.1941556,74.02303,8.89503,265.8754,True,21,5,0
137.7373,-0.02099047,0.07336278,-0.1941851,74.03507,8.954448,265.9239,True,21,5,0
137.7411,-0.02079077,0.07336198,-0.1941908,74.00765,9.102322,266.0526,True,21,5,0
137.7443,-0.02072629,0.07332726,-0.1942285,74.01764,9.161845,266.1014,True,21,5,0
137.7473,-0.0206703,0.07329713,-0.1942612,74.0263,9.213565,266.1438,True,21,5,0
137.7514,-0.02051347,0.07330444,-0.194227,74.00159,9.312555,266.2142,True,21,5,0
137.7545,-0.0204471,0.07327501,-0.1942632,74.00986,9.369225,266.2603,True,21,5,0
137.7578,-0.0203262,0.07327509,-0.1942036,73.99005,9.408481,266.2751,True,21,5,0
137.7689,-0.01991047,0.07319984,-0.1942095,74.0047,9.580658,266.351,True,21,5,0
137.7727,-0.0198017,0.07317027,-0.1942356,74.01275,9.643581,266.3996,True,21,5,0
137.7761,-0.01956424,0.07317694,-0.194225,74.0457,9.656199,266.3594,True,21,5,0
137.7795,-0.01942388,0.07315497,-0.1942371,74.05486,9.71907,266.4062,True,21,5,0
137.783,-0.0198067,0.07320707,-0.1935502,73.9232,9.043315,265.6461,True,21,5,0
137.7863,-0.01969279,0.07318377,-0.1935206,73.92663,9.073055,265.6595,True,21,5,0
137.7891,-0.01957544,0.07315987,-0.1934902,73.93021,9.103741,265.6735,True,21,5,0
137.7931,-0.0194765,0.07294101,-0.194075,74.17179,9.212431,265.9153,True,21,5,0
137.7961,-0.01936966,0.07291631,-0.1940524,74.18201,9.242666,265.935,True,21,5,0
137.7995,-0.01888442,0.07269812,-0.1944263,74.34689,9.79215,266.4714,True,21,5,0
137.8029,-0.01876238,0.0726606,-0.1943982,74.3625,9.841493,266.5096,True,21,5,0
137.8058,-0.01864587,0.07262491,-0.1943713,74.3774,9.888678,266.5462,True,21,5,0
137.8101,-0.0184473,0.07247573,-0.1945412,74.49135,10.00144,266.5483,True,21,5,0
137.8132,-0.01831039,0.07243079,-0.1945084,74.51122,10.05645,266.5882,True,21,5,0
137.8166,-0.0188064,0.07238425,-0.1939447,74.4129,9.414646,265.7466,True,21,5,0
137.8212,-0.01866193,0.07230456,-0.1938647,74.43481,9.455558,265.7579,True,21,5,0
137.8252,-0.01821996,0.07231556,-0.193509,74.3566,9.579836,265.8374,True,21,5,0
137.829,-0.01807575,0.07225749,-0.1934392,74.36965,9.614738,265.8488,True,21,5,0
137.8326,-0.01780307,0.07223499,-0.1933011,74.3401,9.860905,266.0614,True,21,5,0
137.8356,-0.0176749,0.07218204,-0.1932381,74.35075,9.900213,266.0787,True,21,5,0
137.8395,-0.01752293,0.07211939,-0.1931635,74.36329,9.946836,266.0992,True,21,5,0
137.8431,-0.01791414,0.07194328,-0.1931948,74.39692,9.69671,265.8904,True,21,5,0
137.8539,-0.01754453,0.07150859,-0.1934157,74.5179,10.09544,266.2421,True,21,5,0
137.8589,-0.01740123,0.07135274,-0.1936552,74.59395,10.24533,266.3461,True,21,5,0
137.8627,-0.01732196,0.07126264,-0.1936441,74.61064,10.2921,266.3718,True,21,5,0
137.8664,-0.01670195,0.07114889,-0.1940977,74.7095,10.89155,266.9224,True,21,5,0
137.8723,-0.01652358,0.07101645,-0.1941323,74.74062,10.99981,266.9954,True,21,5,0
137.8757,-0.01624695,0.0709552,-0.1942872,74.77782,11.14112,267.1321,True,21,5,0
137.8787,-0.01612557,0.07088327,-0.1943182,74.79631,11.20635,267.1776,True,21,5,0
137.8825,-0.01602427,0.07087956,-0.1936978,74.62919,11.11211,266.9668,True,21,5,0
137.8858,-0.01590385,0.07079881,-0.1937022,74.64143,11.17147,267.003,True,21,5,0
137.8884,-0.01579238,0.07072416,-0.1937062,74.65276,11.22644,267.0365,True,21,5,0
137.8929,-0.01532969,0.07053298,-0.1939746,74.75674,11.58291,267.4885,True,21,5,0
137.8963,-0.01517926,0.07044496,-0.1939813,74.77241,11.65553,267.5414,True,21,5,0
137.8994,-0.01494601,0.07020798,-0.1942776,74.92439,11.88359,267.7876,True,21,5,0
137.9034,-0.01478093,0.07010733,-0.1942743,74.94565,11.9663,267.8511,True,21,5,0
137.9069,-0.01535027,0.06998649,-0.1941105,75.0069,11.19631,267.0508,True,21,5,0
137.9102,-0.01522247,0.06989512,-0.1940847,75.02797,11.24258,267.079,True,21,5,0
137.9139,-0.0150652,0.06978299,-0.1940531,75.0539,11.29959,267.1139,True,21,5,0
137.9263,-0.01441098,0.06949404,-0.1941815,75.18932,11.35097,267.1576,True,21,5,0
137.9302,-0.01424759,0.06940907,-0.1941691,75.21307,11.39514,267.1853,True,21,5,0
137.9339,-0.01411569,0.06923732,-0.1946608,75.33334,11.3988,267.2808,True,21,5,0
137.937,-0.0139783,0.06916583,-0.1946861,75.3555,11.43444,267.306,True,21,5,0
137.9408,-0.01382487,0.06910664,-0.194819,75.36451,11.29495,267.031,True,21,5,0
137.9439,-0.01364064,0.06902155,-0.1948799,75.39143,11.33205,267.0506,True,21,5,0
137.9477,-0.01345808,0.06893748,-0.1949404,75.41811,11.36892,267.0702,True,21,5,0
137.9513,-0.01330277,0.06882058,-0.1952494,75.49355,11.27914,266.9784,True,21,5,0
137.954,-0.01314991,0.06875433,-0.1953148,75.51598,11.30472,266.9907,True,21,5,0
137.9579,-0.01306284,0.06872332,-0.195625,75.61574,11.05984,266.7107,True,21,5,0
137.9615,-0.0128754,0.06866316,-0.195714,75.64408,11.08016,266.7151,True,21,5,0
137.9652,-0.01297928,0.06864308,-0.1957073,75.6838,10.87239,266.4868,True,21,5,0
137.9681,-0.01282248,0.06859301,-0.1957784,75.71151,10.88444,266.4835,True,21,5,0
137.9757,-0.01241243,0.06852248,-0.1958943,75.78269,11.08106,266.6982,True,21,5,0
137.9795,-0.01221956,0.06846724,-0.1959713,75.81889,11.10423,266.7036,True,21,5,0
137.9833,-0.01204741,0.06842887,-0.196125,75.88036,11.20413,266.8625,True,21,5,0
137.9862,-0.01191932,0.06839497,-0.1961783,75.90604,11.22271,266.871,True,21,5,0
137.9899,-0.01174279,0.06840321,-0.1961593,75.90109,11.22572,266.7613,True,21,5,0
137.9942,-0.01157269,0.06836307,-0.1962343,75.93433,11.24988,266.7678,True,21,5,0
137.9981,-0.01150013,0.06832062,-0.1959789,75.85023,11.27743,266.7121,True,21,5,0
138.0016,-0.01136272,0.06826642,-0.1960455,75.87831,11.3012,266.7159,True,21,5,0
138.0048,-0.01125573,0.06822436,-0.1960975,75.90018,11.31975,266.7189,True,21,5,0
138.0089,-0.01137442,0.06812087,-0.1961143,75.91595,11.2703,266.6613,True,21,5,0
138.0128,-0.01126329,0.0680498,-0.196188,75.94709,11.29391,266.663,True,21,5,0
138.0178,-0.01095914,0.06799209,-0.1964052,76.00809,11.63009,267.0601,True,21,5,0
138.0216,-0.01084943,0.06792989,-0.1964824,76.03934,11.6667,267.0789,True,21,5,0
138.0265,-0.01098341,0.06784797,-0.1963035,76.02512,11.47119,266.9281,True,21,5,0
138.0309,-0.01088673,0.06777474,-0.1963614,76.05518,11.50613,266.9459,True,21,5,0
138.0342,-0.01113209,0.06762275,-0.1964326,76.11855,11.2226,266.6414,True,21,5,0
138.0381,-0.01106998,0.06755094,-0.1964751,76.14497,11.23981,266.6441,True,21,5,0
138.0422,-0.01099969,0.06742013,-0.1966407,76.22276,11.28613,266.6737,True,21,5,0
138.0457,-0.01093425,0.06734309,-0.196683,76.25151,11.3049,266.6776,True,21,5,0
138.0492,-0.01065274,0.06728463,-0.1969004,76.31548,11.51671,266.8509,True,21,5,0
138.0522,-0.01058492,0.06722996,-0.1969411,76.33866,11.53726,266.8593,True,21,5,0
138.0562,-0.01047773,0.06714375,-0.1970055,76.37537,11.56985,266.8727,True,21,5,0
138.0599,-0.0104294,0.06692857,-0.1973207,76.47485,11.70218,267.0436,True,21,5,0
138.064,-0.01034213,0.06683166,-0.1973926,76.51096,11.73684,267.0631,True,21,5,0
138.0673,-0.01038313,0.06665567,-0.1976223,76.58106,11.76791,267.1431,True,21,5,0
138.071,-0.01032689,0.06656754,-0.1976913,76.61151,11.79638,267.1614,True,21,5,0
138.0782,-0.01028746,0.06623857,-0.1981215,76.7552,11.95272,267.3537,True,21,5,0
138.0825,-0.01012308,0.06611195,-0.1979924,76.71339,12.12485,267.5307,True,21,5,0
138.0865,-0.01007617,0.06598847,-0.1980765,76.74776,12.16619,267.5634,True,21,5,0
138.0899,-0.009761186,0.06588444,-0.1980914,76.72484,12.55083,267.9378,True,21,5,0
138.094,-0.009708861,0.06576213,-0.198178,76.7558,12.60534,267.9839,True,21,5,0
138.0979,-0.009653472,0.06563304,-0.1982694,76.7885,12.66318,268.0328,True,21,5,0
138.1015,-0.00962359,0.06551096,-0.1983857,76.79129,12.67463,268.0951,True,21,5,0
138.1048,-0.009579212,0.06540133,-0.198476,76.81754,12.72164,268.1366,True,21,5,0
138.1092,-0.01004134,0.06528196,-0.1983952,76.80463,12.14303,267.5681,True,21,5,0
138.1127,-0.01001909,0.06514888,-0.1985033,76.8344,12.17308,267.5922,True,21,5,0
138.1175,-0.01021147,0.06502026,-0.1986803,76.88815,11.92826,267.3252,True,21,5,0
138.1232,-0.01018628,0.06487808,-0.1988496,76.92411,11.98602,267.3729,True,21,5,0
138.127,-0.01017783,0.06477867,-0.198949,76.94946,12.00254,267.3839,True,21,5,0
138.1307,-0.01016778,0.0646614,-0.1990663,76.97939,12.02214,267.397,True,21,5,0
138.1352,-0.01010639,0.06461634,-0.1991055,76.99988,12.14434,267.5446,True,21,5,0
138.1396,-0.01009802,0.06450664,-0.1992165,77.0309,12.16941,267.5641,True,21,5,0
138.144,-0.009970601,0.06444651,-0.1993149,77.07336,12.41659,267.8232,True,21,5,0
138.1477,-0.00996416,0.06437011,-0.1993911,77.09753,12.44303,267.8458,True,21,5,0
138.1519,-0.009569771,0.06426333,-0.1995873,77.15578,13.10692,268.5168,True,21,5,0
138.1552,-0.009553446,0.06417635,-0.1996679,77.18454,13.16299,268.5688,True,21,5,0
138.1595,-0.009343989,0.0640451,-0.199583,77.17844,13.51881,268.9644,True,21,5,0
138.1634,-0.009326153,0.06394726,-0.1996442,77.20599,13.58757,269.0308,True,21,5,0
138.1677,-0.009274944,0.06379907,-0.1997446,77.26493,13.72811,269.2086,True,21,5,0
138.172,-0.009253578,0.06369318,-0.1998015,77.29496,13.80413,269.2838,True,21,5,0
138.1763,-0.009240499,0.06355119,-0.1999747,77.35023,13.8247,269.3227,True,21,5,0
138.1797,-0.009214403,0.06344949,-0.2000374,77.37891,13.89383,269.3917,True,21,5,0
138.1849,-0.009486812,0.06331624,-0.2000129,77.39712,13.5383,269.0327,True,21,5,0
138.1888,-0.009471599,0.06320147,-0.2000815,77.42799,13.59579,269.0899,True,21,5,0
138.1923,-0.009346054,0.06309062,-0.2001559,77.44086,13.74183,269.2201,True,21,5,0
138.1957,-0.009326563,0.06299372,-0.200215,77.465,13.79075,269.2683,True,21,5,0
138.1999,-0.009186119,0.06278501,-0.2005757,77.55636,14.06703,269.5853,True,21,5,0
138.2045,-0.009154092,0.06265353,-0.2006718,77.58939,14.13972,269.659,True,21,5,0
138.2087,-0.009082922,0.06254528,-0.2008928,77.65531,14.29679,269.8391,True,21,5,0
138.2134,-0.009041336,0.06239942,-0.2010147,77.69621,14.38912,269.9337,True,21,5,0
138.2177,-0.008999418,0.06228316,-0.2008604,77.68981,14.40461,269.9276,True,21,5,0
138.2221,-0.008958087,0.06214488,-0.2009416,77.72534,14.48691,270.0109,True,21,5,0
138.2259,-0.008902775,0.06210954,-0.2007481,77.6866,14.49479,270.0101,True,21,5,0
138.2294,-0.008871705,0.06200846,-0.2007949,77.71131,14.55203,270.0681,True,21,5,0
138.2352,-0.008852012,0.06185344,-0.2009042,77.76328,14.55663,270.0815,True,21,5,0
138.2388,-0.008821266,0.06176589,-0.2009487,77.78581,14.60541,270.1312,True,21,5,0
138.2421,-0.008686592,0.06159852,-0.2012033,77.86143,14.90649,270.4605,True,21,5,0
138.2461,-0.008644154,0.06147274,-0.2012723,77.89378,14.98453,270.541,True,21,5,0
138.25,-0.008469794,0.06130618,-0.2015654,77.97266,15.27749,270.8133,True,21,5,0
138.2532,-0.008431445,0.06121132,-0.2016259,77.99748,15.34203,270.8788,True,21,5,0
138.2562,-0.008332936,0.06112993,-0.2017918,78.03487,15.49187,271.0211,True,21,5,0
138.2595,-0.008294328,0.06104633,-0.2018566,78.05804,15.55451,271.0845,True,21,5,0
138.2633,-0.008242027,0.06093338,-0.2019443,78.08935,15.63958,271.1705,True,21,5,0
138.2679,-0.008171359,0.06076467,-0.2020727,78.12659,15.69816,271.2363,True,21,5,0
138.2718,-0.008119664,0.06065848,-0.2021565,78.15477,15.77428,271.3135,True,21,5,0
138.2748,-0.008293317,0.06058756,-0.2019692,78.14286,15.45308,271.0035,True,21,5,0
138.2844,-0.008007078,0.0602823,-0.2018286,78.14356,15.87294,271.4016,True,21,5,0
138.288,-0.007969004,0.06018202,-0.2018618,78.16496,15.9364,271.4655,True,21,5,0
138.2915,-0.007808904,0.0600241,-0.2021478,78.28061,16.16519,271.7288,True,21,5,0
138.2962,-0.007734803,0.05988544,-0.2021963,78.31486,16.26385,271.8297,True,21,5,0
138.2996,-0.007666087,0.05979425,-0.2024746,78.41639,16.29585,271.8923,True,21,5,0
138.3034,-0.007596429,0.05969846,-0.2025224,78.44504,16.3705,271.9697,True,21,5,0
138.3067,-0.007662578,0.05964951,-0.2025252,78.44323,16.06769,271.684,True,21,5,0
138.3098,-0.007591958,0.05956435,-0.2025831,78.46909,16.12481,271.7441,True,21,5,0
138.3131,-0.007506955,0.0594621,-0.2026528,78.50018,16.19379,271.8167,True,21,5,0
138.3181,-0.007563142,0.05937941,-0.2026626,78.49541,16.00431,271.6192,True,21,5,0
138.3221,-0.007478186,0.05926801,-0.2027528,78.52866,16.06914,271.6875,True,21,5,0
138.3327,-0.007398345,0.05883524,-0.2027028,78.59389,16.30194,271.9125,True,21,5,0
138.3363,-0.007354137,0.05872598,-0.2027384,78.61877,16.35615,271.9688,True,21,5,0
138.34,-0.007277308,0.05860029,-0.2027845,78.65901,16.57547,272.1357,True,21,5,0
138.343,-0.007242453,0.05849852,-0.2028099,78.68253,16.63175,272.1922,True,21,5,0
138.3464,-0.007202027,0.0583808,-0.2028393,78.70975,16.69723,272.2578,True,21,5,0
138.3505,-0.007111142,0.05829528,-0.2029126,78.73281,16.83471,272.389,True,21,5,0
138.3542,-0.007066969,0.05817847,-0.2029506,78.76085,16.90619,272.4605,True,21,5,0
138.3577,-0.00697162,0.05809927,-0.2030964,78.77797,16.93467,272.5049,True,21,5,0
138.3612,-0.006924093,0.05800402,-0.2031497,78.80154,16.99472,272.5654,True,21,5,0
138.3644,-0.006877277,0.05791043,-0.2032021,78.8247,17.05407,272.6252,True,21,5,0
138.3689,-0.006920516,0.05772609,-0.2034486,78.8586,16.8717,272.4865,True,21,5,0
138.3731,-0.006863289,0.05760939,-0.2035421,78.88577,16.93172,272.5486,True,21,5,0
138.3761,-0.006499119,0.05746815,-0.203757,78.87833,17.47409,273.1054,True,21,5,0
138.3854,-0.006204586,0.05717708,-0.2040417,78.91763,17.93251,273.5672,True,21,5,0
138.3889,-0.006141638,0.05705673,-0.2041558,78.9416,18.01916,273.6562,True,21,5,0
138.3925,-0.006323911,0.05695915,-0.2037834,78.8653,17.74342,273.3366,True,21,5,0
138.3955,-0.006291597,0.05685383,-0.2038526,78.8822,17.80344,273.3971,True,21,5,0
138.3988,-0.006399095,0.05681263,-0.2036236,78.84068,17.6028,273.1863,True,21,5,0
138.4026,-0.006366663,0.05668227,-0.2036939,78.86085,17.674,273.2581,True,21,5,0
138.4062,-0.006339651,0.05657402,-0.2037523,78.87749,17.73339,273.318,True,21,5,0
138.4092,-0.006374624,0.05656087,-0.2037263,78.86899,17.63887,273.214,True,21,5,0
138.4121,-0.006349131,0.05646665,-0.2037805,78.88371,17.69101,273.2666,True,21,5,0
138.4164,-0.006151067,0.05630578,-0.2040298,78.93103,18.07727,273.6538,True,21,5,0
138.4207,-0.006109757,0.05617344,-0.2041144,78.95176,18.16172,273.7389,True,21,5,0
138.4244,-0.005757237,0.05603921,-0.2043056,78.98091,18.58134,274.1145,True,21,5,0
138.4287,-0.005690627,0.0559186,-0.2043882,78.99983,18.67203,274.204,True,21,5,0
138.4348,-0.005487086,0.05578333,-0.2044779,79.02642,18.92592,274.4295,True,21,5,0
138.4388,-0.005417332,0.05567901,-0.2045478,79.04404,19.01639,274.5178,True,21,5,0
138.4426,-0.00526543,0.05560189,-0.2045401,79.05152,18.99699,274.5063,True,21,5,0
138.4462,-0.00517055,0.05549538,-0.2046034,79.06858,19.08501,274.5922,True,21,5,0
138.4505,-0.005515965,0.05535556,-0.2042952,79.00925,18.34209,273.8514,True,21,5,0
138.4539,-0.005455956,0.05525874,-0.204338,79.02078,18.38542,273.8932,True,21,5,0
138.4571,-0.005589893,0.05515733,-0.2045562,79.09205,18.28381,273.85,True,21,5,0
138.4606,-0.005542776,0.05506602,-0.2046068,79.10545,18.32217,273.8889,True,21,5,0
138.4651,-0.005474582,0.05493407,-0.20468,79.12478,18.37786,273.9452,True,21,5,0
138.469,-0.005174681,0.05479904,-0.2048964,79.1618,19.05928,274.6358,True,21,5,0
138.4724,-0.005131382,0.05470784,-0.2049475,79.17551,19.1186,274.6958,True,21,5,0
138.4756,-0.00523984,0.05460502,-0.2050548,79.20344,19.19214,274.7786,True,21,5,0
138.4787,-0.00521554,0.05450602,-0.2051125,79.21853,19.25662,274.8441,True,21,5,0
138.483,-0.005056585,0.05440962,-0.2052435,79.22095,19.55772,275.1938,True,21,5,0
138.4876,-0.00502231,0.05428241,-0.2053317,79.23987,19.65192,275.2914,True,21,5,0
138.4916,-0.004902529,0.05420727,-0.2053675,79.22583,19.77441,275.4475,True,21,5,0
138.4958,-0.004865841,0.05410205,-0.2054476,79.24084,19.85578,275.5326,True,21,5,0
138.499,-0.004715065,0.05400041,-0.2054193,79.21125,20.05545,275.6608,True,21,5,0
138.502,-0.004681383,0.05390906,-0.2054824,79.22202,20.12664,275.7325,True,21,5,0
138.5049,-0.004653326,0.05383307,-0.2055348,79.23106,20.18601,275.7923,True,21,5,0
138.5078,-0.004394631,0.05366656,-0.2056728,79.25446,20.71346,276.3327,True,21,5,0
138.512,-0.004340432,0.05352294,-0.2057549,79.2701,20.83678,276.4573,True,21,5,0
138.5161,-0.004231689,0.05338143,-0.2058542,79.29733,21.07876,276.7106,True,21,5,0
138.5198,-0.004184076,0.05325975,-0.2059175,79.31071,21.18744,276.8208,True,21,5,0
138.5232,-0.004060835,0.05317436,-0.2060246,79.30103,21.33752,276.9958,True,21,5,0
138.5268,-0.004013062,0.05307002,-0.2060956,79.31198,21.43506,277.0954,True,21,5,0
138.5299,-0.00396907,0.05297405,-0.2061608,79.32207,21.52498,277.1872,True,21,5,0
138.5365,-0.003850356,0.05276203,-0.206281,79.29955,21.70115,277.4012,True,21,5,0
138.5408,-0.003782126,0.05267681,-0.2062653,79.28238,21.66199,277.3973,True,21,5,0
138.5443,-0.003717184,0.05255671,-0.2063575,79.29222,21.76913,277.5093,True,21,5,0
138.548,-0.003661584,0.05245398,-0.2064363,79.30064,21.86095,277.6053,True,21,5,0
138.5521,-0.003249442,0.05228123,-0.2064323,79.26703,22.52554,278.2054,True,21,5,0
138.5552,-0.003181645,0.05216388,-0.2065004,79.27402,22.64176,278.3235,True,21,5,0
138.5586,-0.003192886,0.0520491,-0.206509,79.29343,22.64879,278.3592,True,21,5,0
138.5615,-0.003137623,0.05194893,-0.2065579,79.29967,22.74449,278.4573,True,21,5,0
138.5654,-0.003029413,0.05183034,-0.2066489,79.31383,22.90271,278.6301,True,21,5,0
138.5687,-0.002956958,0.05170965,-0.2067097,79.32156,23.02113,278.7519,True,21,5,0
138.5731,-0.002877209,0.05157693,-0.2067766,79.33004,23.15164,278.886,True,21,5,0
138.5764,-0.00280507,0.05150642,-0.2068306,79.32702,23.22142,278.9691,True,21,5,0
138.5797,-0.002730827,0.05139227,-0.2068954,79.33419,23.33836,279.0898,True,21,5,0
138.5838,-0.002682589,0.05131599,-0.2069148,79.30896,23.31237,279.0506,True,21,5,0
138.5866,-0.002626898,0.05122969,-0.2069729,79.31406,23.39556,279.1364,True,21,5,0
138.5901,-0.002574799,0.05103597,-0.20721,79.36234,23.58735,279.297,True,21,5,0
138.5941,-0.002504119,0.05091146,-0.207295,79.37057,23.70087,279.4127,True,21,5,0
138.5977,-0.002436767,0.05079289,-0.2073759,79.37834,23.80915,279.5231,True,21,5,0
138.601,-0.002430125,0.05065599,-0.2073184,79.34511,23.7671,279.4822,True,21,5,0
138.6043,-0.002382364,0.05055302,-0.2073839,79.35087,23.84778,279.5644,True,21,5,0
138.6075,-0.002228972,0.05051211,-0.2074195,79.31416,23.98102,279.7225,True,21,5,0
138.6104,-0.002178364,0.05041945,-0.2074903,79.31853,24.05931,279.8029,True,21,5,0
138.6135,-0.002114519,0.05030264,-0.2075794,79.32403,24.15813,279.9044,True,21,5,0
138.6182,-0.001982531,0.05019811,-0.2077478,79.33447,24.38894,280.1387,True,21,5,0
138.623,-0.001891929,0.05004287,-0.2078779,79.342,24.53075,280.2841,True,21,5,0
138.6266,-0.001968652,0.04993764,-0.207751,79.2997,24.21681,279.9636,True,21,5,0
138.6303,-0.001902079,0.04981832,-0.2078479,79.30476,24.31133,280.0606,True,21,5,0
138.634,-0.001874259,0.04976214,-0.2077704,79.28292,24.25569,279.9742,True,21,5,0
138.6427,-0.001525018,0.04946144,-0.2082047,79.34045,24.79481,280.4869,True,21,5,0
138.6459,-0.001448116,0.04935183,-0.2082949,79.34636,24.88893,280.582,True,21,5,0
138.6519,-0.001217553,0.04917786,-0.2086104,79.38055,25.21196,280.8969,True,21,5,0
138.6548,-0.001147737,0.04909056,-0.2086933,79.38596,25.29388,280.9793,True,21,5,0
138.658,-0.001060675,0.04898399,-0.2088812,79.42711,25.33749,281.0983,True,21,5,0
138.6619,-0.0009675073,0.04888289,-0.2089827,79.43469,25.43363,281.1975,True,21,5,0
138.6652,-0.0009372821,0.04876812,-0.2088813,79.416,25.23922,280.9938,True,21,5,0
138.6683,-0.0008392744,0.04866375,-0.2089687,79.42279,25.3248,281.0823,True,21,5,0
138.6723,-0.000732203,0.04854982,-0.2090641,79.43018,25.41838,281.1789,True,21,5,0
138.6753,-0.0007864675,0.04847813,-0.209035,79.44012,25.34035,281.0969,True,21,5,0
138.6786,-0.0006904537,0.0483667,-0.209114,79.44684,25.42615,281.1855,True,21,5,0
138.683,-0.0005084453,0.0481627,-0.2096137,79.54684,26.09636,281.8381,True,21,5,0
138.6862,-0.0004407242,0.04806834,-0.2096882,79.55486,26.18353,281.9269,True,21,5,0
138.6898,-0.0001735948,0.04792595,-0.2098773,79.55637,26.49498,282.2969,True,21,5,0
138.6933,-8.876901E-05,0.0478227,-0.209967,79.5644,26.59382,282.3993,True,21,5,0
138.6964,-5.571172E-06,0.04772148,-0.2100548,79.57225,26.69092,282.4999,True,21,5,0
138.6996,0.0002462417,0.04765674,-0.2102407,79.55187,26.96425,282.8351,True,21,5,0
138.7033,0.0003359485,0.04756252,-0.2103436,79.55859,27.06498,282.9411,True,21,5,0
138.7073,0.0005256087,0.04749292,-0.2104964,79.5442,27.26336,283.119,True,21,5,0
138.7106,0.0006305678,0.04739083,-0.2106247,79.55103,27.37882,283.2396,True,21,5,0
138.7143,0.0007327246,0.04729153,-0.2107494,79.55771,27.49129,283.3572,True,21,5,0
138.718,0.0003880868,0.04715227,-0.2106308,79.55728,26.98174,282.8405,True,21,5,0
138.7209,0.0004471922,0.04706462,-0.2107217,79.56266,27.05586,282.9184,True,21,5,0
138.7249,0.0003924686,0.04693946,-0.2105434,79.53403,26.93132,282.7509,True,21,5,0
138.729,0.0004521376,0.04682522,-0.2106311,79.54031,27.01684,282.8408,True,21,5,0
138.733,0.0005413108,0.04669806,-0.2106925,79.56031,27.11557,282.9381,True,21,5,0
138.7363,0.0005930699,0.04660936,-0.2107521,79.56557,27.18291,283.0088,True,21,5,0
138.7446,0.001433205,0.0463853,-0.211174,79.56486,28.4274,284.2922,True,21,5,0
138.7486,0.001864763,0.04633188,-0.2114114,79.56689,29.03229,284.8743,True,21,5,0
138.7523,0.001991547,0.04623304,-0.2115058,79.5721,29.1766,285.0228,True,21,5,0
138.7553,0.002106895,0.04614317,-0.2115914,79.57679,29.30797,285.158,True,21,5,0
138.7602,0.002292149,0.04607216,-0.2118492,79.61968,29.30418,285.1665,True,21,5,0
138.7637,0.002433127,0.04598896,-0.211953,79.62575,29.43387,285.3004,True,21,5,0
138.7672,0.002111739,0.0457982,-0.2118983,79.64169,28.76427,284.6684,True,21,5,0
138.7704,0.002209913,0.04571806,-0.2119822,79.64697,28.84713,284.7556,True,21,5,0
138.7736,0.001865763,0.04552518,-0.212176,79.73782,28.38344,284.2837,True,21,5,0
138.7771,0.001974447,0.04540581,-0.2122945,79.74836,28.47253,284.378,True,21,5,0
138.7805,0.002062604,0.04530907,-0.2123905,79.75694,28.54492,284.4547,True,21,5,0
138.7841,0.002036577,0.04519483,-0.2123249,79.73138,28.45412,284.3599,True,21,5,0
138.7874,0.002114632,0.04508853,-0.212419,79.73962,28.52372,284.4336,True,21,5,0
138.7908,0.002405765,0.04498383,-0.2125107,79.71386,29.06037,284.9697,True,21,5,0
138.7944,0.002482715,0.04487307,-0.2126022,79.72105,29.14895,285.0623,True,21,5,0
138.7977,0.002553764,0.04477088,-0.2126867,79.7277,29.23079,285.1479,True,21,5,0
138.8013,0.00277594,0.044709,-0.2126912,79.66671,29.61584,285.4938,True,21,5,0
138.8045,0.002834694,0.0446171,-0.2127687,79.67068,29.70082,285.581,True,21,5,0
138.8074,0.003084557,0.04461467,-0.2126064,79.57047,29.97146,285.8527,True,21,5,0
138.8101,0.003136356,0.04453515,-0.2126709,79.57115,30.054,285.9372,True,21,5,0
138.8129,0.003192894,0.04444839,-0.2127412,79.57179,30.14407,286.0294,True,21,5,0
138.8161,0.003357383,0.04444656,-0.2126894,79.52766,30.35629,286.2609,True,21,5,0
138.8194,0.003419481,0.0443615,-0.2127583,79.52676,30.45877,286.3663,True,21,5,0
138.8221,0.00347698,0.04428276,-0.212822,79.52589,30.5536,286.4638,True,21,5,0
138.8258,0.003281889,0.04407243,-0.2130474,79.60204,30.32515,286.2712,True,21,5,0
138.8294,0.003344771,0.04396775,-0.2131307,79.60361,30.42393,286.3742,True,21,5,0
138.8327,0.00320655,0.04382297,-0.2134292,79.68217,30.33319,286.2805,True,21,5,0
138.8362,0.003271515,0.0437061,-0.2135371,79.68665,30.43482,286.3865,True,21,5,0
138.8557,0.003726645,0.04305765,-0.2139663,79.63356,31.15049,287.0666,True,21,5,0
138.8601,0.003824422,0.04297286,-0.213863,79.54647,31.15994,287.13,True,21,5,0
138.8631,0.003865518,0.04287337,-0.2139481,79.54552,31.24006,287.2135,True,21,5,0
138.8665,0.004077004,0.04284348,-0.2139811,79.48738,31.38379,287.3943,True,21,5,0
138.8704,0.004134834,0.04273953,-0.2140855,79.48425,31.47665,287.4922,True,21,5,0
138.8737,0.004090778,0.04263106,-0.2142985,79.51749,31.34618,287.3522,True,21,5,0
138.8767,0.004145407,0.042546,-0.2143954,79.51517,31.41635,287.4261,True,21,5,0
138.8795,0.004204758,0.0424536,-0.2145005,79.51254,31.49242,287.5063,True,21,5,0
138.8835,0.004209629,0.04239002,-0.2145777,79.48409,31.44664,287.4443,True,21,5,0
138.887,0.004262392,0.04229631,-0.2146979,79.48164,31.51965,287.5212,True,21,5,0
138.8901,0.004105739,0.042153,-0.2148262,79.52946,31.37347,287.4388,True,21,5,0
138.8932,0.004142541,0.04207189,-0.214919,79.52879,31.428,287.4981,True,21,5,0
138.8962,0.004183174,0.04198238,-0.2150213,79.528,31.48814,287.5636,True,21,5,0
138.9,0.00443001,0.04179139,-0.2151986,79.52764,32.02278,288.1667,True,21,5,0
138.9035,0.004472408,0.04169263,-0.2152902,79.52676,32.09689,288.2481,True,21,5,0
138.9071,0.004779313,0.04162034,-0.2150447,79.42027,32.44503,288.6046,True,21,5,0
138.9097,0.004815566,0.04153784,-0.2150968,79.4166,32.51285,288.6784,True,21,5,0
138.9126,0.004860577,0.04143544,-0.2151613,79.41199,32.59695,288.77,True,21,5,0
138.9166,0.004811917,0.0413662,-0.2149838,79.36191,32.5249,288.6599,True,21,5,0
138.9199,0.004842903,0.04126917,-0.2150313,79.35593,32.60246,288.7434,True,21,5,0
138.9227,0.004874423,0.04117046,-0.2150796,79.3499,32.68122,288.8282,True,21,5,0
138.9268,0.004664634,0.04100096,-0.2153756,79.40723,32.51516,288.6728,True,21,5,0
138.9308,0.004694464,0.04087466,-0.2154634,79.40203,32.60332,288.7685,True,21,5,0
138.9348,0.004742998,0.04078253,-0.2156932,79.41909,32.67178,288.8375,True,21,5,0
138.9393,0.004780128,0.04066317,-0.2157953,79.41428,32.75312,288.9258,True,21,5,0
138.9421,0.004928622,0.04054154,-0.2161418,79.46451,33.26292,289.4473,True,21,5,0
138.9452,0.004962078,0.04043962,-0.2162339,79.46217,33.34607,289.5365,True,21,5,0
138.9516,0.004929693,0.04017858,-0.2164879,79.50242,33.31373,289.575,True,21,5,0
138.9555,0.004978405,0.04004124,-0.2166103,79.5015,33.40984,289.6813,True,21,5,0
138.9596,0.005226768,0.03999238,-0.2163711,79.3603,33.40029,289.678,True,21,5,0
138.9633,0.00527637,0.03987446,-0.2164724,79.35435,33.47878,289.7651,True,21,5,0
138.9667,0.005396693,0.0398877,-0.2162709,79.24944,33.2835,289.5647,True,21,5,0
138.9698,0.005441345,0.03980541,-0.2163479,79.24179,33.33662,289.6242,True,21,5,0
138.9727,0.005488742,0.03971809,-0.2164295,79.23363,33.39288,289.6873,True,21,5,0
138.9761,0.005205611,0.03961612,-0.2165664,79.27059,33.06731,289.3299,True,21,5,0
138.9792,0.005246,0.03952053,-0.2166666,79.26245,33.12444,289.3939,True,21,5,0
138.9826,0.005121424,0.03952347,-0.2166374,79.24088,33.09357,289.4905,True,21,5,0
138.9853,0.005134166,0.0394593,-0.2167071,79.23408,33.13569,289.5413,True,21,5,0
138.9882,0.005148069,0.0393893,-0.2167831,79.22667,33.18154,289.5966,True,21,5,0
138.9915,0.004929554,0.03928651,-0.2168481,79.26458,33.08492,289.568,True,21,5,0
139.0001,0.004807048,0.03909999,-0.2170567,79.29686,33.17585,289.7109,True,21,5,0
139.0039,0.004799634,0.03902104,-0.2171232,79.29123,33.22543,289.7747,True,21,5,0
139.0073,0.005155625,0.03894436,-0.2171811,79.23246,33.87882,290.4163,True,21,5,0
139.0107,0.00515509,0.03885803,-0.21724,79.22453,33.95177,290.5029,True,21,5,0
139.0139,0.005154681,0.03879024,-0.2172862,79.21827,34.00895,290.5709,True,21,5,0
139.0171,0.005402681,0.03865148,-0.2176132,79.26641,34.71053,291.3248,True,21,5,0
139.0197,0.005411049,0.03858584,-0.2176537,79.26215,34.77913,291.4042,True,21,5,0
139.0229,0.005422576,0.03849563,-0.2177092,79.25622,34.87326,291.5132,True,21,5,0
139.027,0.005364119,0.0383518,-0.2177561,79.25926,35.12138,291.7911,True,21,5,0
139.0301,0.005358586,0.0382679,-0.2177946,79.25439,35.20644,291.8893,True,21,5,0
139.0331,0.005421724,0.03818834,-0.2175177,79.17377,35.31359,291.8997,True,21,5,0
139.0361,0.005410969,0.0381123,-0.2175305,79.16733,35.38713,291.9815,True,21,5,0
139.0396,0.005396842,0.03801244,-0.2175473,79.15891,35.4836,292.0889,True,21,5,0
139.0427,0.005510163,0.03797586,-0.2174719,79.12782,35.5377,292.0716,True,21,5,0
139.0462,0.005511854,0.03787601,-0.2174842,79.11796,35.63855,292.181,True,21,5,0
139.0497,0.006075712,0.03781725,-0.2175803,79.03533,36.37952,292.9518,True,21,5,0
139.0534,0.006109909,0.03771925,-0.2176004,79.02266,36.49975,293.0811,True,21,5,0
139.0577,0.00602446,0.03750789,-0.2178787,79.07558,36.54328,293.148,True,21,5,0
139.0621,0.006061074,0.03740761,-0.2179208,79.0659,36.65479,293.2686,True,21,5,0
139.0652,0.005766867,0.03720972,-0.2183137,79.20975,36.552,293.2131,True,21,5,0
139.069,0.005806882,0.03708562,-0.2183831,79.20492,36.67489,293.3483,True,21,5,0
139.0733,0.005839298,0.03694922,-0.2187041,79.2841,36.96448,293.6863,True,21,5,0
139.0765,0.005878733,0.0368581,-0.2187619,79.28304,37.06455,293.797,True,21,5,0
139.0798,0.005925259,0.03675072,-0.21883,79.28171,37.18243,293.9274,True,21,5,0
139.0839,0.005966168,0.0366699,-0.2184358,79.1936,36.94791,293.7047,True,21,5,0
139.0867,0.005999703,0.03658873,-0.2184635,79.19043,37.02427,293.7902,True,21,5,0
139.0896,0.006039767,0.03649184,-0.2184965,79.18655,37.11538,293.8922,True,21,5,0
139.0926,0.006300257,0.03644796,-0.2184455,79.14365,37.66221,294.4697,True,21,5,0
139.0956,0.006335109,0.03636228,-0.2184576,79.13876,37.75878,294.5768,True,21,5,0
139.1003,0.006474485,0.03626841,-0.2185152,79.13199,38.04819,294.8598,True,21,5,0
139.1042,0.00652276,0.03617027,-0.2185292,79.12587,38.17132,294.9951,True,21,5,0
139.1083,0.006320838,0.03600216,-0.21862,79.20005,38.07596,294.9349,True,21,5,0
139.1118,0.006361332,0.03590246,-0.2186311,79.1971,38.18887,295.0607,True,21,5,0
139.1153,0.006424031,0.03581858,-0.2187902,79.23057,38.35534,295.2614,True,21,5,0
139.1183,0.006465782,0.03573991,-0.2188071,79.22914,38.44976,295.3669,True,21,5,0
139.1212,0.006504967,0.03566614,-0.2188229,79.22774,38.53836,295.466,True,21,5,0
139.1241,0.006525612,0.03553574,-0.219068,79.29294,38.73039,295.6516,True,21,5,0
139.1274,0.006574591,0.03545447,-0.2190937,79.29327,38.82822,295.7601,True,21,5,0
139.1323,0.006831286,0.03523429,-0.2190323,79.25563,39.02738,295.8857,True,21,5,0
139.1353,0.006901521,0.03512663,-0.2190541,79.25456,39.13624,296.0032,True,21,5,0
139.1391,0.006975378,0.03501348,-0.2190769,79.25347,39.25063,296.1267,True,21,5,0
139.1429,0.007239843,0.03492953,-0.2190864,79.22417,39.4603,296.3479,True,21,5,0
139.1548,0.007503331,0.03457189,-0.2193809,79.28112,39.93445,296.8992,True,21,5,0
139.1591,0.007536783,0.03450455,-0.2194726,79.29366,39.8155,296.8117,True,21,5,0
139.163,0.007632944,0.03441422,-0.219521,79.29399,39.92204,296.9292,True,21,5,0
139.1664,0.007527391,0.0343688,-0.2195256,79.31561,39.33715,296.3837,True,21,5,0
139.1705,0.007644725,0.03428274,-0.2195984,79.31684,39.42593,296.485,True,21,5,0
139.1736,0.007569397,0.03419484,-0.2197488,79.36143,39.31013,296.3517,True,21,5,0
139.1765,0.007656263,0.03412879,-0.2198137,79.36359,39.37354,296.4241,True,21,5,0
139.1797,0.007762979,0.03404766,-0.2198933,79.36625,39.45146,296.5129,True,21,5,0
139.1837,0.007674944,0.03393245,-0.2200437,79.40396,39.47839,296.5266,True,21,5,0
139.1864,0.007743301,0.03386715,-0.2201074,79.40684,39.5375,296.5936,True,21,5,0
139.1903,0.008068372,0.03379411,-0.2199186,79.30201,39.94954,296.9472,True,21,5,0
139.1946,0.008154031,0.0336929,-0.2199789,79.30145,40.04919,297.0554,True,21,5,0
139.1993,0.008459747,0.03366148,-0.2197396,79.18373,40.23608,297.2032,True,21,5,0
139.2029,0.008538602,0.0335722,-0.2197771,79.17834,40.33198,297.3051,True,21,5,0
139.2067,0.008685652,0.03354624,-0.2195975,79.10629,40.2084,297.2136,True,21,5,0
139.2105,0.008778401,0.03345498,-0.2196348,79.09777,40.30112,297.3138,True,21,5,0
139.214,0.008853855,0.03338072,-0.219665,79.09081,40.37648,297.3953,True,21,5,0
139.2179,0.008831436,0.0332776,-0.2198032,79.13028,40.35403,297.4475,True,21,5,0
139.2206,0.00889485,0.03321651,-0.2198337,79.12582,40.41325,297.5135,True,21,5,0
139.2237,0.00885956,0.03312472,-0.2198733,79.14997,40.22731,297.356,True,21,5,0
139.2277,0.008952362,0.03304316,-0.2199182,79.14455,40.2991,297.436,True,21,5,0
139.2313,0.009045611,0.0329612,-0.2199632,79.13916,40.37127,297.5165,True,21,5,0
139.2345,0.009209637,0.03279987,-0.2204507,79.23766,40.66205,297.8155,True,21,5,0
139.2394,0.009356707,0.03269203,-0.220541,79.23543,40.7616,297.9253,True,21,5,0
139.2433,0.009185896,0.03252311,-0.2205085,79.26157,40.34526,297.4944,True,21,5,0
139.2464,0.009281766,0.0324363,-0.2205723,79.26102,40.40017,297.5559,True,21,5,0
139.2502,0.009496692,0.03237636,-0.2205452,79.22837,40.4193,297.5887,True,21,5,0
139.2573,0.009700839,0.03222351,-0.2206175,79.20694,40.37794,297.5595,True,21,5,0
139.2614,0.009808123,0.03213757,-0.2206888,79.20648,40.42595,297.6133,True,21,5,0
139.2645,0.009902727,0.03206185,-0.2207517,79.20606,40.46821,297.6607,True,21,5,0
139.2683,0.009894243,0.03197145,-0.2204441,79.1183,39.97636,297.1779,True,21,5,0
139.2722,0.009995425,0.03187585,-0.2205112,79.11483,40.00724,297.2149,True,21,5,0
139.276,0.01015959,0.03179713,-0.2205089,79.05078,40.06224,297.3279,True,21,5,0
139.2792,0.01024794,0.03170538,-0.2205779,79.04536,40.09172,297.365,True,21,5,0
139.283,0.01010573,0.03157568,-0.2206071,79.03888,39.88375,297.1525,True,21,5,0
139.2863,0.01017018,0.03148057,-0.2206832,79.03418,39.90954,297.1849,True,21,5,0
139.2893,0.01023453,0.03138557,-0.2207591,79.02951,39.93526,297.2172,True,21,5,0
139.2927,0.01013474,0.03127073,-0.22084,79.04803,39.90165,297.2301,True,21,5,0
139.2957,0.01017937,0.03118284,-0.2209066,79.04458,39.92308,297.2588,True,21,5,0
139.2998,0.01023096,0.03105707,-0.2212228,79.08723,40.01641,297.5191,True,21,5,0
139.3049,0.01031382,0.03091815,-0.2213567,79.08392,40.05492,297.5776,True,21,5,0
139.3088,0.009929576,0.03076874,-0.2212141,79.07605,39.42262,297.0255,True,21,5,0
139.3125,0.009958864,0.03064978,-0.221316,79.07323,39.42735,297.0485,True,21,5,0
139.317,0.01053595,0.03054178,-0.2213912,78.93562,39.92543,297.681,True,21,5,0
139.3217,0.0106074,0.03037763,-0.2215392,78.92481,39.95699,297.7423,True,21,5,0
139.3254,0.01089793,0.03036334,-0.2212606,78.77059,39.92233,297.7227,True,21,5,0
139.3296,0.01096179,0.03023247,-0.2213677,78.75535,39.94533,297.7699,True,21,5,0
139.3345,0.01084736,0.03004536,-0.2214583,78.75459,39.63274,297.4617,True,21,5,0
139.3387,0.01090004,0.02992316,-0.2215611,78.74135,39.64075,297.4909,True,21,5,0
139.3419,0.01083737,0.02983765,-0.2217445,78.74751,39.49706,297.4563,True,21,5,0
139.3448,0.01087987,0.02973525,-0.2218506,78.73668,39.49875,297.4795,True,21,5,0
139.3485,0.01085011,0.02966638,-0.2219475,78.71693,39.42342,297.4298,True,21,5,0
139.3521,0.01088517,0.02956383,-0.2220645,78.70516,39.42237,297.4515,True,21,5,0
139.3552,0.01092069,0.02946004,-0.2221829,78.69321,39.4213,297.4735,True,21,5,0
139.3618,0.01116116,0.02927534,-0.2222491,78.56635,39.52558,297.6315,True,21,5,0
139.3656,0.01104912,0.02915189,-0.2224026,78.55933,39.34733,297.5623,True,21,5,0
139.3694,0.01107403,0.02902472,-0.2225542,78.5419,39.34249,297.5879,True,21,5,0
139.3729,0.01109449,0.02892064,-0.2226782,78.52767,39.33851,297.6088,True,21,5,0
139.376,0.01107881,0.02886343,-0.2227618,78.49918,39.21423,297.5581,True,21,5,0
139.3791,0.01109969,0.02875315,-0.2229051,78.48277,39.20534,297.5787,True,21,5,0
139.3842,0.01099785,0.02861433,-0.2229172,78.42827,38.83034,297.232,True,21,5,0
139.3879,0.01101326,0.02849703,-0.2230681,78.40994,38.80729,297.2392,True,21,5,0
139.3918,0.01091865,0.0283927,-0.222826,78.28539,38.16672,296.5894,True,21,5,0
139.3957,0.01092923,0.02827513,-0.2229711,78.26387,38.12342,296.5734,True,21,5,0
139.3995,0.01141005,0.02818474,-0.2228918,78.08329,38.342,296.8601,True,21,5,0
139.4035,0.0114396,0.02806224,-0.2230311,78.05621,38.30912,296.8557,True,21,5,0
139.4073,0.01165087,0.02799569,-0.2229496,77.93399,38.21497,296.8275,True,21,5,0
139.4117,0.01170337,0.02783589,-0.2231296,77.8933,38.16903,296.8212,True,21,5,0
139.4185,0.01165897,0.02768306,-0.2232141,77.83473,37.94863,296.6667,True,21,5,0
139.422,0.01169232,0.02756372,-0.2233441,77.80185,37.90635,296.6568,True,21,5,0
139.4266,0.01176134,0.02750883,-0.2233536,77.69467,37.72337,296.6579,True,21,5,0
139.4309,0.01179478,0.02738592,-0.2235035,77.65546,37.67158,296.6482,True,21,5,0
139.4348,0.01198624,0.0273529,-0.2235016,77.54553,37.65863,296.7701,True,21,5,0
139.4388,0.01202119,0.02725196,-0.2236309,77.50816,37.61451,296.7667,True,21,5,0
139.4422,0.01207036,0.02717994,-0.2236751,77.42763,37.42331,296.7054,True,21,5,0
139.4466,0.01211789,0.02704926,-0.2238561,77.37741,37.36006,296.699,True,21,5,0
139.4527,0.01226704,0.02696256,-0.2237911,77.25356,37.2093,296.6168,True,21,5,0
139.457,0.01248589,0.02693284,-0.223558,77.09727,37.04362,296.4507,True,21,5,0
139.4661,0.01294843,0.02677254,-0.2234831,76.84756,36.97496,296.5257,True,21,5,0
139.4697,0.01300621,0.02669314,-0.223557,76.80437,36.93191,296.5197,True,21,5,0
139.4746,0.01330848,0.02665441,-0.2235419,76.68964,36.97091,296.6655,True,21,5,0
139.4783,0.01339655,0.02656654,-0.22362,76.63411,36.92179,296.6644,True,21,5,0
139.4822,0.01347994,0.02648334,-0.2236939,76.58151,36.87544,296.6635,True,21,5,0
139.4855,0.01374836,0.02645114,-0.223741,76.52,36.76909,296.5865,True,21,5,0
139.4889,0.01386818,0.02636883,-0.2238253,76.46474,36.71914,296.5834,True,21,5,0
139.4929,0.01393834,0.02623957,-0.2237631,76.39556,36.45527,296.3516,True,21,5,0
139.4969,0.01406348,0.02614704,-0.2238428,76.33994,36.39864,296.3411,True,21,5,0
139.5003,0.01429757,0.02603801,-0.2240495,76.29964,36.42633,296.4157,True,21,5,0
139.5035,0.01440297,0.02596743,-0.2241182,76.25849,36.3866,296.4105,True,21,5,0
139.5078,0.01457067,0.02586563,-0.2241413,76.19311,36.29903,296.4231,True,21,5,0
139.5109,0.01470351,0.0257787,-0.224216,76.14225,36.24937,296.4178,True,21,5,0
139.5157,0.01481421,0.02570675,-0.2239936,76.02065,35.86651,296.062,True,21,5,0
139.5194,0.01495684,0.02561606,-0.2240576,75.96505,35.80405,296.0448,True,21,5,0
139.5226,0.01508944,0.02553166,-0.2241169,75.91335,35.74618,296.0291,True,21,5,0
139.5262,0.01521241,0.02550428,-0.2240258,75.80793,35.56265,295.8833,True,21,5,0
139.5298,0.01534703,0.02541965,-0.2240893,75.75209,35.49909,295.8635,True,21,5,0
139.5331,0.01531144,0.02531374,-0.2240808,75.70448,35.22256,295.6884,True,21,5,0
139.5373,0.01544782,0.02521947,-0.2241479,75.64455,35.14685,295.6621,True,21,5,0
139.5408,0.01548566,0.02519768,-0.2239703,75.5406,34.81191,295.375,True,21,5,0
139.5448,0.01563614,0.02509813,-0.2240385,75.47056,34.71676,295.3358,True,21,5,0
139.5486,0.01566052,0.02507676,-0.2239462,75.4057,34.51405,295.1451,True,21,5,0
139.5522,0.01577622,0.02500477,-0.2239881,75.34816,34.43323,295.1087,True,21,5,0
139.5552,0.01588206,0.02493887,-0.2240265,75.29551,34.3597,295.0758,True,21,5,0
139.5591,0.01610358,0.02487141,-0.2241518,75.21056,34.52021,295.3607,True,21,5,0
139.5624,0.01620251,0.02480206,-0.2241987,75.15578,34.45296,295.3379,True,21,5,0
139.5663,0.01622052,0.02463986,-0.224447,75.15044,34.59151,295.5328,True,21,5,0
139.5712,0.01632647,0.02453829,-0.2245056,75.07852,34.50978,295.512,True,21,5,0
139.5755,0.01639537,0.02439053,-0.2246971,75.07832,34.69017,295.6857,True,21,5,0
139.5794,0.01647767,0.02429546,-0.2247338,75.01553,34.62591,295.6743,True,21,5,0
139.5837,0.01626198,0.02416395,-0.2248285,75.00159,34.37432,295.5794,True,21,5,0
139.5865,0.01630027,0.02409983,-0.2248576,74.96146,34.32697,295.5701,True,21,5,0
139.5894,0.0163456,0.02402392,-0.2248921,74.91389,34.27106,295.5592,True,21,5,0
139.5929,0.01619907,0.02390885,-0.2249507,74.87568,34.05442,295.4838,True,21,5,0
139.5962,0.01623229,0.02382439,-0.2249976,74.82654,33.9913,295.4709,True,21,5,0
139.6003,0.01614872,0.02378781,-0.2246363,74.65513,33.52106,295.0559,True,21,5,0
139.6044,0.01617544,0.02369609,-0.2246783,74.59682,33.43932,295.0288,True,21,5,0
139.6078,0.01623666,0.02369903,-0.2245807,74.49055,33.27012,294.8579,True,21,5,0
139.6115,0.01626811,0.02361158,-0.2246281,74.42683,33.18174,294.8251,True,21,5,0
139.616,0.01676606,0.0235692,-0.2247593,74.26275,33.71973,295.4665,True,21,5,0
139.6191,0.01678523,0.02349821,-0.2248023,74.20955,33.66951,295.4617,True,21,5,0
139.6223,0.01680838,0.0234123,-0.2248545,74.14501,33.60886,295.456,True,21,5,0
139.6261,0.01723827,0.0234711,-0.2248191,73.97623,33.94231,295.8669,True,21,5,0
139.6308,0.01727396,0.02337328,-0.2248863,73.88832,33.88262,295.8791,True,21,5,0
139.6353,0.0174038,0.02345113,-0.2248884,73.75383,33.93423,296.0257,True,21,5,0
139.6393,0.01742501,0.0233992,-0.2249378,73.68616,33.89334,296.0397,True,21,5,0
139.6429,0.01740395,0.02348442,-0.2250742,73.62695,33.82754,296.0471,True,21,5,0
139.646,0.01742093,0.02345766,-0.2251318,73.56503,33.78935,296.06,True,21,5,0
139.6495,0.01741998,0.02352218,-0.2252533,73.51162,33.68848,296.0406,True,21,5,0
139.6524,0.01743906,0.02351214,-0.2253145,73.45734,33.65313,296.0512,True,21,5,0
139.6559,0.01723637,0.02362874,-0.2251191,73.36002,33.1127,295.4741,True,21,5,0
139.6599,0.01726842,0.02363722,-0.2251913,73.29222,33.05317,295.4672,True,21,5,0
139.6635,0.01730105,0.02364604,-0.2252644,73.22348,32.9931,295.4605,True,21,5,0
139.667,0.01714427,0.0237121,-0.2252064,73.14575,32.74722,295.3029,True,21,5,0
139.6747,0.01728562,0.02381825,-0.2250545,72.92988,32.66816,295.303,True,21,5,0
139.6781,0.01729831,0.02383877,-0.2250961,72.85831,32.60548,295.2935,True,21,5,0
139.6817,0.01730647,0.02387084,-0.2251203,72.80384,32.56493,295.2924,True,21,5,0
139.6852,0.01731849,0.02389452,-0.2251518,72.73657,32.50671,295.2841,True,21,5,0
139.6884,0.01733088,0.02391905,-0.2251841,72.66764,32.44729,295.2759,True,21,5,0
139.6925,0.01758384,0.02398181,-0.2251512,72.54112,32.57208,295.3685,True,21,5,0
139.696,0.01760332,0.02400543,-0.225176,72.47354,32.52216,295.3645,True,21,5,0
139.6996,0.01767382,0.02404536,-0.2252273,72.41855,32.48315,295.3115,True,21,5,0
139.7039,0.017709,0.02407928,-0.2252501,72.34007,32.4259,295.3054,True,21,5,0
139.7076,0.01763913,0.02400754,-0.2252879,72.32229,32.35588,295.2258,True,21,5,0
139.7106,0.01766545,0.02402656,-0.2252937,72.25845,32.30795,295.2188,True,21,5,0
139.7144,0.01769302,0.02404672,-0.2252998,72.19153,32.25789,295.2115,True,21,5,0
139.7184,0.01773308,0.02405007,-0.2253488,72.14337,32.2812,295.2597,True,21,5,0
139.7219,0.01776199,0.024073,-0.2253483,72.0705,32.2292,295.2542,True,21,5,0
139.7254,0.01777662,0.02405998,-0.2254896,72.08389,32.37059,295.369,True,21,5,0
139.7297,0.01780111,0.02409059,-0.2254739,72.00561,32.31996,295.3675,True,21,5,0
139.7337,0.01805517,0.02413402,-0.2254695,71.95066,32.48309,295.5313,True,21,5,0
139.7372,0.01808969,0.0241612,-0.2254405,71.89363,32.45239,295.5353,True,21,5,0
139.7406,0.01822495,0.02410296,-0.2255566,71.89938,32.56534,295.5788,True,21,5,0
139.7439,0.0182804,0.02412836,-0.2255138,71.8356,32.53477,295.5848,True,21,5,0
139.7483,0.01849862,0.02413602,-0.2255265,71.79989,32.57612,295.5197,True,21,5,0
139.7521,0.01857997,0.02416211,-0.2254776,71.7393,32.54969,295.523,True,21,5,0
139.755,0.0186552,0.02418634,-0.2254323,71.68324,32.52529,295.5262,True,21,5,0
139.759,0.01883576,0.02417791,-0.2255022,71.69036,32.58279,295.517,True,21,5,0
139.7635,0.01896293,0.02421425,-0.2254307,71.61839,32.5541,295.5208,True,21,5,0
139.7676,0.01894784,0.02417612,-0.2254853,71.64883,32.44764,295.3681,True,21,5,0
139.7766,0.01910826,0.0241608,-0.225727,71.69169,32.46605,295.4185,True,21,5,0
139.7809,0.01926619,0.02420983,-0.2256465,71.62917,32.43657,295.4189,True,21,5,0
139.7854,0.01941665,0.02418908,-0.2257466,71.68755,32.49863,295.461,True,21,5,0
139.7886,0.01954835,0.02422892,-0.2256732,71.64536,32.47863,295.4612,True,21,5,0
139.7928,0.01961331,0.02417156,-0.2256966,71.69044,32.49257,295.4048,True,21,5,0
139.7964,0.01974498,0.02420625,-0.2256097,71.65229,32.47433,295.4031,True,21,5,0
139.7998,0.01977452,0.02414,-0.2257713,71.7202,32.53024,295.3928,True,21,5,0
139.8034,0.01989892,0.02417088,-0.2256874,71.68722,32.51535,295.3907,True,21,5,0
139.8078,0.0199421,0.02414149,-0.2256831,71.72353,32.36732,295.1675,True,21,5,0
139.8112,0.02009531,0.02417502,-0.2255885,71.68967,32.34579,295.1568,True,21,5,0
139.8151,0.02005088,0.02409784,-0.2259017,71.80903,32.32533,295.1329,True,21,5,0
139.8186,0.02019336,0.02413106,-0.2258294,71.78336,32.30608,295.1229,True,21,5,0
139.8214,0.02031187,0.02415863,-0.2257693,71.76202,32.2901,295.1145,True,21,5,0
139.8251,0.02044664,0.02411145,-0.2259485,71.82711,32.33327,295.1434,True,21,5,0
139.8301,0.02064145,0.02415346,-0.2258591,71.79698,32.31061,295.1315,True,21,5,0
139.8367,0.0207321,0.02414647,-0.2258627,71.84048,32.24896,295.0025,True,21,5,0
139.8453,0.02094175,0.02419952,-0.2257375,71.86254,32.09576,294.7353,True,21,5,0
139.8506,0.02099636,0.02418716,-0.2256499,71.86721,31.9923,294.5671,True,21,5,0
139.8542,0.02113451,0.02421774,-0.2255685,71.84999,31.96819,294.5421,True,21,5,0
139.8575,0.02118057,0.02408931,-0.2260091,71.97598,32.08826,294.6886,True,21,5,0
139.8622,0.02133789,0.02411579,-0.2259467,71.96224,32.06639,294.6668,True,21,5,0
139.8657,0.02152508,0.02404456,-0.2261298,72.00475,32.14552,294.6774,True,21,5,0
139.8697,0.02171101,0.02406262,-0.2260791,71.99225,32.12613,294.6548,True,21,5,0
139.874,0.02161681,0.02398226,-0.2262071,72.07648,32.00831,294.4193,True,21,5,0
139.8785,0.02179927,0.02399658,-0.2261576,72.06812,31.98277,294.3845,True,21,5,0
139.8826,0.02182767,0.02396207,-0.2261028,72.09437,31.94253,294.2435,True,21,5,0
139.8866,0.02196867,0.02397032,-0.2260472,72.08868,31.92069,294.2104,True,21,5,0
139.8912,0.02224667,0.02398731,-0.2258874,72.06139,32.01651,294.2268,True,21,5,0
139.895,0.02236981,0.02399293,-0.2258225,72.05582,32.00157,294.2,True,21,5,0
139.8986,0.02250122,0.02399887,-0.2257533,72.04984,31.98566,294.1714,True,21,5,0
139.9021,0.02283499,0.02403054,-0.2260144,72.11478,32.20492,294.3624,True,21,5,0
139.9055,0.0229632,0.0240459,-0.2259681,72.11201,32.19891,294.3453,True,21,5,0
139.9099,0.02311278,0.02404001,-0.2261263,72.17294,32.23011,294.3396,True,21,5,0
139.9132,0.02326078,0.02406073,-0.2260855,72.17211,32.22472,294.321,True,21,5,0
139.9177,0.02336381,0.02404773,-0.2261482,72.21832,32.22492,294.2227,True,21,5,0
139.921,0.02350222,0.02406733,-0.2261112,72.21913,32.22,294.2025,True,21,5,0
139.9244,0.0238582,0.02408479,-0.2259503,72.17135,32.21052,294.1372,True,21,5,0
139.9279,0.02401755,0.02409753,-0.2259114,72.17057,32.20559,294.1159,True,21,5,0
139.9326,0.02414552,0.02402502,-0.226108,72.26699,32.1436,294.0596,True,21,5,0
139.9373,0.02440189,0.02404121,-0.2260661,72.27084,32.13332,294.0262,True,21,5,0
139.9413,0.0245008,0.02396494,-0.2262883,72.35637,32.18508,293.9892,True,21,5,0
139.9445,0.02468534,0.0239729,-0.2262674,72.3623,32.17976,293.9643,True,21,5,0
139.9492,0.02479023,0.02393498,-0.2264845,72.46661,32.17987,293.9743,True,21,5,0
139.9524,0.02494113,0.02394573,-0.2264722,72.47419,32.17574,293.9553,True,21,5,0
139.9559,0.02514149,0.02396008,-0.226456,72.48428,32.17024,293.9302,True,21,5,0
139.9599,0.02507712,0.02391711,-0.2267734,72.6235,32.14099,293.9241,True,21,5,0
139.9628,0.02521523,0.02393296,-0.2267711,72.6347,32.13618,293.9061,True,21,5,0
139.9664,0.02523544,0.02390222,-0.2268847,72.69623,32.13787,293.864,True,21,5,0
139.9706,0.02538724,0.02391894,-0.2268853,72.71201,32.1321,293.8408,True,21,5,0
139.974,0.02520065,0.02383606,-0.2269751,72.79908,31.96527,293.6215,True,21,5,0
139.977,0.02531072,0.02384412,-0.2269759,72.81473,31.95503,293.5953,True,21,5,0
139.9839,0.02527568,0.0237816,-0.22685,72.86934,31.61599,293.1764,True,21,5,0
139.987,0.02536939,0.02378081,-0.2268457,72.88422,31.59709,293.1415,True,21,5,0
139.9906,0.02532536,0.02377768,-0.2269141,72.94695,31.37679,292.872,True,21,5,0
139.9959,0.02548505,0.02378336,-0.2269214,72.97428,31.33438,292.8012,True,21,5,0
139.9998,0.02547709,0.02376866,-0.2269357,72.99857,31.24767,292.6629,True,21,5,0
140.004,0.02558425,0.02376997,-0.2269462,73.02036,31.21155,292.6031,True,21,5,0
140.0082,0.02562783,0.02375647,-0.2269383,73.02189,31.18638,292.5466,True,21,5,0
140.0123,0.02572594,0.02375168,-0.2269546,73.04543,31.14601,292.4792,True,21,5,0
140.0165,0.02606836,0.02378123,-0.2268551,73.0036,31.25105,292.6067,True,21,5,0
140.0208,0.02617406,0.02377349,-0.2268643,73.02393,31.21634,292.5487,True,21,5,0
140.0251,0.02657185,0.02383871,-0.2266672,72.96799,31.42742,292.5936,True,21,5,0
140.0353,0.02666851,0.02377084,-0.2269328,73.11128,31.4525,292.5506,True,21,5,0
140.0411,0.02668547,0.02371441,-0.2271037,73.18245,31.53982,292.6059,True,21,5,0
140.0463,0.02677475,0.02370714,-0.2271072,73.21221,31.51951,292.5481,True,21,5,0
140.0506,0.02681221,0.02364255,-0.2272204,73.26729,31.63681,292.6662,True,21,5,0
140.0539,0.02685796,0.02363323,-0.2272203,73.28664,31.62858,292.6357,True,21,5,0
140.0582,0.02712515,0.02363922,-0.2272518,73.28833,31.78132,292.6932,True,21,5,0
140.0636,0.02720457,0.02362595,-0.2272566,73.31483,31.77748,292.6545,True,21,5,0
140.0678,0.02760891,0.02367812,-0.2271401,73.26252,31.8727,292.6681,True,21,5,0
140.0716,0.02769176,0.02366982,-0.2271437,73.27897,31.87345,292.6419,True,21,5,0
140.0758,0.02786076,0.02369753,-0.2269606,73.25005,31.77124,292.4775,True,21,5,0
140.0787,0.02794667,0.02369031,-0.2269575,73.26343,31.76874,292.4499,True,21,5,0
140.0827,0.02801218,0.02371506,-0.2268275,73.24444,31.71584,292.3356,True,21,5,0
140.0865,0.02810265,0.023708,-0.2268182,73.2586,31.71093,292.3004,True,21,5,0
140.0907,0.028326,0.02373375,-0.2269023,73.29436,31.85828,292.3356,True,21,5,0
140.0939,0.02840099,0.0237349,-0.2268944,73.30577,31.85881,292.3108,True,21,5,0
140.0969,0.02848111,0.02373616,-0.2268861,73.31794,31.85936,292.2842,True,21,5,0
140.1001,0.02884616,0.0237415,-0.2269475,73.30905,32.23554,292.5591,True,21,5,0
140.1039,0.02894032,0.02374095,-0.2269337,73.32225,32.25008,292.5398,True,21,5,0
140.1075,0.02918254,0.02373227,-0.226888,73.32622,32.3942,292.5893,True,21,5,0
140.1118,0.02931407,0.02372843,-0.2268569,73.34268,32.41885,292.5678,True,21,5,0
140.1151,0.02964754,0.02375472,-0.2269191,73.3344,32.72755,292.8249,True,21,5,0
140.1183,0.02975236,0.0237543,-0.2268971,73.34604,32.75694,292.8188,True,21,5,0
140.1221,0.02987604,0.02375387,-0.2268714,73.35983,32.79171,292.8117,True,21,5,0
140.1257,0.03000084,0.0237273,-0.2270342,73.40008,33.01485,293.0234,True,21,5,0
140.1285,0.0300811,0.02372651,-0.2270218,73.41056,33.04511,293.0248,True,21,5,0
140.1378,0.03042584,0.023633,-0.2272716,73.49284,33.40122,293.2738,True,21,5,0
140.1424,0.03036728,0.023606,-0.2272712,73.53076,33.3321,293.2054,True,21,5,0
140.1454,0.03045064,0.02359764,-0.2272708,73.54554,33.37266,293.2126,True,21,5,0
140.1499,0.03038141,0.02359153,-0.227148,73.56163,33.20076,292.9688,True,21,5,0
140.1531,0.03045719,0.02358389,-0.2271428,73.5759,33.23264,292.9673,True,21,5,0
140.1572,0.03081205,0.02363841,-0.2271797,73.56638,33.40512,293.0775,True,21,5,0
140.1611,0.03091237,0.02363774,-0.2271827,73.58014,33.44272,293.08,True,21,5,0
140.1638,0.03099127,0.02363725,-0.2271852,73.59099,33.47229,293.0819,True,21,5,0
140.1676,0.0314074,0.02362192,-0.2272383,73.60608,33.6984,293.3191,True,21,5,0
140.1714,0.03153421,0.02361917,-0.2272386,73.61966,33.74205,293.3297,True,21,5,0
140.1754,0.03169715,0.02358179,-0.2273476,73.6749,33.89477,293.4485,True,21,5,0
140.1784,0.03182087,0.02357845,-0.2273461,73.6893,33.94064,293.4626,True,21,5,0
140.182,0.03207978,0.02364205,-0.2272002,73.66096,34.0654,293.4298,True,21,5,0
140.1859,0.03222992,0.02364494,-0.227182,73.67611,34.12241,293.4445,True,21,5,0
140.1902,0.03229678,0.02355072,-0.2271742,73.74516,34.05676,293.2065,True,21,5,0
140.1939,0.03242224,0.02354398,-0.227155,73.75906,34.09814,293.21,True,21,5,0
140.1971,0.03255461,0.023537,-0.2271348,73.7737,34.14183,293.2136,True,21,5,0
140.2022,0.032604,0.02351548,-0.2269687,73.7973,33.95767,292.9341,True,21,5,0
140.206,0.03273782,0.02350691,-0.2269438,73.81242,33.99394,292.9282,True,21,5,0
140.2091,0.03298922,0.02355732,-0.2268768,73.79813,34.1562,293.0791,True,21,5,0
140.2118,0.03310877,0.02355498,-0.2268495,73.81049,34.19183,293.0786,True,21,5,0
140.2155,0.03325283,0.0235523,-0.2268168,73.8254,34.23475,293.078,True,21,5,0
140.2192,0.03338526,0.02358031,-0.2268181,73.83237,34.3894,293.209,True,21,5,0
140.2225,0.03351615,0.02358142,-0.2267867,73.84694,34.43651,293.2133,True,21,5,0
140.2267,0.0337464,0.02359906,-0.2267953,73.84061,34.60512,293.267,True,21,5,0
140.23,0.03386148,0.02360028,-0.2267728,73.85281,34.6507,293.2725,True,21,5,0
140.2397,0.03432136,0.02358638,-0.2267371,73.86166,35.01035,293.3439,True,21,5,0
140.2436,0.03444131,0.02358283,-0.2267146,73.87418,35.06889,293.3517,True,21,5,0
140.2477,0.03459146,0.02357857,-0.2266868,73.88988,35.14213,293.3615,True,21,5,0
140.2526,0.03463245,0.02359109,-0.2265597,73.91238,34.90926,293.1703,True,21,5,0
140.2562,0.0347756,0.02359101,-0.2265372,73.92626,34.96125,293.1713,True,21,5,0
140.2605,0.03516066,0.02359806,-0.2266911,73.96469,35.20478,293.4075,True,21,5,0
140.2635,0.03529241,0.02360129,-0.2266802,73.97609,35.25092,293.4156,True,21,5,0
140.2671,0.03539719,0.02359614,-0.2267038,74.00992,35.28303,293.377,True,21,5,0
140.2703,0.03552689,0.02360013,-0.226694,74.02193,35.32851,293.3837,True,21,5,0
140.2736,0.0355228,0.02362049,-0.2265043,74.01878,35.18688,293.1181,True,21,5,0
140.2772,0.03567817,0.02362649,-0.2264789,74.03353,35.23693,293.1153,True,21,5,0
140.282,0.0355829,0.02358858,-0.2262463,74.07024,34.86614,292.6394,True,21,5,0
140.2855,0.03571828,0.02358872,-0.2262137,74.08377,34.89429,292.6201,True,21,5,0
140.2885,0.03585732,0.02358894,-0.2261805,74.09771,34.92322,292.6003,True,21,5,0
140.2931,0.03606517,0.02356508,-0.2264126,74.18813,35.06118,292.7351,True,21,5,0
140.2966,0.03621214,0.02356932,-0.2263933,74.20428,35.09319,292.7216,True,21,5,0
140.3,0.03614902,0.02356298,-0.2264167,74.28078,34.98043,292.5782,True,21,5,0
140.3035,0.0362751,0.02357116,-0.2263972,74.29736,35.00501,292.562,True,21,5,0
140.3065,0.03639948,0.02357934,-0.2263781,74.31364,35.02922,292.5459,True,21,5,0
140.3102,0.03639277,0.02357091,-0.2261856,74.3169,34.91755,292.2926,True,21,5,0
140.3132,0.03651965,0.02357589,-0.2261522,74.33503,34.94,292.2657,True,21,5,0
140.3176,0.03656975,0.02356313,-0.2260449,74.31644,34.89146,292.1713,True,21,5,0
140.3214,0.03669081,0.02356113,-0.2260146,74.33465,34.91285,292.1394,True,21,5,0
140.3259,0.03690168,0.02356835,-0.2258659,74.29475,35.00737,292.215,True,21,5,0
140.3291,0.03698384,0.02356271,-0.2258418,74.3066,35.02502,292.1944,True,21,5,0
140.3329,0.03700324,0.023592,-0.2257357,74.30258,34.97607,292.1088,True,21,5,0
140.342,0.03706784,0.02363446,-0.2254603,74.28981,34.72814,291.7938,True,21,5,0
140.3448,0.0371358,0.02363409,-0.2254365,74.30026,34.73492,291.7619,True,21,5,0
140.348,0.03707575,0.02364755,-0.2253671,74.31207,34.52493,291.5422,True,21,5,0
140.3524,0.03717254,0.02365029,-0.225342,74.32701,34.52491,291.4888,True,21,5,0
140.3561,0.03719711,0.02364115,-0.2253093,74.33483,34.49683,291.4449,True,21,5,0
140.3596,0.03725526,0.02364063,-0.2252943,74.34497,34.49582,291.4079,True,21,5,0
140.3619,0.03729943,0.02364026,-0.2252829,74.35268,34.49503,291.3797,True,21,5,0
140.3644,0.03734902,0.02363986,-0.2252703,74.36134,34.49414,291.3481,True,21,5,0
140.3675,0.03757757,0.02359983,-0.2252876,74.34642,34.84255,291.6833,True,21,5,0
140.3721,0.0376472,0.02358831,-0.2252565,74.35986,34.85564,291.6459,True,21,5,0
140.3753,0.03787588,0.02356102,-0.2252558,74.34224,35.09805,291.8385,True,21,5,0
140.378,0.03792385,0.0235482,-0.2252325,74.35056,35.11362,291.8197,True,21,5,0
140.3809,0.03796871,0.02353624,-0.2252107,74.35831,35.12813,291.8021,True,21,5,0
140.3847,0.0382045,0.02359955,-0.2251569,74.36301,35.14658,291.7967,True,21,5,0
140.3878,0.03828118,0.02359605,-0.2251296,74.37198,35.16378,291.7765,True,21,5,0
140.3913,0.03827276,0.02352419,-0.2253204,74.46841,35.25022,291.8424,True,21,5,0
140.3947,0.03834236,0.02351998,-0.2252978,74.47928,35.2682,291.8266,True,21,5,0
140.3974,0.03840817,0.02351601,-0.2252765,74.4896,35.28515,291.8116,True,21,5,0
140.4006,0.03855965,0.0235931,-0.2251314,74.45312,35.30224,291.7646,True,21,5,0
140.4036,0.03862472,0.02359515,-0.2251082,74.46188,35.31875,291.7491,True,21,5,0
140.4077,0.03877608,0.02364187,-0.2248926,74.40708,35.28193,291.6898,True,21,5,0
140.4106,0.03884695,0.02364366,-0.2248641,74.41461,35.29809,291.6716,True,21,5,0
140.4134,0.03890894,0.02364525,-0.2248393,74.42118,35.31218,291.6557,True,21,5,0
140.417,0.03888689,0.02357966,-0.2249801,74.52392,35.36727,291.6771,True,21,5,0
140.4206,0.0389712,0.02358127,-0.2249425,74.53625,35.38769,291.6574,True,21,5,0
140.4239,0.03884536,0.02350181,-0.2251187,74.64251,35.30212,291.5382,True,21,5,0
140.427,0.03890935,0.02350099,-0.2250979,74.6549,35.31491,291.52,True,21,5,0
140.4295,0.03896578,0.02350031,-0.2250796,74.66581,35.32615,291.5039,True,21,5,0
140.4324,0.03908582,0.02345617,-0.225277,74.75283,35.40252,291.6348,True,21,5,0
140.4356,0.03918401,0.02345663,-0.2252588,74.77048,35.42039,291.618,True,21,5,0
140.4386,0.03926203,0.02345708,-0.2252445,74.78445,35.43458,291.6047,True,21,5,0
140.442,0.03929332,0.02342492,-0.2253155,74.82732,35.43983,291.6508,True,21,5,0
140.4449,0.03937923,0.02342328,-0.2253053,74.84419,35.4558,291.6378,True,21,5,0
140.4484,0.03947013,0.0234216,-0.2252947,74.86201,35.47264,291.6239,True,21,5,0
140.4514,0.03945429,0.02341823,-0.2251826,74.84425,35.35032,291.5672,True,21,5,0
140.4544,0.03953129,0.02341396,-0.2251753,74.85908,35.36429,291.5556,True,21,5,0
140.4582,0.03958519,0.02343774,-0.2249369,74.81598,35.20845,291.4484,True,21,5,0
140.462,0.03966164,0.02343118,-0.224924,74.82991,35.21711,291.432,True,21,5,0
140.4663,0.0395856,0.023467,-0.2249405,74.88471,34.94599,291.1453,True,21,5,0
140.4695,0.03965676,0.02347057,-0.2249388,74.8982,34.94491,291.1226,True,21,5,0
140.4724,0.03972545,0.02347404,-0.2249372,74.91124,34.94382,291.1006,True,21,5,0
140.4757,0.03940817,0.02340502,-0.2249511,74.97175,34.65879,290.8235,True,21,5,0
140.4783,0.03945511,0.02340306,-0.2249536,74.98643,34.64886,290.7932,True,21,5,0
140.4822,0.0394868,0.02340126,-0.2250282,74.99537,34.68028,290.8725,True,21,5,0
140.4853,0.03952626,0.02339946,-0.225038,75.00867,34.67133,290.8451,True,21,5,0
140.4883,0.03957123,0.02339746,-0.2250493,75.02385,34.66106,290.8138,True,21,5,0
140.4916,0.03958052,0.02340782,-0.2250503,74.99865,34.70178,290.8898,True,21,5,0
140.498,0.03962241,0.02343117,-0.2250171,74.97031,34.69845,290.8821,True,21,5,0
140.5012,0.03963278,0.02342515,-0.2250459,74.98351,34.68956,290.8548,True,21,5,0
140.5047,0.03964185,0.02341992,-0.2250711,74.99514,34.68171,290.8309,True,21,5,0
140.5089,0.03983885,0.0235993,-0.2247177,74.83891,34.5761,290.6956,True,21,5,0
140.5118,0.03984788,0.02360433,-0.2247445,74.8455,34.56445,290.6664,True,21,5,0
140.516,0.03970413,0.02372307,-0.2243965,74.75976,34.08512,290.1813,True,21,5,0
140.5192,0.03970899,0.02373548,-0.2244206,74.76284,34.05817,290.1381,True,21,5,0
140.5219,0.03971354,0.02374718,-0.2244433,74.76576,34.03281,290.0973,True,21,5,0
140.5251,0.03977421,0.02382533,-0.224245,74.66893,33.80297,289.7839,True,21,5,0
140.5277,0.03978173,0.02383502,-0.2242706,74.66871,33.77665,289.743,True,21,5,0
140.5302,0.03978993,0.02384561,-0.2242985,74.66845,33.74786,289.6983,True,21,5,0
140.5335,0.039878,0.02393563,-0.2240725,74.56513,33.59655,289.4927,True,21,5,0
140.538,0.03989115,0.02395339,-0.2241146,74.56027,33.54752,289.4176,True,21,5,0
140.5415,0.03990836,0.02398053,-0.2240066,74.51754,33.45068,289.2864,True,21,5,0
140.545,0.03991795,0.02399412,-0.2240388,74.51171,33.40451,289.2161,True,21,5,0
140.5488,0.04002739,0.02409597,-0.2238673,74.44374,33.28599,289.116,True,21,5,0
140.5524,0.04004607,0.02411634,-0.2238892,74.43597,33.24096,289.0504,True,21,5,0
140.5554,0.04006298,0.0241348,-0.2239091,74.42892,33.20022,288.9911,True,21,5,0
140.5585,0.04031814,0.0242524,-0.2240222,74.43934,33.26243,289.1989,True,21,5,0
140.5612,0.04035778,0.02428181,-0.2240421,74.43386,33.23078,289.156,True,21,5,0
140.5643,0.04040348,0.02431574,-0.224065,74.42754,33.19434,289.1067,True,21,5,0
140.5679,0.04051663,0.02442785,-0.2240231,74.42951,32.97365,288.9225,True,21,5,0
140.5727,0.04061412,0.02448995,-0.2240517,74.42104,32.91667,288.8496,True,21,5,0
140.5759,0.04044652,0.02453376,-0.2241178,74.49836,32.58115,288.5611,True,21,5,0
140.5784,0.04051416,0.02458024,-0.2241339,74.49526,32.53698,288.5085,True,21,5,0
140.5815,0.04058469,0.02462871,-0.2241507,74.492,32.49096,288.4536,True,21,5,0
140.5851,0.04048192,0.02485228,-0.2238798,74.45925,31.97131,287.9221,True,21,5,0
140.5891,0.04059378,0.02495137,-0.2238924,74.45289,31.88218,287.8197,True,21,5,0
140.5932,0.04069388,0.02517828,-0.2235876,74.35822,31.48471,287.2615,True,21,5,0
140.5959,0.04077157,0.02524854,-0.2235938,74.35173,31.4221,287.1867,True,21,5,0
140.6021,0.04066427,0.02544735,-0.2235634,74.3642,30.99516,286.704,True,21,5,0
140.6055,0.04073942,0.02553329,-0.2235691,74.35751,30.9153,286.6095,True,21,5,0
140.6088,0.0407633,0.02584425,-0.2232934,74.24564,30.59329,286.2709,True,21,5,0
140.6125,0.04085439,0.02598463,-0.2233057,74.23233,30.47954,286.1378,True,21,5,0
140.6164,0.04055693,0.0261215,-0.2233906,74.23894,30.13152,285.871,True,21,5,0
140.6192,0.04059396,0.02622347,-0.2234154,74.23,30.04512,285.7739,True,21,5,0
140.6223,0.04064043,0.02635138,-0.2234464,74.2187,29.9369,285.6521,True,21,5,0
140.6263,0.04028091,0.02651095,-0.2232423,74.13927,29.3641,285.0598,True,21,5,0
140.6288,0.04029129,0.02659947,-0.2232717,74.12939,29.27753,284.9637,True,21,5,0
140.6319,0.04030453,0.02671224,-0.2233091,74.11677,29.1675,284.8414,True,21,5,0
140.6352,0.04059105,0.02712382,-0.2231489,73.96279,29.07976,284.597,True,21,5,0
140.6406,0.04068393,0.02745433,-0.2232941,73.92631,28.82936,284.2895,True,21,5,0
140.6435,0.04071993,0.027596,-0.2233544,73.91001,28.72886,284.1726,True,21,5,0
140.6459,0.04075361,0.02772853,-0.2234107,73.89472,28.63513,284.0636,True,21,5,0
140.6502,0.04066259,0.02807444,-0.2231899,73.77813,28.03127,283.421,True,21,5,0
140.6534,0.04071038,0.02824956,-0.2232675,73.75578,27.90291,283.2734,True,21,5,0
140.6572,0.04072598,0.02846417,-0.2230525,73.66996,27.64025,283.0335,True,21,5,0
140.6609,0.04076473,0.02862351,-0.223104,73.64671,27.51686,282.8935,True,21,5,0
140.6636,0.04079936,0.02876584,-0.2231498,73.62593,27.40701,282.7688,True,21,5,0
140.6668,0.04072783,0.02889134,-0.2231322,73.61285,27.22119,282.646,True,21,5,0
140.6698,0.04075333,0.02902399,-0.2231666,73.59311,27.1147,282.5273,True,21,5,0
140.6727,0.04078037,0.0291644,-0.2232028,73.57207,27.00235,282.4022,True,21,5,0
140.6755,0.04109131,0.02943875,-0.2230008,73.46027,26.86096,282.1395,True,21,5,0
140.679,0.04116839,0.02965392,-0.2230478,73.42589,26.70058,281.9561,True,21,5,0
140.6837,0.04168088,0.02997491,-0.2229379,73.33566,26.8301,282.0479,True,21,5,0
140.687,0.04176414,0.03014514,-0.2229545,73.30807,26.71957,281.9197,True,21,5,0
140.6898,0.04172476,0.03026028,-0.2229867,73.34311,26.56086,281.8017,True,21,5,0
140.6938,0.0418175,0.03045589,-0.2229863,73.31335,26.43145,281.654,True,21,5,0
140.6972,0.04190801,0.03064659,-0.2229858,73.28424,26.30579,281.5105,True,21,5,0
140.7004,0.04180088,0.03069672,-0.2231275,73.35052,26.20642,281.4544,True,21,5,0
140.7033,0.04185906,0.03083555,-0.2231191,73.33065,26.11211,281.348,True,21,5,0
140.7061,0.04192158,0.03098461,-0.22311,73.30931,26.01118,281.2341,True,21,5,0
140.7099,0.0422491,0.03113434,-0.2232249,73.31532,26.15592,281.3113,True,21,5,0
140.7134,0.04235319,0.03133631,-0.2232069,73.28737,26.0286,281.1642,True,21,5,0
140.7171,0.04212563,0.03138277,-0.2231761,73.30199,25.72815,280.8514,True,21,5,0
140.7201,0.04218572,0.03152527,-0.2231571,73.28151,25.62469,280.7329,True,21,5,0
140.7236,0.04267176,0.03172676,-0.2230213,73.18592,25.79358,280.8675,True,21,5,0
140.7269,0.0427542,0.03186874,-0.2229946,73.16274,25.69816,280.7562,True,21,5,0
140.7303,0.04284154,0.03201897,-0.2229664,73.13814,25.59755,280.6387,True,21,5,0
140.7351,0.04314559,0.03214203,-0.222855,73.07137,25.68676,280.7067,True,21,5,0
140.7382,0.04322039,0.03225911,-0.2228199,73.04874,25.60542,280.6106,True,21,5,0
140.7424,0.04321757,0.03228126,-0.2230184,73.10491,25.5603,280.5867,True,21,5,0
140.7451,0.04328724,0.03239341,-0.2229859,73.08389,25.47688,280.4892,True,21,5,0
140.7495,0.04323843,0.03243238,-0.2230532,73.11307,25.24939,280.2567,True,21,5,0
140.7528,0.04331188,0.03254063,-0.2230223,73.0927,25.15795,280.1508,True,21,5,0
140.7587,0.04322109,0.03273886,-0.222907,73.06263,24.65284,279.6055,True,21,5,0
140.7614,0.04327559,0.0328189,-0.222887,73.04756,24.57772,279.5194,True,21,5,0
140.764,0.04333517,0.03290638,-0.2228651,73.03108,24.49581,279.4255,True,21,5,0
140.7708,0.0438004,0.03326167,-0.2229076,72.94997,24.3785,279.2141,True,21,5,0
140.7793,0.04395431,0.03360981,-0.2227361,72.87669,23.98419,278.6845,True,21,5,0
140.7831,0.04343181,0.03368753,-0.2228376,72.96041,23.43882,278.1457,True,21,5,0
140.7863,0.04349526,0.03381455,-0.222822,72.94134,23.3244,278.0126,True,21,5,0
140.789,0.04355633,0.03393675,-0.222807,72.92294,23.21461,277.8847,True,21,5,0
140.7933,0.04342271,0.03410764,-0.2225603,72.85789,22.95646,277.6094,True,21,5,0
140.7957,0.04345331,0.03420228,-0.2225382,72.84223,22.86819,277.5072,True,21,5,0
140.7989,0.0434587,0.03433053,-0.2225294,72.81214,22.93937,277.6215,True,21,5,0
140.8016,0.04347084,0.03444859,-0.2224999,72.79232,22.83506,277.5016,True,21,5,0
140.8053,0.04348433,0.0345794,-0.2224671,72.77029,22.71983,277.3691,True,21,5,0
140.8107,0.04351711,0.03481358,-0.2228207,72.82982,22.67811,277.4045,True,21,5,0
140.8141,0.04352919,0.03494342,-0.2228103,72.81274,22.57831,277.2923,True,21,5,0
140.8182,0.04350056,0.03507943,-0.2230854,72.87863,22.62172,277.4096,True,21,5,0
140.8221,0.04350217,0.03525867,-0.2230778,72.85924,22.49522,277.27,True,21,5,0
140.8251,0.04382535,0.03549401,-0.2229727,72.74294,22.67208,277.3727,True,21,5,0
140.8276,0.04383111,0.03560181,-0.2229747,72.72919,22.60612,277.2975,True,21,5,0
140.8298,0.04383668,0.0357053,-0.2229767,72.71599,22.54292,277.2255,True,21,5,0
140.8329,0.04378619,0.03591482,-0.2227099,72.62496,22.32801,276.911,True,21,5,0
140.8368,0.04378837,0.03607342,-0.222701,72.60203,22.22804,276.7944,True,21,5,0
140.84,0.04371249,0.03631496,-0.2223006,72.47186,21.95991,276.4593,True,21,5,0
140.8434,0.04370628,0.03646088,-0.2222781,72.44708,21.86436,276.3469,True,21,5,0
140.8458,0.04370113,0.03658353,-0.2222591,72.42621,21.78434,276.2527,True,21,5,0
140.8504,0.04374163,0.03673117,-0.2225707,72.48677,21.921,276.3705,True,21,5,0
140.8592,0.04385456,0.03707168,-0.2228568,72.48915,22.03673,276.5243,True,21,5,0
140.8632,0.04383372,0.03722988,-0.2228505,72.46703,21.95551,276.4295,True,21,5,0
140.8663,0.04388167,0.0375309,-0.2224546,72.30408,21.7785,276.1572,True,21,5,0
140.8698,0.04386415,0.03768283,-0.2224425,72.2787,21.70135,276.0647,True,21,5,0
140.8734,0.04402501,0.03792395,-0.2220697,72.12946,21.66412,275.9236,True,21,5,0
140.8771,0.04401182,0.03809066,-0.2220394,72.09624,21.58076,275.8197,True,21,5,0
140.8797,0.0440014,0.03822352,-0.2220153,72.06976,21.51461,275.7373,True,21,5,0
140.8831,0.04401601,0.03834632,-0.2217728,71.99882,21.44893,275.5744,True,21,5,0
140.8858,0.04400432,0.0384644,-0.2217344,71.97261,21.3875,275.4953,True,21,5,0
140.8886,0.04399103,0.03859964,-0.2216904,71.9426,21.31746,275.4052,True,21,5,0
140.8918,0.04400212,0.03858827,-0.2219077,72.01041,21.38671,275.4759,True,21,5,0
140.8945,0.04399198,0.03870024,-0.2218695,71.98669,21.32895,275.4011,True,21,5,0
140.8972,0.04398154,0.03881626,-0.2218298,71.96204,21.26931,275.3237,True,21,5,0
140.901,0.0439244,0.03894246,-0.2218805,71.98733,21.2291,275.2856,True,21,5,0
140.9055,0.04390535,0.03911275,-0.2218153,71.95398,21.14446,275.1764,True,21,5,0
140.9085,0.04395891,0.03912342,-0.2218668,71.97618,21.21362,275.2507,True,21,5,0
140.9116,0.04394557,0.03924817,-0.2218083,71.95116,21.15059,275.1688,True,21,5,0
140.9146,0.04393443,0.03935303,-0.2217591,71.93012,21.09778,275.1003,True,21,5,0
140.9174,0.04392081,0.03936708,-0.2218416,71.96294,21.10087,275.1346,True,21,5,0
140.9203,0.04390933,0.03947102,-0.2217889,71.94242,21.0468,275.0654,True,21,5,0
140.9232,0.04419798,0.03962402,-0.2216586,71.86915,21.2041,275.1886,True,21,5,0
140.9264,0.04419958,0.03972784,-0.2216039,71.84727,21.15668,275.1256,True,21,5,0
140.9299,0.04420157,0.03985074,-0.2215391,71.82133,21.10075,275.0512,True,21,5,0
140.934,0.04474352,0.04005632,-0.2216288,71.77155,21.53425,275.4299,True,21,5,0
140.9375,0.04476666,0.04017462,-0.2215784,71.74726,21.49897,275.3766,True,21,5,0
140.9407,0.04465302,0.04023655,-0.2218232,71.81818,21.41538,275.307,True,21,5,0
140.9438,0.04467549,0.04036747,-0.221784,71.79547,21.3756,275.249,True,21,5,0
140.9471,0.0446959,0.04048598,-0.2217486,71.77486,21.33973,275.1967,True,21,5,0
140.9503,0.04449729,0.04051216,-0.2218089,71.81483,21.22622,275.0403,True,21,5,0
140.9535,0.04450286,0.04062559,-0.2217704,71.796,21.18787,274.9845,True,21,5,0
140.9564,0.0449459,0.04085067,-0.2216134,71.68315,21.5442,275.205,True,21,5,0
140.9604,0.04496241,0.04099526,-0.2215633,71.65654,21.51336,275.1483,True,21,5,0
140.9635,0.04497547,0.04110897,-0.2215239,71.63565,21.4892,275.1039,True,21,5,0
140.9666,0.04522018,0.04118437,-0.2214451,71.57544,21.73019,275.2883,True,21,5,0
140.9697,0.04523181,0.04127981,-0.2214046,71.55492,21.71539,275.2536,True,21,5,0
140.9727,0.04524466,0.04138477,-0.22136,71.53242,21.69919,275.2155,True,21,5,0
140.9762,0.04546732,0.04153489,-0.2212192,71.44975,21.86336,275.3499,True,21,5,0
140.979,0.0454828,0.04163921,-0.2211723,71.42531,21.85255,275.3169,True,21,5,0
140.9837,0.0456434,0.04179144,-0.2211236,71.38628,21.99378,275.4396,True,21,5,0
140.9865,0.04565885,0.04188229,-0.2210806,71.36495,21.98868,275.4156,True,21,5,0
140.9896,0.04557061,0.04207596,-0.2209429,71.32839,21.84616,275.2791,True,21,5,0
140.993,0.04558599,0.04218622,-0.2208924,71.30459,21.83635,275.2495,True,21,5,0
140.9954,0.04559861,0.0422764,-0.2208512,71.28512,21.82836,275.2253,True,21,5,0
140.9984,0.04558001,0.0423537,-0.2209835,71.328,21.82673,275.2827,True,21,5,0
141.0012,0.04559917,0.04246755,-0.2209372,71.3063,21.81775,275.2556,True,21,5,0
141.0045,0.04561867,0.04258293,-0.2208904,71.28426,21.8087,275.2282,True,21,5,0
141.0074,0.04570573,0.04264677,-0.2210546,71.33952,21.91854,275.2888,True,21,5,0
141.0172,0.04593967,0.0429763,-0.220952,71.2951,22.02937,275.2911,True,21,5,0
141.021,0.04597841,0.04309921,-0.2208957,71.27436,22.02749,275.2668,True,21,5,0
141.0241,0.04611434,0.04330799,-0.2206678,71.19488,21.85476,275.0726,True,21,5,0
141.0272,0.04617111,0.04341713,-0.2206228,71.1757,21.84861,275.0475,True,21,5,0
141.0297,0.04621922,0.04350948,-0.2205847,71.15947,21.84343,275.0262,True,21,5,0
141.0332,0.04601164,0.04369466,-0.2203573,71.11366,21.42185,274.5992,True,21,5,0
141.0372,0.04608931,0.04384193,-0.2202991,71.08764,21.39836,274.5515,True,21,5,0
141.041,0.046253,0.0439969,-0.2204515,71.12392,21.29198,274.4767,True,21,5,0
141.0443,0.04636781,0.04414795,-0.2204141,71.10137,21.27176,274.4356,True,21,5,0
141.0471,0.04644945,0.04425526,-0.2203876,71.08534,21.25747,274.4065,True,21,5,0
141.0502,0.04675266,0.04439387,-0.2204405,71.08649,21.38082,274.5388,True,21,5,0
141.054,0.04688662,0.04455394,-0.2204038,71.06526,21.36172,274.5,True,21,5,0
141.057,0.04742501,0.04473539,-0.2204447,71.00811,21.75458,274.9095,True,21,5,0
141.0599,0.04752824,0.04484984,-0.2204231,70.992,21.75224,274.8942,True,21,5,0
141.0623,0.04762633,0.0449585,-0.2204027,70.97671,21.75003,274.8796,True,21,5,0
141.0665,0.04745318,0.04514396,-0.220449,71.02621,21.44545,274.5941,True,21,5,0
141.0706,0.04759751,0.04532161,-0.2204183,71.00565,21.43117,274.5625,True,21,5,0
141.0746,0.04723827,0.04539023,-0.2205779,71.11989,21.11898,274.2192,True,21,5,0
141.0775,0.04732857,0.04552752,-0.2205503,71.10806,21.09919,274.1856,True,21,5,0
141.0803,0.04740815,0.04564843,-0.220526,71.09768,21.08177,274.156,True,21,5,0
141.0845,0.04761677,0.04573207,-0.2208259,71.19701,21.28192,274.3646,True,21,5,0
141.0874,0.0477054,0.04586311,-0.220801,71.18913,21.26957,274.3398,True,21,5,0
141.0905,0.04785642,0.04591426,-0.2207949,71.18781,21.38271,274.4252,True,21,5,0
141.0944,0.04795888,0.04606034,-0.2207584,71.17831,21.37236,274.3988,True,21,5,0
141.0969,0.0480326,0.04616536,-0.2207321,71.17152,21.36491,274.3798,True,21,5,0
141.1,0.04826069,0.04646972,-0.2202807,71.03611,21.24475,274.0927,True,21,5,0
141.1035,0.04836454,0.04660499,-0.2202352,71.02377,21.23245,274.0615,True,21,5,0
141.1085,0.04855375,0.04693496,-0.2198372,70.89136,21.04917,273.7558,True,21,5,0
141.112,0.04868343,0.04709554,-0.2197809,70.87271,21.02913,273.7103,True,21,5,0
141.115,0.04883564,0.04718103,-0.2199698,70.90034,21.06056,273.7404,True,21,5,0
141.1187,0.04896151,0.04732609,-0.2199382,70.88477,21.04383,273.7024,True,21,5,0
141.1221,0.04909972,0.04748522,-0.2199036,70.86768,21.02552,273.6608,True,21,5,0
141.1263,0.04901057,0.04762509,-0.2199554,70.89455,20.69946,273.406,True,21,5,0
141.1288,0.04910866,0.04773383,-0.2199405,70.88414,20.67943,273.3727,True,21,5,0
141.1323,0.04928196,0.04800472,-0.2197337,70.80524,20.49587,273.1167,True,21,5,0
141.1366,0.04948508,0.04821822,-0.2197083,70.78291,20.45216,273.046,True,21,5,0
141.1407,0.0506741,0.04905362,-0.2184805,70.30435,20.6817,272.814,True,21,5,0
141.1447,0.05093191,0.04929258,-0.2184215,70.26798,20.6533,272.7458,True,21,5,0
141.1483,0.0520626,0.05006433,-0.2172406,69.81319,20.88056,272.5587,True,21,5,0
141.1534,0.05244992,0.05039454,-0.217119,69.74965,20.85994,272.4724,True,21,5,0
141.1573,0.05239531,0.05067018,-0.2167812,69.65741,20.53653,272.0313,True,21,5,0
141.1608,0.05261369,0.05087008,-0.2166982,69.61645,20.51498,271.9667,True,21,5,0
141.1646,0.05288469,0.0511176,-0.2165957,69.5657,20.48851,271.8869,True,21,5,0
141.1683,0.05280347,0.05121611,-0.2163653,69.51695,20.3435,271.6844,True,21,5,0
141.1718,0.05298722,0.05139486,-0.2162698,69.47597,20.31904,271.6168,True,21,5,0
141.1754,0.05354454,0.05158471,-0.2160314,69.39001,20.59277,271.8126,True,21,5,0
141.1803,0.05386544,0.05187118,-0.2158409,69.3196,20.56761,271.7138,True,21,5,0
141.1847,0.05414677,0.0519048,-0.2160165,69.3636,20.75097,271.9638,True,21,5,0
141.1877,0.05432292,0.05205512,-0.2159133,69.32643,20.74248,271.9171,True,21,5,0
141.1908,0.0539652,0.05211061,-0.2158455,69.35279,20.35053,271.5597,True,21,5,0
141.194,0.05411404,0.05225046,-0.2157467,69.31838,20.33147,271.5055,True,21,5,0
141.1971,0.05427403,0.05240047,-0.2156409,69.28144,20.31113,271.4474,True,21,5,0
141.2016,0.05410033,0.0523686,-0.2159684,69.4054,20.16243,271.3062,True,21,5,0
141.2054,0.05425398,0.05252123,-0.2158686,69.37041,20.1359,271.2398,True,21,5,0
141.2084,0.05420517,0.05251072,-0.215965,69.41138,20.15685,271.3021,True,21,5,0
141.211,0.05430786,0.05262201,-0.2158886,69.38615,20.13772,271.2542,True,21,5,0
141.2139,0.05440818,0.05273061,-0.2158141,69.36149,20.11909,271.2075,True,21,5,0
141.2173,0.05446673,0.05262765,-0.2159185,69.40603,20.15762,271.2758,True,21,5,0
141.2203,0.05457577,0.05273001,-0.2158337,69.37997,20.1379,271.2264,True,21,5,0
141.2234,0.05509578,0.05286635,-0.2161376,69.40678,20.41561,271.5228,True,21,5,0
141.2274,0.05524977,0.05299421,-0.2160727,69.37977,20.40279,271.4789,True,21,5,0
141.23,0.05536649,0.053091,-0.2160237,69.3593,20.39314,271.4456,True,21,5,0
141.2328,0.05631829,0.05332203,-0.2161519,69.27856,21.00749,272.0354,True,21,5,0
141.237,0.05653702,0.05347915,-0.2161001,69.24561,21.01857,272.0114,True,21,5,0
141.2402,0.0562431,0.05362222,-0.2157905,69.19061,20.64246,271.5931,True,21,5,0
141.243,0.05637393,0.0537307,-0.2157443,69.16688,20.63937,271.5652,True,21,5,0
141.2455,0.05649832,0.05383374,-0.2157004,69.14435,20.63646,271.5387,True,21,5,0
141.2486,0.05629965,0.05377819,-0.2160362,69.25511,20.52561,271.4537,True,21,5,0
141.2518,0.05642835,0.05389395,-0.2160005,69.23259,20.51898,271.4207,True,21,5,0
141.2551,0.05657874,0.05402909,-0.215959,69.20626,20.51131,271.3823,True,21,5,0
141.2585,0.05636266,0.05386214,-0.2162892,69.32231,20.50237,271.4003,True,21,5,0
141.261,0.05643983,0.05393663,-0.2162666,69.30772,20.49721,271.3759,True,21,5,0
141.2636,0.05652556,0.05401933,-0.2162415,69.29153,20.4915,271.3487,True,21,5,0
141.2666,0.05640516,0.05390821,-0.2164503,69.38602,20.41047,271.2738,True,21,5,0
141.2698,0.05648535,0.0539795,-0.2164253,69.37265,20.40272,271.2452,True,21,5,0
141.2726,0.05656837,0.05405325,-0.2163995,69.3588,20.39472,271.2155,True,21,5,0
141.2759,0.05695885,0.05435421,-0.2158843,69.18139,20.52142,271.3147,True,21,5,0
141.2795,0.05707693,0.05446407,-0.2158219,69.15672,20.51631,271.281,True,21,5,0
141.2827,0.05730788,0.05464378,-0.2156737,69.10663,20.60627,271.4031,True,21,5,0
141.2856,0.05739794,0.05473255,-0.2156206,69.08791,20.60505,271.3826,True,21,5,0
141.2888,0.05751532,0.05484806,-0.2155517,69.06351,20.60348,271.356,True,21,5,0
141.2929,0.05757501,0.05488142,-0.2155742,69.08508,20.66043,271.4441,True,21,5,0
141.2958,0.05765608,0.05496627,-0.2155172,69.0678,20.65928,271.4252,True,21,5,0
141.2992,0.05743785,0.05499481,-0.2154681,69.08176,20.44774,271.242,True,21,5,0
141.3023,0.05751588,0.05508652,-0.2154039,69.06298,20.43985,271.2153,True,21,5,0
141.3076,0.05737233,0.05508962,-0.2154831,69.10931,20.31783,271.0902,True,21,5,0
141.3104,0.05742346,0.05515662,-0.2154357,69.09595,20.30838,271.066,True,21,5,0
141.3128,0.05747318,0.05522171,-0.2153898,69.08302,20.2992,271.0424,True,21,5,0
141.3168,0.05743584,0.05519432,-0.2154849,69.11843,20.26645,271.0124,True,21,5,0
141.3199,0.05749178,0.05526343,-0.2154355,69.10417,20.2564,270.9865,True,21,5,0
141.3235,0.05748823,0.05530965,-0.215494,69.14899,20.17296,270.8851,True,21,5,0
141.3269,0.05754923,0.05537957,-0.2154465,69.13721,20.16123,270.8582,True,21,5,0
141.3295,0.05759978,0.05543743,-0.2154071,69.12751,20.15152,270.8361,True,21,5,0
141.3327,0.05780368,0.05540717,-0.215868,69.26925,20.27968,270.9728,True,21,5,0
141.336,0.05788068,0.05547754,-0.2158391,69.26273,20.27272,270.9525,True,21,5,0
141.3396,0.05797354,0.05556239,-0.2158044,69.25495,20.26435,270.9279,True,21,5,0
141.3427,0.05822531,0.05563706,-0.2157729,69.22291,20.41002,271.1118,True,21,5,0
141.3453,0.05830417,0.05570409,-0.2157454,69.21586,20.40736,271.0973,True,21,5,0
141.3503,0.05847825,0.05579337,-0.2158852,69.23806,20.46759,271.2022,True,21,5,0
141.354,0.058577,0.05587852,-0.2158636,69.23013,20.46458,271.186,True,21,5,0
141.3572,0.05869821,0.0559254,-0.2158838,69.2192,20.56222,271.2995,True,21,5,0
141.3607,0.05877151,0.05599077,-0.215868,69.21241,20.56308,271.2902,True,21,5,0
141.3637,0.05884481,0.05605607,-0.2158522,69.20564,20.56394,271.2809,True,21,5,0
141.3674,0.05867427,0.05617563,-0.2157143,69.16938,20.38007,271.1071,True,21,5,0
141.3716,0.05874514,0.05625965,-0.2156953,69.15987,20.37455,271.0897,True,21,5,0
141.3787,0.05873499,0.05639753,-0.2155915,69.13148,20.29477,271.0096,True,21,5,0
141.3822,0.0588236,0.0564485,-0.2155131,69.11265,20.32261,271.0278,True,21,5,0
141.3853,0.05886994,0.0565071,-0.2154943,69.10625,20.31896,271.0161,True,21,5,0
141.3893,0.05893367,0.05658764,-0.2154684,69.09749,20.31392,271.0001,True,21,5,0
141.3934,0.05887556,0.05667073,-0.2153502,69.07684,20.24549,270.9175,True,21,5,0
141.3963,0.05890939,0.05672386,-0.2153281,69.07084,20.24073,270.9055,True,21,5,0
141.3999,0.05869758,0.05684544,-0.2151724,69.04965,19.99262,270.676,True,21,5,0
141.4033,0.05872538,0.05690576,-0.2151472,69.04306,19.98109,270.6578,True,21,5,0
141.4072,0.05868334,0.05706045,-0.2151265,69.0401,19.87183,270.5633,True,21,5,0
141.4102,0.05871264,0.05713198,-0.215106,69.03377,19.85793,270.5435,True,21,5,0
141.4129,0.05874265,0.05720522,-0.215085,69.02728,19.84371,270.5232,True,21,5,0
141.4174,0.05890758,0.05729327,-0.2151842,69.03602,19.97371,270.6438,True,21,5,0
141.421,0.05894004,0.05738004,-0.2151648,69.02911,19.95849,270.6221,True,21,5,0
141.424,0.05898263,0.05738975,-0.2152121,69.03728,20.02904,270.7068,True,21,5,0
141.4271,0.05899942,0.05744831,-0.2151977,69.03253,20.01852,270.6918,True,21,5,0
141.4295,0.05901495,0.05750237,-0.2151845,69.02814,20.00884,270.678,True,21,5,0
141.4343,0.05865726,0.05762137,-0.2150965,69.03966,19.72142,270.4213,True,21,5,0
141.4377,0.05865704,0.05769052,-0.2150773,69.03497,19.70151,270.3976,True,21,5,0
141.4422,0.05846808,0.05772494,-0.2151359,69.07191,19.6005,270.3088,True,21,5,0
141.4452,0.05845397,0.0577933,-0.2151173,69.06855,19.57673,270.2817,True,21,5,0
141.449,0.0586609,0.05795994,-0.2149982,68.99832,19.69297,270.3648,True,21,5,0
141.4524,0.05865303,0.05803679,-0.21498,68.99241,19.67291,270.3402,True,21,5,0
141.4557,0.05864462,0.05811913,-0.2149605,68.98611,19.65142,270.3139,True,21,5,0
141.4595,0.0589767,0.05833808,-0.2147111,68.85653,19.82765,270.4617,True,21,5,0
141.4628,0.05897958,0.05841531,-0.2146915,68.84682,19.81517,270.4441,True,21,5,0
141.4671,0.05913302,0.05856326,-0.2145683,68.77666,19.90474,270.5341,True,21,5,0
141.471,0.05913797,0.05864558,-0.2145461,68.76392,19.89503,270.519,True,21,5,0
141.4744,0.059019,0.05866517,-0.2147554,68.82264,19.85,270.5045,True,21,5,0
141.4775,0.05902205,0.05874509,-0.2147443,68.81183,19.84174,270.4917,True,21,5,0
141.4806,0.05902474,0.05881543,-0.2147346,68.8023,19.83448,270.4804,True,21,5,0
141.4844,0.05872805,0.05889802,-0.2147307,68.82014,19.63671,270.3466,True,21,5,0
141.4879,0.05871401,0.05898398,-0.214719,68.80992,19.62146,270.329,True,21,5,0
141.4914,0.05852102,0.05920409,-0.2145023,68.75006,19.41569,270.192,True,21,5,0
141.4947,0.05850177,0.05929025,-0.2144873,68.73967,19.39666,270.1732,True,21,5,0
141.499,0.0584558,0.0594631,-0.214285,68.67329,19.31943,270.134,True,21,5,0
141.5019,0.05843309,0.05955467,-0.2142626,68.66074,19.29791,270.1139,True,21,5,0
141.5051,0.05841355,0.05963351,-0.2142433,68.64994,19.27941,270.0966,True,21,5,0
141.508,0.0586428,0.05985866,-0.2138914,68.51186,19.34468,270.1541,True,21,5,0
141.5112,0.05863023,0.05996245,-0.2138553,68.49353,19.32441,270.1351,True,21,5,0
141.5148,0.05861742,0.06006859,-0.2138183,68.47478,19.30375,270.1157,True,21,5,0
141.5267,0.05887856,0.06033602,-0.2139143,68.48766,19.49607,270.2006,True,21,5,0
141.5308,0.05888281,0.06043771,-0.2138756,68.47183,19.48402,270.1864,True,21,5,0
141.534,0.05885547,0.06041825,-0.2142405,68.58579,19.54018,270.2632,True,21,5,0
141.5374,0.05886076,0.06050706,-0.2142191,68.57599,19.53172,270.2536,True,21,5,0
141.5408,0.05858947,0.06056936,-0.2144175,68.64336,19.31781,270.0986,True,21,5,0
141.5436,0.05858991,0.0606546,-0.2144127,68.63685,19.30422,270.0857,True,21,5,0
141.5462,0.05859046,0.06075135,-0.2144072,68.62946,19.2888,270.0711,True,21,5,0
141.5511,0.05868639,0.06087564,-0.2146496,68.67072,19.30523,270.1066,True,21,5,0
141.5555,0.05871085,0.06103329,-0.2146631,68.66046,19.28388,270.0863,True,21,5,0
141.5591,0.05910887,0.06134351,-0.2143321,68.49897,19.42749,270.1761,True,21,5,0
141.5622,0.05914033,0.06144938,-0.2143348,68.48781,19.41922,270.1668,True,21,5,0
141.5657,0.05928991,0.06157546,-0.2142961,68.45181,19.44079,270.2594,True,21,5,0
141.5695,0.05934434,0.06171238,-0.2142998,68.43609,19.43104,270.2513,True,21,5,0
141.5746,0.05903545,0.06191613,-0.2140758,68.39033,19.11274,269.9983,True,21,5,0
141.5776,0.05906161,0.06203111,-0.2140677,68.3764,19.09432,269.9833,True,21,5,0
141.5811,0.05908761,0.06214523,-0.2140597,68.36257,19.07605,269.9685,True,21,5,0
141.5853,0.05859721,0.06214698,-0.2143884,68.50121,18.80573,269.7667,True,21,5,0
141.5931,0.05873722,0.06238635,-0.2145138,68.50991,19.04869,269.9555,True,21,5,0
141.5961,0.05872516,0.0624772,-0.2145105,68.5037,19.03539,269.9449,True,21,5,0
141.6003,0.059117,0.06287302,-0.2140599,68.33437,19.26616,270.0753,True,21,5,0
141.6039,0.05911168,0.06299524,-0.2140322,68.32172,19.25846,270.0674,True,21,5,0
141.6071,0.05939547,0.06322141,-0.2136883,68.19779,19.40394,270.1522,True,21,5,0
141.6113,0.05940118,0.06339069,-0.213626,68.17512,19.40027,270.1455,True,21,5,0
141.6149,0.05911494,0.06355342,-0.2135227,68.19177,19.06569,269.852,True,21,5,0
141.6183,0.05912714,0.06369592,-0.2134701,68.17545,19.05163,269.8371,True,21,5,0
141.6212,0.05913756,0.06381704,-0.2134253,68.1616,19.03971,269.8245,True,21,5,0
141.6243,0.05869755,0.06374164,-0.2138696,68.35154,18.77055,269.629,True,21,5,0
141.6278,0.05869959,0.06386995,-0.2138372,68.34335,18.74916,269.6093,True,21,5,0
141.6309,0.0587016,0.0639956,-0.2138055,68.33531,18.72823,269.5901,True,21,5,0
141.6418,0.05943096,0.06447397,-0.2138466,68.33895,19.13518,269.9586,True,21,5,0
141.6454,0.05948225,0.06462978,-0.2138018,68.33067,19.12897,269.9526,True,21,5,0
141.6495,0.05975315,0.06492946,-0.2135135,68.23716,19.19195,269.9466,True,21,5,0
141.6541,0.0598366,0.06513806,-0.2134418,68.22269,19.18731,269.939,True,21,5,0
141.6576,0.06001792,0.06534377,-0.213104,68.12054,19.23228,269.9322,True,21,5,0
141.6623,0.06009225,0.06552044,-0.2130224,68.10365,19.2302,269.9254,True,21,5,0
141.6651,0.05989859,0.0655511,-0.2131123,68.16272,19.06342,269.7403,True,21,5,0
141.6684,0.05995911,0.06570493,-0.2130459,68.15018,19.05579,269.7279,True,21,5,0
141.6721,0.06001242,0.06584032,-0.2129875,68.13917,19.04907,269.717,True,21,5,0
141.676,0.0594758,0.06586052,-0.2128687,68.1753,18.71065,269.3944,True,21,5,0
141.679,0.05949143,0.06597926,-0.2128037,68.16608,18.69416,269.3745,True,21,5,0
141.6823,0.05981059,0.06622544,-0.2125301,68.06387,18.90491,269.4662,True,21,5,0
141.6869,0.05983881,0.06640954,-0.2124193,68.04591,18.89151,269.4422,True,21,5,0
141.6942,0.05971744,0.06687544,-0.2120401,67.96382,18.67163,269.13,True,21,5,0
141.6974,0.05973131,0.06700219,-0.2119693,67.95124,18.65787,269.1076,True,21,5,0
141.7003,0.05980839,0.0671196,-0.2118489,67.90138,18.67081,269.0848,True,21,5,0
141.7053,0.05983268,0.06731279,-0.2117408,67.87942,18.64997,269.0488,True,21,5,0
141.7089,0.05996903,0.06739309,-0.2117127,67.85282,18.73505,269.1211,True,21,5,0
141.712,0.0599886,0.06751661,-0.2116441,67.83723,18.72388,269.0994,True,21,5,0
141.7149,0.06000426,0.06761508,-0.2115894,67.82481,18.71496,269.082,True,21,5,0
141.7181,0.05987506,0.06765077,-0.2117718,67.88856,18.60518,269.0347,True,21,5,0
141.7209,0.05989221,0.06775446,-0.2117258,67.87742,18.59324,269.0157,True,21,5,0
141.724,0.06040487,0.06797893,-0.2117221,67.84866,18.8326,269.1924,True,21,5,0
141.7281,0.0604708,0.06813289,-0.2116618,67.83324,18.82577,269.1742,True,21,5,0
141.7308,0.06051955,0.0682466,-0.2116172,67.82188,18.82075,269.1607,True,21,5,0
141.7342,0.06051923,0.06852429,-0.2112687,67.7254,18.69176,268.9864,True,21,5,0
141.7444,0.06108006,0.06900403,-0.2108453,67.59282,18.89101,269.1631,True,21,5,0
141.7488,0.06119781,0.06906097,-0.2110795,67.7039,18.97691,269.3036,True,21,5,0
141.7516,0.06126446,0.06917797,-0.2110134,67.69194,18.97728,269.2969,True,21,5,0
141.7545,0.06133728,0.06930564,-0.2109413,67.67892,18.9777,269.2897,True,21,5,0
141.7577,0.06141426,0.06925768,-0.2111103,67.74752,19.10687,269.4568,True,21,5,0
141.7613,0.0614805,0.0693727,-0.2110392,67.73673,19.1114,269.455,True,21,5,0
141.7641,0.06154027,0.06947641,-0.2109752,67.72699,19.11548,269.4533,True,21,5,0
141.7671,0.06147553,0.0695174,-0.2112214,67.81093,19.02426,269.3746,True,21,5,0
141.7707,0.06154937,0.0696409,-0.2111668,67.80286,19.02566,269.3699,True,21,5,0
141.7741,0.06126549,0.06984155,-0.2108912,67.7462,18.68059,268.9586,True,21,5,0
141.7769,0.06131861,0.06995022,-0.210845,67.73797,18.67209,268.9431,True,21,5,0
141.7797,0.06137848,0.07007256,-0.210793,67.72868,18.66256,268.9258,True,21,5,0
141.7849,0.06132938,0.07030357,-0.2104402,67.63029,18.51694,268.7284,True,21,5,0
141.7879,0.06137571,0.07041506,-0.2103854,67.61906,18.50421,268.7072,True,21,5,0
141.7913,0.0614381,0.07050507,-0.210257,67.58271,18.49903,268.6786,True,21,5,0
141.7989,0.06175242,0.07069038,-0.2102153,67.56231,18.65569,268.8165,True,21,5,0
141.802,0.06181248,0.07080558,-0.2101499,67.54832,18.64754,268.7978,True,21,5,0
141.8068,0.06220687,0.07103211,-0.2098971,67.44473,18.83035,268.9373,True,21,5,0
141.8097,0.06226652,0.07112631,-0.2098386,67.43076,18.82961,268.9271,True,21,5,0
141.8127,0.06233203,0.07122968,-0.2097745,67.41547,18.82881,268.9159,True,21,5,0
141.8161,0.06275217,0.07135153,-0.2097956,67.42188,19.10919,269.0924,True,21,5,0
141.8204,0.0628598,0.07149485,-0.209701,67.40285,19.12057,269.086,True,21,5,0
141.8238,0.06314711,0.07148857,-0.2100698,67.51672,19.4211,269.3355,True,21,5,0
141.8273,0.06323007,0.07159357,-0.2100098,67.50705,19.43912,269.3392,True,21,5,0
141.8302,0.06330696,0.07169084,-0.2099543,67.49812,19.45581,269.3427,True,21,5,0
141.833,0.06314162,0.07175787,-0.2098739,67.50559,19.28441,269.1795,True,21,5,0
141.8369,0.06323122,0.07188058,-0.2098022,67.49467,19.29869,269.1775,True,21,5,0
141.841,0.06280783,0.07200074,-0.2094022,67.43905,18.89078,268.79,True,21,5,0
141.8439,0.06285971,0.07209584,-0.2093289,67.42841,18.88897,268.7758,True,21,5,0
141.8468,0.06290232,0.07217383,-0.2092687,67.41969,18.88749,268.7641,True,21,5,0
141.8496,0.06266093,0.07220271,-0.2092827,67.45259,18.6455,268.5593,True,21,5,0
141.8531,0.06271423,0.07230747,-0.2092101,67.44219,18.63449,268.536,True,21,5,0
141.8573,0.06269827,0.07235193,-0.20921,67.45055,18.5914,268.4875,True,21,5,0
141.8614,0.0627485,0.07244746,-0.2091462,67.4409,18.58121,268.4659,True,21,5,0
141.8641,0.06278662,0.07251985,-0.2090978,67.43359,18.57351,268.4496,True,21,5,0
141.8667,0.06293416,0.07259986,-0.209023,67.40625,18.63175,268.4738,True,21,5,0
141.8703,0.06298539,0.07268611,-0.2089639,67.39676,18.6245,268.4553,True,21,5,0
141.8738,0.06339041,0.07281354,-0.2089145,67.3482,18.82241,268.6486,True,21,5,0
141.8771,0.0634655,0.07290308,-0.2088589,67.33694,18.82238,268.6371,True,21,5,0
141.8815,0.06361887,0.07298729,-0.2087802,67.31317,18.92994,268.7078,True,21,5,0
141.8853,0.06369078,0.07307842,-0.2087156,67.30075,18.93351,268.6984,True,21,5,0
141.8886,0.06376058,0.0731668,-0.208653,67.28872,18.93698,268.6893,True,21,5,0
141.8927,0.06390989,0.07321858,-0.2085416,67.27621,19.00434,268.7885,True,21,5,0
141.896,0.06397095,0.07329063,-0.2084779,67.26655,19.00709,268.7812,True,21,5,0
141.9023,0.06389472,0.07337223,-0.2087863,67.42319,18.99644,268.8065,True,21,5,0
141.9062,0.06395299,0.07346532,-0.2087259,67.41898,18.99883,268.8,True,21,5,0
141.9095,0.06381164,0.07349175,-0.2087709,67.48335,18.86885,268.6401,True,21,5,0
141.9125,0.06386575,0.07358396,-0.2087102,67.4816,18.86673,268.6286,True,21,5,0
141.916,0.06403864,0.07366194,-0.2087482,67.49489,18.92891,268.5989,True,21,5,0
141.9189,0.06409356,0.07373936,-0.2087034,67.49385,18.92907,268.5889,True,21,5,0
141.9227,0.06417727,0.07385734,-0.2086352,67.49232,18.92929,268.5736,True,21,5,0
141.9263,0.06445522,0.07392727,-0.208455,67.44048,19.0416,268.6273,True,21,5,0
141.9291,0.06451958,0.07399678,-0.2084035,67.43798,19.04497,268.6191,True,21,5,0
141.9321,0.0647165,0.07406865,-0.2082716,67.38158,19.13901,268.6788,True,21,5,0
141.9351,0.06479448,0.07414347,-0.208212,67.3767,19.1462,268.6714,True,21,5,0
141.9389,0.06487393,0.07421966,-0.2081514,67.37174,19.15353,268.6638,True,21,5,0
141.9437,0.06520158,0.07430935,-0.2083402,67.41566,19.29239,268.8202,True,21,5,0
141.9551,0.06554877,0.07451081,-0.2083902,67.44302,19.4237,268.929,True,21,5,0
141.9593,0.06572258,0.07457149,-0.2083114,67.41437,19.53866,269.0607,True,21,5,0
141.9621,0.0657903,0.07462533,-0.2082837,67.41199,19.55214,269.0652,True,21,5,0
141.966,0.06591158,0.07470454,-0.2082035,67.39141,19.61484,269.1367,True,21,5,0
141.9691,0.06597824,0.07475846,-0.2081725,67.38833,19.63039,269.1435,True,21,5,0
141.9719,0.06604291,0.07481077,-0.2081425,67.38535,19.64548,269.1501,True,21,5,0
141.9755,0.06587365,0.07486825,-0.2078822,67.33987,19.53181,269.0543,True,21,5,0
141.9783,0.06592871,0.07492407,-0.207834,67.3353,19.54644,269.0595,True,21,5,0
141.9826,0.06559069,0.07493189,-0.2079836,67.42244,19.35008,268.9157,True,21,5,0
141.9854,0.06561791,0.07498035,-0.2079542,67.4214,19.35573,268.9158,True,21,5,0
141.988,0.06564492,0.07502839,-0.2079251,67.42035,19.36131,268.9158,True,21,5,0
141.9914,0.06539687,0.07505253,-0.2079701,67.46561,19.10596,268.6627,True,21,5,0
141.9957,0.06543585,0.07512398,-0.207939,67.46597,19.10355,268.6524,True,21,5,0
141.9987,0.06534202,0.07537299,-0.2075512,67.38775,18.85665,268.3307,True,21,5,0
142.0027,0.06539614,0.07547827,-0.2074936,67.38453,18.8428,268.3049,True,21,5,0
142.0068,0.06541007,0.07558505,-0.2074022,67.37399,18.818,268.2264,True,21,5,0
142.0106,0.0654543,0.07568215,-0.2073464,67.37086,18.80521,268.2015,True,21,5,0
142.0138,0.06548668,0.07575318,-0.2073057,67.36859,18.79589,268.1833,True,21,5,0
142.0169,0.06548937,0.07580547,-0.2072521,67.35893,18.79057,268.1126,True,21,5,0
142.0202,0.06552019,0.07588218,-0.2072062,67.35607,18.78008,268.09,True,21,5,0
142.0238,0.06605561,0.07607175,-0.2070153,67.26496,19.05686,268.3411,True,21,5,0
142.0285,0.06612758,0.07617216,-0.2069499,67.25727,19.05656,268.3248,True,21,5,0
142.0315,0.06654878,0.07620783,-0.2072577,67.32217,19.3896,268.6949,True,21,5,0
142.0341,0.0666151,0.07628287,-0.2072248,67.3191,19.40001,268.6957,True,21,5,0
142.0374,0.06668101,0.07635745,-0.2071922,67.31599,19.41034,268.6966,True,21,5,0
142.0415,0.06690861,0.07640567,-0.2072933,67.34566,19.58234,268.8988,True,21,5,0
142.0447,0.06698821,0.07649015,-0.2072574,67.34318,19.59966,268.9065,True,21,5,0
142.0574,0.0673205,0.07668591,-0.2072064,67.34917,19.75982,269.047,True,21,5,0
142.0608,0.06738179,0.07674533,-0.2071784,67.34758,19.77607,269.0563,True,21,5,0
142.0644,0.06745921,0.07682043,-0.207143,67.3456,19.79659,269.0681,True,21,5,0
142.068,0.06708034,0.07685181,-0.2072878,67.43783,19.4574,268.7581,True,21,5,0
142.072,0.06715222,0.07693768,-0.2072659,67.43945,19.46484,268.7579,True,21,5,0
142.0757,0.06695078,0.07702385,-0.2072213,67.45984,19.18332,268.4366,True,21,5,0
142.0784,0.0670089,0.07709426,-0.2072079,67.46167,19.18046,268.4269,True,21,5,0
142.0814,0.06706025,0.07715644,-0.2071961,67.46328,19.17791,268.4183,True,21,5,0
142.0847,0.06702977,0.07721771,-0.2070792,67.43054,19.10093,268.3085,True,21,5,0
142.0886,0.06710415,0.07731013,-0.2070599,67.43172,19.09376,268.2904,True,21,5,0
142.0928,0.06708031,0.07737194,-0.2069377,67.40276,19.06064,268.2294,True,21,5,0
142.0958,0.0671208,0.07742974,-0.2069209,67.40282,19.05511,268.216,True,21,5,0
142.0995,0.06730492,0.07749285,-0.2069246,67.39021,19.17386,268.3385,True,21,5,0
142.1061,0.0673933,0.07760997,-0.2068924,67.38953,19.17042,268.319,True,21,5,0
142.1093,0.06760561,0.07776275,-0.2068192,67.38774,19.20347,268.3953,True,21,5,0
142.112,0.06766187,0.07782766,-0.2067961,67.38745,19.20206,268.3874,True,21,5,0
142.1151,0.06779281,0.07793693,-0.2066561,67.3348,19.2721,268.4675,True,21,5,0
142.1178,0.06784298,0.0779992,-0.2066304,67.33292,19.27292,268.4625,True,21,5,0
142.1212,0.06790084,0.07807101,-0.2066008,67.33072,19.27386,268.4567,True,21,5,0
142.1259,0.06810492,0.07820126,-0.2064968,67.28671,19.36504,268.5621,True,21,5,0
142.1289,0.06815238,0.07825756,-0.2064729,67.28377,19.36836,268.5606,True,21,5,0
142.1317,0.06815502,0.07831323,-0.2065068,67.2905,19.39939,268.5862,True,21,5,0
142.1349,0.06820685,0.07839243,-0.206478,67.28686,19.40351,268.5844,True,21,5,0
142.1393,0.06826563,0.07848227,-0.2064455,67.28269,19.4082,268.5822,True,21,5,0
142.1427,0.06809242,0.07855493,-0.2063822,67.27412,19.20478,268.3588,True,21,5,0
142.1453,0.06812935,0.07861689,-0.2063649,67.27108,19.202,268.3509,True,21,5,0
142.1486,0.06788381,0.07856682,-0.2066652,67.38,19.02492,268.1915,True,21,5,0
142.1516,0.0679178,0.07863085,-0.206665,67.38029,19.01665,268.1786,True,21,5,0
142.1593,0.06790864,0.07879531,-0.2066497,67.38062,18.84431,267.9663,True,21,5,0
142.1627,0.06794811,0.07885928,-0.2066539,67.38089,18.83123,267.9477,True,21,5,0
142.1655,0.06813729,0.07890965,-0.2066825,67.37289,18.97616,268.0653,True,21,5,0
142.1688,0.0681835,0.07898413,-0.2066861,67.37298,18.9654,268.0473,True,21,5,0
142.1721,0.06822117,0.07904482,-0.206689,67.37307,18.95664,268.0326,True,21,5,0
142.1762,0.06835309,0.07909469,-0.2066404,67.35711,19.0687,268.1336,True,21,5,0
142.179,0.06838132,0.07914971,-0.206636,67.35716,19.0606,268.12,True,21,5,0
142.1832,0.06850238,0.07918015,-0.2066301,67.37701,19.20087,268.2156,True,21,5,0
142.1865,0.06852677,0.07923789,-0.2066102,67.37772,19.19677,268.2043,True,21,5,0
142.1899,0.06839039,0.07931167,-0.2063465,67.3418,19.1051,268.1071,True,21,5,0
142.1947,0.06839777,0.07937872,-0.2062939,67.34088,19.09565,268.0887,True,21,5,0
142.1985,0.06823964,0.07947429,-0.206109,67.31012,18.96183,267.9549,True,21,5,0
142.2017,0.06823315,0.07953259,-0.2060585,67.3081,18.9486,267.9343,True,21,5,0
142.2056,0.06822681,0.07958953,-0.2060091,67.30612,18.93565,267.9142,True,21,5,0
142.2091,0.06803159,0.07969362,-0.2059414,67.32249,18.66763,267.6296,True,21,5,0
142.2139,0.06803672,0.07979418,-0.2058727,67.32052,18.63432,267.5851,True,21,5,0
142.218,0.06820759,0.07996346,-0.2057823,67.27144,18.61845,267.5261,True,21,5,0
142.2218,0.06823365,0.0800506,-0.20574,67.26797,18.59303,267.4905,True,21,5,0
142.226,0.06844144,0.08021152,-0.2056309,67.20293,18.59759,267.5656,True,21,5,0
142.2304,0.06848994,0.0803068,-0.2055977,67.19658,18.5722,267.5331,True,21,5,0
142.2336,0.06839055,0.08026537,-0.2059292,67.29194,18.52265,267.5743,True,21,5,0
142.2374,0.06842464,0.08034016,-0.2059246,67.29035,18.50097,267.5502,True,21,5,0
142.2412,0.06881176,0.08039308,-0.2061837,67.31524,18.75068,267.8141,True,21,5,0
142.2453,0.06887763,0.080487,-0.2062019,67.31444,18.73547,267.7967,True,21,5,0
142.2494,0.06911056,0.08052999,-0.2062293,67.30115,18.91582,267.9641,True,21,5,0
142.2528,0.06915563,0.080593,-0.2062394,67.30025,18.90924,267.9556,True,21,5,0
142.256,0.06920404,0.0806607,-0.2062502,67.29932,18.90216,267.9465,True,21,5,0
142.2628,0.06932055,0.08073848,-0.2062674,67.30182,19.03098,268.0511,True,21,5,0
142.2659,0.06922546,0.0807685,-0.2061336,67.29182,19.04152,268.0557,True,21,5,0
142.2693,0.06923548,0.08082706,-0.2061167,67.29108,19.03925,268.0509,True,21,5,0
142.2733,0.06924546,0.08088543,-0.2060998,67.29033,19.03699,268.0461,True,21,5,0
142.278,0.06921712,0.08100286,-0.2060606,67.2909,19.08444,268.0856,True,21,5,0
142.2824,0.06912155,0.08112103,-0.2059804,67.2756,18.96275,267.9492,True,21,5,0
142.2855,0.06911898,0.0811784,-0.205964,67.27451,18.95707,267.9412,True,21,5,0
142.2888,0.06911571,0.08125159,-0.205943,67.2732,18.9498,267.9311,True,21,5,0
142.2936,0.06924051,0.0813278,-0.2059054,67.24835,18.9932,267.9667,True,21,5,0
142.3057,0.06918066,0.08160551,-0.2057576,67.2121,18.80316,267.741,True,21,5,0
142.3098,0.06909326,0.08161122,-0.2059647,67.27974,18.72972,267.6786,True,21,5,0
142.3128,0.06910564,0.08167349,-0.2059654,67.2797,18.71715,267.6634,True,21,5,0
142.3163,0.06909664,0.081744,-0.2060231,67.31259,18.71173,267.6514,True,21,5,0
142.3202,0.06911393,0.08182904,-0.2060169,67.31257,18.69794,267.6347,True,21,5,0
142.3242,0.06918246,0.08189593,-0.2059569,67.32138,18.71569,267.6288,True,21,5,0
142.3282,0.06920339,0.08197275,-0.2059357,67.32135,18.70412,267.6148,True,21,5,0
142.3315,0.06922217,0.08204171,-0.2059165,67.32131,18.69373,267.6023,True,21,5,0
142.3357,0.06933451,0.08211328,-0.2057952,67.30026,18.74465,267.62,True,21,5,0
142.3406,0.06945963,0.08217487,-0.2057428,67.2925,18.78818,267.6328,True,21,5,0
142.3441,0.06948861,0.08224107,-0.2057076,67.29169,18.77974,267.621,True,21,5,0
142.3474,0.06951077,0.08229169,-0.2056806,67.29108,18.77328,267.6119,True,21,5,0
142.3515,0.06953181,0.08240156,-0.2055436,67.2616,18.72695,267.5415,True,21,5,0
142.3548,0.06955688,0.08246043,-0.2055089,67.25967,18.71798,267.5287,True,21,5,0
142.3584,0.06968937,0.08263539,-0.2055,67.24888,18.68292,267.4881,True,21,5,0
142.3619,0.06973221,0.08270554,-0.2054769,67.24718,18.6751,267.4769,True,21,5,0
142.3648,0.06985126,0.08276133,-0.2054934,67.23997,18.70892,267.4777,True,21,5,0
142.3691,0.06992278,0.08286285,-0.2054687,67.23769,18.69826,267.4625,True,21,5,0
142.3735,0.06998202,0.08294694,-0.2054484,67.23579,18.68943,267.4498,True,21,5,0
142.3772,0.07027225,0.08296435,-0.2056153,67.26636,18.82547,267.611,True,21,5,0
142.3824,0.07026012,0.08298242,-0.206011,67.38454,18.79888,267.5992,True,21,5,0
142.3862,0.07033713,0.08306535,-0.2060285,67.38854,18.7951,267.5936,True,21,5,0
142.3896,0.07047369,0.08312345,-0.206129,67.40475,18.88442,267.6359,True,21,5,0
142.3939,0.07054349,0.08319995,-0.2061504,67.40903,18.88452,267.6324,True,21,5,0
142.3966,0.07059802,0.08325972,-0.2061671,67.41245,18.8846,267.6297,True,21,5,0
142.4012,0.07074181,0.0833105,-0.2061633,67.40813,18.98901,267.7103,True,21,5,0
142.4048,0.07078995,0.0833672,-0.2061743,67.41145,18.98911,267.7076,True,21,5,0
142.4082,0.07092778,0.08340839,-0.2061454,67.3924,19.09448,267.7881,True,21,5,0
142.4114,0.07097718,0.08346589,-0.2061541,67.39542,19.09815,267.7879,True,21,5,0
142.4167,0.07104868,0.0836287,-0.2059463,67.32821,19.10315,267.776,True,21,5,0
142.4207,0.07109432,0.08369526,-0.2059457,67.32888,19.10719,267.7753,True,21,5,0
142.4267,0.07121946,0.08384052,-0.205832,67.30437,19.12953,267.7674,True,21,5,0
142.4309,0.07126502,0.08390686,-0.2058237,67.30495,19.1331,267.7668,True,21,5,0
142.434,0.07116972,0.08397828,-0.205813,67.32308,18.95623,267.5555,True,21,5,0
142.4377,0.07121413,0.08403803,-0.2058082,67.32413,18.95314,267.5479,True,21,5,0
142.4411,0.07148419,0.08411634,-0.2057539,67.30601,19.0077,267.4792,True,21,5,0
142.4442,0.07155864,0.084181,-0.2057445,67.30647,19.00649,267.4686,True,21,5,0
142.4499,0.07158652,0.08429649,-0.2056354,67.28822,18.85044,267.2216,True,21,5,0
142.4544,0.07169122,0.08437857,-0.2056232,67.28797,18.84205,267.198,True,21,5,0
142.4595,0.0719277,0.08445251,-0.2056894,67.30904,18.85399,267.2261,True,21,5,0
142.464,0.07204086,0.08452669,-0.2056805,67.30884,18.84714,267.2068,True,21,5,0
142.4682,0.07227814,0.08460042,-0.2057102,67.30661,18.98672,267.2922,True,21,5,0
142.4785,0.0725267,0.08463363,-0.2059762,67.40984,19.0736,267.3792,True,21,5,0
142.4829,0.0726527,0.08459699,-0.2061203,67.47066,19.18971,267.4832,True,21,5,0
142.4861,0.07272735,0.08464044,-0.2061147,67.47541,19.19536,267.4792,True,21,5,0
142.489,0.07280865,0.08468777,-0.2061087,67.48059,19.20153,267.4749,True,21,5,0
142.493,0.07301319,0.08473846,-0.2060241,67.48758,19.22509,267.4313,True,21,5,0
142.4962,0.0731113,0.084787,-0.2060047,67.4928,19.23181,267.4257,True,21,5,0
142.4996,0.07322963,0.08479647,-0.2059579,67.49967,19.28748,267.4222,True,21,5,0
142.5035,0.07332602,0.0848401,-0.2059303,67.50508,19.29604,267.4166,True,21,5,0
142.5083,0.0734957,0.08487342,-0.2058712,67.51026,19.38448,267.4167,True,21,5,0
142.5124,0.07360841,0.08492188,-0.2058285,67.51685,19.39864,267.41,True,21,5,0
142.5162,0.07381543,0.08491583,-0.205902,67.54453,19.56826,267.5513,True,21,5,0
142.5193,0.07389485,0.0849476,-0.2058717,67.54995,19.58354,267.5513,True,21,5,0
142.523,0.0739969,0.08498847,-0.2058329,67.55697,19.60316,267.5512,True,21,5,0
142.5317,0.07436365,0.08490099,-0.2060421,67.67313,19.89079,267.8904,True,21,5,0
142.5346,0.07444416,0.08492346,-0.206008,67.68175,19.91389,267.901,True,21,5,0
142.5378,0.07451811,0.08494413,-0.2059766,67.68962,19.93511,267.9108,True,21,5,0
142.5427,0.07463876,0.08484471,-0.2060887,67.80222,20.08988,268.0269,True,21,5,0
142.5462,0.07472784,0.0848648,-0.2060339,67.81615,20.12181,268.0436,True,21,5,0
142.5504,0.07466477,0.08492164,-0.2058958,67.83554,19.92235,267.7497,True,21,5,0
142.5535,0.07474604,0.08494371,-0.2058491,67.84721,19.94116,267.7534,True,21,5,0
142.5575,0.07501274,0.08494809,-0.2058695,67.86664,20.03516,267.8524,True,21,5,0
142.5619,0.07514054,0.08497334,-0.2058179,67.8825,20.06363,267.8616,True,21,5,0
142.5651,0.07522561,0.08492379,-0.2058783,67.92315,20.14469,267.9776,True,21,5,0
142.5687,0.07534091,0.08494066,-0.2058302,67.9395,20.17456,267.9909,True,21,5,0
142.5727,0.07544907,0.08495657,-0.2057852,67.95485,20.2026,268.0034,True,21,5,0
142.5761,0.07560353,0.08488812,-0.2058183,67.99734,20.37327,268.1266,True,21,5,0
142.5802,0.07572372,0.08489713,-0.2057547,68.0168,20.41298,268.1465,True,21,5,0
142.5844,0.07559702,0.08483277,-0.2057531,68.09908,20.34328,268.0587,True,21,5,0
142.5877,0.0756724,0.08483799,-0.2056987,68.1155,20.36871,268.0696,True,21,5,0
142.5912,0.07572679,0.08473204,-0.2057587,68.17804,20.40333,268.1034,True,21,5,0
142.5949,0.07579953,0.08472677,-0.2057101,68.19549,20.42832,268.1149,True,21,5,0
142.5979,0.07587269,0.08472154,-0.2056612,68.21302,20.45348,268.1264,True,21,5,0
142.6022,0.07606429,0.08463138,-0.2058652,68.29125,20.59804,268.3035,True,21,5,0
142.6064,0.0761611,0.08461984,-0.2058244,68.31506,20.6339,268.3245,True,21,5,0
142.6096,0.07625272,0.08461741,-0.2058155,68.35206,20.62139,268.2647,True,21,5,0
142.6129,0.07634815,0.08461136,-0.2057782,68.37341,20.65143,268.2807,True,21,5,0
142.6168,0.07626621,0.08453645,-0.2059379,68.50156,20.62148,268.1531,True,21,5,0
142.6199,0.07634381,0.08453579,-0.205903,68.52347,20.64571,268.1626,True,21,5,0
142.6229,0.07643205,0.08453517,-0.2058634,68.54837,20.67327,268.1733,True,21,5,0
142.6266,0.07616587,0.08444697,-0.2057817,68.59277,20.51447,267.9678,True,21,5,0
142.6349,0.07623896,0.08435412,-0.2058062,68.66299,20.53268,267.9341,True,21,5,0
142.6382,0.07628947,0.08433658,-0.2057834,68.68647,20.55059,267.9355,True,21,5,0
142.6417,0.07644822,0.08429015,-0.2059968,68.71439,20.64721,268.0433,True,21,5,0
142.6459,0.07653029,0.08425948,-0.2060072,68.74882,20.67732,268.0508,True,21,5,0
142.6497,0.07662492,0.08422895,-0.2061474,68.74665,20.71152,268.1026,True,21,5,0
142.6534,0.07668927,0.08420031,-0.2061835,68.77182,20.73363,268.1082,True,21,5,0
142.6575,0.07701344,0.08422105,-0.2062295,68.72736,20.82248,268.2507,True,21,5,0
142.6614,0.07709651,0.08419059,-0.2062897,68.74916,20.84525,268.2598,True,21,5,0
142.6645,0.07716478,0.08416563,-0.2063393,68.76706,20.864,268.2673,True,21,5,0
142.6681,0.07713422,0.08424419,-0.2061831,68.72736,20.60649,268.0239,True,21,5,0
142.6711,0.07720816,0.08422683,-0.2062317,68.74268,20.6166,268.0242,True,21,5,0
142.6754,0.07712618,0.08429535,-0.2060796,68.72794,20.40212,267.7485,True,21,5,0
142.6849,0.07723852,0.08432937,-0.2061111,68.77762,20.3588,267.6426,True,21,5,0
142.6883,0.07730944,0.08432771,-0.2061452,68.79417,20.3608,267.6309,True,21,5,0
142.6919,0.07726388,0.08429812,-0.2064396,68.92194,20.46204,267.7108,True,21,5,0
142.6955,0.07732462,0.08430894,-0.2064747,68.94483,20.46825,267.7012,True,21,5,0
142.6993,0.07742418,0.08428469,-0.2066692,69.02376,20.66433,267.8596,True,21,5,0
142.7037,0.07748194,0.0843021,-0.2067063,69.05476,20.68117,267.8559,True,21,5,0
142.7073,0.07775985,0.08432125,-0.2068684,69.09531,20.9951,268.1559,True,21,5,0
142.7103,0.07779618,0.0843363,-0.2068916,69.11608,21.01584,268.1632,True,21,5,0
142.7133,0.07783701,0.08435333,-0.2069177,69.13942,21.03918,268.1715,True,21,5,0
142.7174,0.07825771,0.08438492,-0.2069726,69.13435,21.39061,268.4881,True,21,5,0
142.7203,0.07830217,0.08439769,-0.2069933,69.15343,21.42063,268.5046,True,21,5,0
142.7231,0.07862736,0.08437465,-0.2072157,69.21814,21.73323,268.8463,True,21,5,0
142.7281,0.07871728,0.08439663,-0.2072509,69.2512,21.79692,268.8902,True,21,5,0
142.7318,0.07878788,0.08441408,-0.2072787,69.27713,21.84708,268.9249,True,21,5,0
142.7387,0.07885218,0.08444621,-0.2071089,69.32474,21.92873,268.9771,True,21,5,0
142.7426,0.07874927,0.08449835,-0.2068897,69.36784,21.78649,268.816,True,21,5,0
142.7456,0.07880662,0.08452167,-0.2068596,69.39106,21.82426,268.8401,True,21,5,0
142.7495,0.07887869,0.08446853,-0.2068126,69.43942,21.82937,268.8672,True,21,5,0
142.7527,0.07894254,0.08448261,-0.2067756,69.46227,21.86441,268.8904,True,21,5,0
142.7559,0.07901522,0.08449879,-0.2067336,69.48828,21.90437,268.9169,True,21,5,0
142.7605,0.07927741,0.08441441,-0.2068809,69.56355,22.0854,269.1115,True,21,5,0
142.7642,0.07936787,0.08442134,-0.2068472,69.59174,22.13179,269.1451,True,21,5,0
142.7679,0.07926867,0.08435267,-0.2068061,69.65745,22.10252,269.0882,True,21,5,0
142.7723,0.07935216,0.08435276,-0.2067588,69.69057,22.15136,269.1222,True,21,5,0
142.7757,0.07935166,0.08427857,-0.2068894,69.82543,22.28783,269.2581,True,21,5,0
142.7794,0.07942435,0.08428316,-0.2068245,69.86208,22.34006,269.2964,True,21,5,0
142.7831,0.07953739,0.08418362,-0.2070924,69.98267,22.51923,269.4605,True,21,5,0
142.786,0.07959363,0.08418407,-0.2070556,70.01208,22.56199,269.493,True,21,5,0
142.7918,0.07995288,0.08412181,-0.2073947,70.11498,22.87857,269.8029,True,21,5,0
142.7972,0.0800725,0.08411731,-0.2073878,70.16797,22.9659,269.8731,True,21,5,0
142.8009,0.08023402,0.08413753,-0.2075425,70.1642,23.05732,269.899,True,21,5,0
142.8044,0.08030546,0.08413313,-0.2075713,70.19403,23.10975,269.9398,True,21,5,0
142.8076,0.08003533,0.0842184,-0.2072938,70.15543,22.78189,269.5806,True,21,5,0
142.8106,0.0800995,0.08421791,-0.2073234,70.18694,22.82706,269.6118,True,21,5,0
142.8139,0.08015605,0.08421758,-0.2073495,70.21467,22.86699,269.6395,True,21,5,0
142.8174,0.07999451,0.08426774,-0.2071275,70.22775,22.7457,269.535,True,21,5,0
142.8206,0.08003816,0.08427241,-0.2071328,70.25586,22.78196,269.5594,True,21,5,0
142.824,0.08002209,0.08427814,-0.2071253,70.308,22.83288,269.621,True,21,5,0
142.8271,0.08005284,0.08428457,-0.2071222,70.33302,22.86493,269.6434,True,21,5,0
142.8301,0.08008751,0.08429198,-0.2071188,70.36127,22.90119,269.6689,True,21,5,0
142.8342,0.08026376,0.08428338,-0.2071623,70.39192,23.0666,269.8064,True,21,5,0
142.8409,0.08045875,0.08428337,-0.207273,70.41753,23.22655,269.937,True,21,5,0
142.8442,0.08050621,0.08428222,-0.2072991,70.44798,23.27488,269.9724,True,21,5,0
142.848,0.08052233,0.08430965,-0.2072805,70.43694,23.26223,269.9136,True,21,5,0
142.852,0.08056984,0.08430725,-0.2073219,70.46842,23.31242,269.9488,True,21,5,0
142.8549,0.08060493,0.08430557,-0.2073525,70.49168,23.34959,269.9748,True,21,5,0
142.8578,0.08073992,0.08432357,-0.2074648,70.52527,23.46572,270.1165,True,21,5,0
142.8622,0.08079498,0.08432621,-0.2075126,70.55687,23.5191,270.1563,True,21,5,0
142.8662,0.08072321,0.08429986,-0.207523,70.62645,23.55592,270.2578,True,21,5,0
142.87,0.0807586,0.08430254,-0.2075471,70.65525,23.60223,270.295,True,21,5,0
142.8732,0.08079317,0.08430526,-0.2075707,70.68336,23.64763,270.3316,True,21,5,0
142.8766,0.08083583,0.08426172,-0.2076931,70.77059,23.79969,270.5362,True,21,5,0
142.8801,0.08087374,0.08426583,-0.2077098,70.80593,23.85802,270.5866,True,21,5,0
142.885,0.08104834,0.08423018,-0.2079143,70.89674,24.13023,270.823,True,21,5,0
142.8964,0.08131795,0.08418326,-0.2080878,71.03066,24.50573,271.1392,True,21,5,0
142.9011,0.08155411,0.08410986,-0.2081009,71.07967,24.79697,271.4196,True,21,5,0
142.9045,0.08159759,0.08410013,-0.2081043,71.11063,24.86535,271.4797,True,21,5,0
142.9078,0.08177944,0.08405779,-0.208129,71.15154,25.07133,271.6752,True,21,5,0
142.9109,0.08183175,0.08404431,-0.208124,71.18408,25.14799,271.7432,True,21,5,0
142.9143,0.08188033,0.084032,-0.2081193,71.21428,25.21944,271.8065,True,21,5,0
142.9175,0.08190998,0.08398332,-0.2082438,71.30935,25.19621,271.7413,True,21,5,0
142.9206,0.08196987,0.08397447,-0.2082422,71.33905,25.25978,271.7964,True,21,5,0
142.9258,0.08199776,0.08388063,-0.2084225,71.44975,25.33813,271.8435,True,21,5,0
142.93,0.08207647,0.08386384,-0.2084349,71.49097,25.42111,271.9148,True,21,5,0
142.9347,0.08202282,0.08374728,-0.2083608,71.56368,25.35737,271.8394,True,21,5,0
142.9386,0.08209187,0.08372097,-0.2083614,71.60139,25.4264,271.8981,True,21,5,0
142.942,0.08213975,0.08365095,-0.2086068,71.69863,25.47459,271.9714,True,21,5,0
142.9455,0.08222586,0.08362336,-0.2086277,71.74239,25.55067,272.0375,True,21,5,0
142.9517,0.08234805,0.08357589,-0.2088279,71.82368,25.66038,272.1024,True,21,5,0
142.9546,0.08241584,0.08355588,-0.2088614,71.8578,25.71941,272.1528,True,21,5,0
142.9583,0.08245243,0.08351544,-0.2090337,71.90207,25.66105,272.1282,True,21,5,0
142.9634,0.08256924,0.08348112,-0.2091247,71.95599,25.74875,272.2044,True,21,5,0
142.9671,0.08216815,0.08314842,-0.2097521,72.18497,25.60911,272.1718,True,21,5,0
142.9703,0.08222087,0.08310674,-0.2098382,72.22425,25.65822,272.2173,True,21,5,0
142.9739,0.08176165,0.08302653,-0.2099802,72.34686,25.24014,271.8303,True,21,5,0
142.9788,0.08182825,0.08296165,-0.210139,72.41973,25.29959,271.8854,True,21,5,0
142.9831,0.08182798,0.08296187,-0.2100787,72.46722,25.24633,271.7782,True,21,5,0
142.986,0.08186625,0.0829315,-0.2101507,72.50799,25.27676,271.8046,True,21,5,0
142.9893,0.08191542,0.08289276,-0.2102434,72.56041,25.3161,271.8387,True,21,5,0
142.9929,0.08195809,0.0828626,-0.2102983,72.62222,25.3369,271.9141,True,21,5,0
142.9959,0.08200013,0.08283456,-0.210364,72.66387,25.36781,271.9427,True,21,5,0
142.9995,0.0819044,0.08272651,-0.2106022,72.78426,25.33391,271.9709,True,21,5,0
143.0028,0.081942,0.08269586,-0.2106729,72.82813,25.36304,271.9998,True,21,5,0
143.0065,0.08198978,0.08265722,-0.2107629,72.88391,25.40032,272.0367,True,21,5,0
143.0099,0.08234435,0.08266081,-0.2109209,72.8766,25.60042,272.2184,True,21,5,0
143.0141,0.0824293,0.08261357,-0.2110591,72.94157,25.65423,272.2709,True,21,5,0
143.0176,0.0824779,0.08256979,-0.2110229,72.92667,25.65584,272.2269,True,21,5,0
143.021,0.08253145,0.08252826,-0.2111234,72.97112,25.69324,272.2618,True,21,5,0
143.0241,0.08250237,0.08255658,-0.210974,72.96705,25.54322,272.0725,True,21,5,0
143.0277,0.08255605,0.0825192,-0.2110651,73.0112,25.57502,272.1006,True,21,5,0
143.0307,0.08260264,0.08248694,-0.2111441,73.04949,25.60276,272.1251,True,21,5,0
143.0337,0.08256195,0.08253556,-0.210906,73.05099,25.49616,271.9318,True,21,5,0
143.0378,0.08261229,0.08250432,-0.2109736,73.09718,25.52519,271.9537,True,21,5,0
143.0415,0.08278036,0.08251458,-0.2109905,73.12206,25.62823,272.0399,True,21,5,0
143.0447,0.08283614,0.08248882,-0.2110517,73.16594,25.65927,272.0636,True,21,5,0
143.0483,0.0828857,0.08246616,-0.2111061,73.20499,25.68698,272.0849,True,21,5,0
143.0529,0.08305779,0.08244467,-0.2111367,73.21561,25.80781,272.1906,True,21,5,0
143.0557,0.08310782,0.08241934,-0.2111942,73.25336,25.83831,272.2145,True,21,5,0
143.0589,0.08325264,0.08232664,-0.2113323,73.29407,25.97711,272.3373,True,21,5,0
143.063,0.08332349,0.0822825,-0.2114128,73.34297,26.0218,272.3731,True,21,5,0
143.0664,0.08350153,0.08219941,-0.2115801,73.38042,26.14079,272.513,True,21,5,0
143.0708,0.0835743,0.08215167,-0.2116677,73.42434,26.18478,272.5499,True,21,5,0
143.0741,0.0834486,0.08210793,-0.2117306,73.46258,25.92039,272.3063,True,21,5,0
143.077,0.08350587,0.08207101,-0.2118101,73.49652,25.94465,272.326,True,21,5,0
143.0804,0.0835812,0.0820227,-0.2119148,73.5412,25.97669,272.3521,True,21,5,0
143.0847,0.08322648,0.08194302,-0.2117097,73.54547,25.44952,271.7786,True,21,5,0
143.0873,0.08326487,0.08190368,-0.2117751,73.57465,25.45541,271.7794,True,21,5,0
143.0901,0.08318429,0.08177459,-0.2116794,73.57169,25.40423,271.7296,True,21,5,0
143.0934,0.08320961,0.08171445,-0.2117433,73.60347,25.40913,271.7289,True,21,5,0
143.0962,0.08323382,0.08165713,-0.2118044,73.63386,25.4138,271.7283,True,21,5,0
143.1039,0.08347228,0.081441,-0.2120388,73.69483,25.58383,271.9073,True,21,5,0
143.1087,0.08357105,0.08137873,-0.2121435,73.72352,25.5034,271.8242,True,21,5,0
143.1126,0.08363386,0.08128616,-0.2122602,73.76763,25.51356,271.8275,True,21,5,0
143.1163,0.08363688,0.08124866,-0.2122884,73.77042,25.47353,271.7936,True,21,5,0
143.1192,0.08367312,0.08118756,-0.2123705,73.79933,25.47895,271.7948,True,21,5,0
143.1219,0.08371165,0.08112279,-0.2124577,73.83006,25.48467,271.796,True,21,5,0
143.1251,0.08378066,0.081095,-0.2124553,73.84086,25.56897,271.8889,True,21,5,0
143.128,0.0838127,0.08103608,-0.2125289,73.86949,25.57691,271.8929,True,21,5,0
143.1309,0.08384518,0.08097652,-0.2126034,73.89845,25.58496,271.8969,True,21,5,0
143.1346,0.08407438,0.08089182,-0.2127646,73.95396,25.85901,272.178,True,21,5,0
143.1392,0.08412832,0.0808071,-0.2128625,73.99664,25.88303,272.1967,True,21,5,0
143.1423,0.08409179,0.08072679,-0.2127588,74.01463,25.88348,272.168,True,21,5,0
143.1458,0.08412673,0.08064665,-0.2128216,74.05209,25.90422,272.1831,True,21,5,0
143.1494,0.08418626,0.08057822,-0.2125239,73.98769,25.812,272.0881,True,21,5,0
143.1521,0.08421044,0.08051535,-0.2125553,74.01069,25.82457,272.0972,True,21,5,0
143.1546,0.08423422,0.08045372,-0.212586,74.03323,25.83694,272.1061,True,21,5,0
143.158,0.0841064,0.08039738,-0.2124936,74.03666,25.59973,271.8664,True,21,5,0
143.1623,0.08413804,0.08030397,-0.2125427,74.07048,25.60845,271.8699,True,21,5,0
143.1655,0.08417267,0.08024177,-0.2128579,74.12122,25.54081,271.8225,True,21,5,0
143.1685,0.08421418,0.08016624,-0.2129411,74.15121,25.54572,271.8238,True,21,5,0
143.1724,0.08425703,0.0800885,-0.2130268,74.18208,25.55077,271.8251,True,21,5,0
143.1757,0.08440188,0.08003686,-0.2132177,74.18512,25.56773,271.789,True,21,5,0
143.1798,0.08446967,0.07994056,-0.2133565,74.2223,25.57446,271.789,True,21,5,0
143.1832,0.08454071,0.07990962,-0.2133918,74.21816,25.59789,271.7759,True,21,5,0
143.1859,0.08457889,0.07985385,-0.2134748,74.23954,25.6024,271.7756,True,21,5,0
143.1885,0.08462177,0.07979134,-0.2135679,74.2636,25.60747,271.7752,True,21,5,0
143.1917,0.08468415,0.07977356,-0.2134058,74.23357,25.60239,271.7203,True,21,5,0
143.1951,0.08472838,0.0797032,-0.2134917,74.25909,25.60769,271.7179,True,21,5,0
143.1988,0.08477863,0.07963654,-0.2134239,74.24838,25.55249,271.6888,True,21,5,0
143.2019,0.08482398,0.07956688,-0.2134955,74.27063,25.55712,271.6866,True,21,5,0
143.2048,0.08486068,0.07951064,-0.2135535,74.2886,25.56084,271.6849,True,21,5,0
143.2077,0.08497541,0.07950138,-0.2133646,74.22089,25.48775,271.6357,True,21,5,0
143.2104,0.08501717,0.07944204,-0.2134224,74.23759,25.49116,271.6341,True,21,5,0
143.2137,0.08507638,0.07935807,-0.2135044,74.26121,25.49598,271.6318,True,21,5,0
143.218,0.08523516,0.07935545,-0.2135292,74.24324,25.45854,271.5894,True,21,5,0
143.2296,0.0852379,0.07919997,-0.2136525,74.28516,24.99572,271.0974,True,21,5,0
143.2339,0.08510768,0.07918,-0.2135396,74.28899,24.74555,270.8156,True,21,5,0
143.2371,0.08515705,0.07913396,-0.2135982,74.30437,24.72632,270.7903,True,21,5,0
143.2407,0.08520955,0.07907361,-0.2136579,74.36467,24.77006,270.8507,True,21,5,0
143.244,0.08527135,0.07902011,-0.2137089,74.3855,24.74838,270.8223,True,21,5,0
143.2472,0.08531787,0.07897988,-0.2137472,74.40121,24.73204,270.8009,True,21,5,0
143.2509,0.08520366,0.07878685,-0.213911,74.53957,24.70035,270.8408,True,21,5,0
143.2607,0.08541238,0.07858132,-0.2140467,74.6538,24.74528,270.8433,True,21,5,0
143.2642,0.08546352,0.07852787,-0.2140611,74.67666,24.72983,270.8238,True,21,5,0
143.2683,0.08578294,0.07844487,-0.2140623,74.68275,24.95569,271.0272,True,21,5,0
143.2718,0.08584606,0.07838593,-0.214072,74.70546,24.94734,271.014,True,21,5,0
143.275,0.08581609,0.07834229,-0.2139006,74.67621,24.85174,270.8917,True,21,5,0
143.2784,0.08587401,0.07826832,-0.2139047,74.70122,24.83706,270.8702,True,21,5,0
143.2831,0.08556271,0.07817477,-0.2138847,74.75185,24.39989,270.4378,True,21,5,0
143.286,0.08559559,0.07811736,-0.2138937,74.77209,24.37456,270.4075,True,21,5,0
143.2892,0.08563164,0.07805453,-0.2139036,74.7943,24.34677,270.3743,True,21,5,0
143.2925,0.08563243,0.07796219,-0.2136001,74.7229,24.24467,270.2531,True,21,5,0
143.2957,0.08565622,0.07788837,-0.2135971,74.741,24.21544,270.2183,True,21,5,0
143.2991,0.08580904,0.07784984,-0.2135875,74.73286,24.25987,270.265,True,21,5,0
143.3027,0.08585047,0.07776216,-0.2135878,74.75346,24.22654,270.2252,True,21,5,0
143.3071,0.08596797,0.07768489,-0.2136829,74.79128,24.28412,270.2706,True,21,5,0
143.3117,0.08602678,0.07758534,-0.2136895,74.81655,24.24858,270.2272,True,21,5,0
143.3156,0.08596949,0.07752869,-0.2136884,74.83847,24.01566,269.9819,True,21,5,0
143.319,0.08601519,0.07746342,-0.2137002,74.85598,23.98402,269.9446,True,21,5,0
143.3222,0.08606342,0.07739463,-0.2137127,74.87444,23.9506,269.9053,True,21,5,0
143.3255,0.08633088,0.07721557,-0.2140158,74.94118,24.366,270.3311,True,21,5,0
143.3282,0.08636992,0.07715124,-0.2140325,74.95704,24.35296,270.3138,True,21,5,0
143.3308,0.08640762,0.07708922,-0.2140487,74.97228,24.34036,270.2971,True,21,5,0
143.3344,0.08629034,0.076996,-0.2140138,74.99616,24.08481,270.0161,True,21,5,0
143.3377,0.08632825,0.07692753,-0.2140319,75.01307,24.06355,269.9898,True,21,5,0
143.3407,0.08611274,0.07684939,-0.2138402,74.99451,23.68126,269.5531,True,21,5,0
143.3435,0.08613975,0.07677986,-0.2138533,75.00948,23.65016,269.5158,True,21,5,0
143.3461,0.08616793,0.07670741,-0.2138671,75.02512,23.61763,269.4768,True,21,5,0
143.3521,0.08660793,0.07654476,-0.2136796,74.94805,23.99595,269.8325,True,21,5,0
143.3553,0.08664446,0.07644102,-0.213683,74.96368,23.97144,269.7997,True,21,5,0
143.3592,0.08693717,0.0763438,-0.2136056,74.92948,24.20189,269.9941,True,21,5,0
143.3654,0.08700006,0.07626088,-0.2136495,74.96928,23.98932,269.7359,True,21,5,0
143.3683,0.08705814,0.07618229,-0.2136562,74.98198,23.9684,269.7064,True,21,5,0
143.3726,0.08712947,0.07608587,-0.2136646,74.99758,23.94272,269.6702,True,21,5,0
143.3755,0.08706109,0.07606468,-0.2137189,75.0458,23.6151,269.33,True,21,5,0
143.3788,0.08714372,0.07598831,-0.2137343,75.06142,23.57969,269.2847,True,21,5,0
143.3829,0.08701269,0.07591064,-0.2138781,75.13313,23.35518,269.0586,True,21,5,0
143.3859,0.08707213,0.07585484,-0.2138975,75.14735,23.32051,269.0163,True,21,5,0
143.389,0.08714563,0.07578593,-0.2139216,75.16495,23.27757,268.9639,True,21,5,0
143.3929,0.08687754,0.07567154,-0.2138254,75.19183,22.99976,268.6842,True,21,5,0
143.3964,0.08691962,0.07559958,-0.2138362,75.20892,22.94986,268.6255,True,21,5,0
143.4001,0.08712868,0.07550244,-0.2139272,75.25393,23.21005,268.8965,True,21,5,0
143.4037,0.08716519,0.07543854,-0.2139278,75.26994,23.17479,268.8539,True,21,5,0
143.4068,0.08725848,0.07535651,-0.2140559,75.32694,23.35216,269.081,True,21,5,0
143.4098,0.08728952,0.07529569,-0.2140526,75.34377,23.3245,269.048,True,21,5,0
143.4133,0.08733421,0.07520823,-0.2140478,75.36793,23.28456,269.0005,True,21,5,0
143.4188,0.08752704,0.07508641,-0.2139244,75.35782,23.4575,269.1813,True,21,5,0
143.4221,0.08755904,0.07500677,-0.2139032,75.37589,23.4278,269.1459,True,21,5,0
143.4256,0.08754238,0.07498252,-0.2135889,75.31387,23.28032,268.9675,True,21,5,0
143.429,0.08756422,0.07490924,-0.2135566,75.32766,23.24891,268.93,True,21,5,0
143.4328,0.08742231,0.07480897,-0.2136091,75.37607,23.03499,268.7366,True,21,5,0
143.4364,0.08743902,0.0747402,-0.2135876,75.39027,22.99919,268.6958,True,21,5,0
143.4393,0.08745483,0.07467523,-0.2135672,75.40369,22.96527,268.6572,True,21,5,0
143.4425,0.08749178,0.07464017,-0.2136966,75.4586,22.98824,268.6822,True,21,5,0
143.4458,0.08751458,0.07457396,-0.213679,75.47542,22.95076,268.6395,True,21,5,0
143.4495,0.08776262,0.07448401,-0.2138757,75.51302,23.19601,268.8421,True,21,5,0
143.4527,0.08779331,0.07442544,-0.2138737,75.52817,23.17242,268.8129,True,21,5,0
143.4555,0.08782594,0.07436328,-0.2138715,75.54426,23.14726,268.7818,True,21,5,0
143.4597,0.08780452,0.07425708,-0.2137999,75.53358,23.05083,268.625,True,21,5,0
143.4694,0.08813558,0.07400741,-0.2137386,75.52959,23.09303,268.6387,True,21,5,0
143.4729,0.08817945,0.07392563,-0.2137412,75.54376,23.06746,268.6061,True,21,5,0
143.4767,0.08818056,0.07383639,-0.2138644,75.58952,23.07115,268.642,True,21,5,0
143.4812,0.08826269,0.07373089,-0.2139992,75.62753,23.16409,268.7903,True,21,5,0
143.4853,0.08829888,0.07364997,-0.2140159,75.64376,23.14228,268.7643,True,21,5,0
143.488,0.08832643,0.07358845,-0.2140287,75.65614,23.12567,268.7445,True,21,5,0
143.4911,0.08843777,0.07347102,-0.214086,75.66459,23.25733,268.8712,True,21,5,0
143.4957,0.08847594,0.07336885,-0.2141092,75.68309,23.239,268.8479,True,21,5,0
143.4988,0.08861602,0.07331358,-0.2141081,75.67789,23.40804,268.9799,True,21,5,0
143.5016,0.08864245,0.07323858,-0.2141224,75.69112,23.4008,268.9677,True,21,5,0
143.5062,0.0886788,0.07313561,-0.2141421,75.70926,23.39079,268.951,True,21,5,0
143.5094,0.08856192,0.07304579,-0.2139954,75.71259,23.28273,268.8479,True,21,5,0
143.5124,0.08858079,0.07296301,-0.2139925,75.7254,23.27555,268.8359,True,21,5,0
143.5162,0.08864083,0.0728724,-0.2140063,75.73145,23.29401,268.8616,True,21,5,0
143.519,0.08866056,0.07280068,-0.2140048,75.74137,23.28848,268.8524,True,21,5,0
143.5223,0.0886855,0.07271013,-0.2140028,75.75388,23.28145,268.8407,True,21,5,0
143.5255,0.08862623,0.07266039,-0.2140123,75.74603,23.13034,268.6867,True,21,5,0
143.5284,0.08864829,0.07259135,-0.2140223,75.75485,23.12531,268.6784,True,21,5,0
143.5312,0.0886718,0.07251793,-0.2140328,75.7643,23.11992,268.6695,True,21,5,0
143.5348,0.08899454,0.07243133,-0.2141737,75.73492,23.49086,268.9951,True,21,5,0
143.5402,0.08940008,0.07225426,-0.2144749,75.75824,23.92509,269.3657,True,21,5,0
143.5436,0.08945106,0.07216248,-0.214525,75.76765,23.94694,269.3804,True,21,5,0
143.5466,0.0895016,0.07207152,-0.2145748,75.77688,23.96861,269.3949,True,21,5,0
143.5503,0.08972226,0.07200786,-0.2145793,75.74861,24.12961,269.5164,True,21,5,0
143.5533,0.08977038,0.07193275,-0.2146211,75.75526,24.15119,269.5313,True,21,5,0
143.5572,0.08959484,0.07189308,-0.2142756,75.67466,23.52614,268.8931,True,21,5,0
143.5609,0.08965814,0.07180788,-0.2143201,75.67947,23.52922,268.8882,True,21,5,0
143.5637,0.08971329,0.0717337,-0.2143589,75.68363,23.53189,268.884,True,21,5,0
143.5671,0.08949312,0.0716228,-0.2143521,75.68322,23.13508,268.4891,True,21,5,0
143.572,0.08956815,0.07150045,-0.2144257,75.68961,23.12067,268.4641,True,21,5,0
143.5759,0.08979142,0.07133421,-0.2147499,75.72746,23.43605,268.7765,True,21,5,0
143.5799,0.08986401,0.07120866,-0.2148415,75.73506,23.43739,268.7679,True,21,5,0
143.5848,0.0900348,0.0710749,-0.21512,75.76756,23.48869,268.8156,True,21,5,0
143.5889,0.09012633,0.0709514,-0.2152286,75.77454,23.48992,268.8078,True,21,5,0
143.5923,0.09006698,0.07091357,-0.215102,75.73314,23.24721,268.5427,True,21,5,0
143.5952,0.09012432,0.07083397,-0.2151696,75.73637,23.24093,268.53,True,21,5,0
143.5984,0.08998172,0.07076743,-0.2150148,75.68121,22.9223,268.2282,True,21,5,0
143.6019,0.09004316,0.07065864,-0.2151028,75.68335,22.90249,268.2009,True,21,5,0
143.6063,0.09010654,0.07054639,-0.2151936,75.68549,22.88208,268.1727,True,21,5,0
143.6093,0.09019929,0.0704255,-0.2152006,75.66759,23.01527,268.2835,True,21,5,0
143.6125,0.09024556,0.07032011,-0.2152716,75.66879,23.00294,268.2637,True,21,5,0
143.6161,0.09033044,0.07022998,-0.215549,75.73357,23.00766,268.208,True,21,5,0
143.619,0.09038484,0.07014458,-0.21562,75.73659,22.99736,268.1895,True,21,5,0
143.6237,0.09077293,0.07006569,-0.2155656,75.68719,23.14661,268.2395,True,21,5,0
143.627,0.09084772,0.06998518,-0.2156232,75.68852,23.14154,268.2239,True,21,5,0
143.6301,0.09092316,0.06990393,-0.2156814,75.68985,23.13643,268.2082,True,21,5,0
143.6335,0.09119556,0.06990296,-0.2153879,75.55701,23.10664,268.1056,True,21,5,0
143.6367,0.09127064,0.06983185,-0.2154336,75.55448,23.10145,268.0893,True,21,5,0
143.6395,0.09135322,0.0697536,-0.215484,75.55167,23.09581,268.0714,True,21,5,0
143.6435,0.09107487,0.06967334,-0.2155444,75.5426,22.64826,267.6382,True,21,5,0
143.6464,0.0911454,0.06959221,-0.2156143,75.53945,22.62901,267.6068,True,21,5,0
143.65,0.09095733,0.0695556,-0.2156253,75.55061,22.36234,267.3402,True,21,5,0
143.653,0.09100845,0.06948945,-0.2156845,75.54814,22.33815,267.3054,True,21,5,0
143.6558,0.09106428,0.06941718,-0.2157493,75.54542,22.31174,267.2674,True,21,5,0
143.6605,0.09130052,0.06926006,-0.21601,75.60798,22.49294,267.418,True,21,5,0
143.6636,0.09136737,0.06918736,-0.2160693,75.60732,22.47365,267.387,True,21,5,0
143.6671,0.09165427,0.0690814,-0.2162701,75.62512,22.69212,267.5782,True,21,5,0
143.676,0.09215608,0.06890714,-0.2163634,75.56582,22.99425,267.861,True,21,5,0
143.6792,0.09224668,0.06882441,-0.216429,75.56386,22.99224,267.8462,True,21,5,0
143.6833,0.09216386,0.06869763,-0.2164967,75.5843,22.85739,267.7037,True,21,5,0
143.6866,0.09224187,0.06861168,-0.2165586,75.58308,22.85127,267.6852,True,21,5,0
143.6901,0.09192495,0.06864278,-0.2163459,75.51517,22.10728,266.9004,True,21,5,0
143.694,0.09199884,0.06857069,-0.2164174,75.51154,22.07508,266.8548,True,21,5,0
143.6968,0.09206027,0.06851073,-0.2164769,75.50846,22.04828,266.817,True,21,5,0
143.7003,0.09202897,0.06835823,-0.2162751,75.45319,21.85355,266.5609,True,21,5,0
143.7037,0.09208552,0.06827995,-0.2163215,75.44827,21.82012,266.5142,True,21,5,0
143.7073,0.09202243,0.06816339,-0.2165015,75.50398,21.60003,266.3271,True,21,5,0
143.7115,0.09211332,0.06805155,-0.2165757,75.49961,21.54196,266.2518,True,21,5,0
143.7154,0.09222717,0.06794095,-0.2166617,75.51157,21.5629,266.2766,True,21,5,0
143.7183,0.09228843,0.06786846,-0.2167052,75.50907,21.52956,266.2333,True,21,5,0
143.7216,0.09236579,0.06777693,-0.2167603,75.50595,21.48753,266.1788,True,21,5,0
143.7255,0.09235776,0.06771691,-0.2168017,75.53078,21.51018,266.1956,True,21,5,0
143.7288,0.09241456,0.06764263,-0.2168359,75.52821,21.47595,266.1512,True,21,5,0
143.7319,0.0922666,0.06759092,-0.2167453,75.52964,21.31752,265.9915,True,21,5,0
143.7352,0.09230879,0.06751104,-0.2167656,75.52686,21.27417,265.937,True,21,5,0
143.7394,0.09235324,0.06742685,-0.216787,75.52392,21.2285,265.8796,True,21,5,0
143.7422,0.0923831,0.06728095,-0.2168854,75.55843,21.26071,265.8879,True,21,5,0
143.7462,0.09243059,0.06717764,-0.2169049,75.55658,21.21387,265.8279,True,21,5,0
143.7496,0.09241746,0.0670194,-0.2170988,75.60886,21.18755,265.8106,True,21,5,0
143.7524,0.09244868,0.06694627,-0.2171176,75.60881,21.15781,265.7729,True,21,5,0
143.7563,0.0924992,0.06682788,-0.2171481,75.60876,21.10962,265.7119,True,21,5,0
143.7606,0.09266975,0.0667018,-0.2171711,75.58054,21.18108,265.8224,True,21,5,0
143.7639,0.09271155,0.06661053,-0.2171974,75.57935,21.14999,265.7838,True,21,5,0
143.7675,0.09287534,0.06652977,-0.2172137,75.57308,21.2516,265.8757,True,21,5,0
143.7709,0.09291714,0.06644639,-0.2172342,75.57211,21.22482,265.8424,True,21,5,0
143.7751,0.09314938,0.06648149,-0.2168878,75.44514,21.21828,265.735,True,21,5,0
143.7792,0.09321804,0.06637624,-0.2168987,75.43788,21.18178,265.685,True,21,5,0
143.7831,0.09298412,0.06620926,-0.2170424,75.49713,20.95842,265.4961,True,21,5,0
143.786,0.09301313,0.066136,-0.2170532,75.49438,20.92876,265.459,True,21,5,0
143.7893,0.09302998,0.06602712,-0.2172633,75.51034,20.82535,265.412,True,21,5,0
143.7933,0.09307252,0.06593487,-0.2173067,75.50761,20.78493,265.3648,True,21,5,0
143.7968,0.09311228,0.06584857,-0.2173473,75.50508,20.74712,265.3207,True,21,5,0
143.8005,0.09360096,0.06571017,-0.2178039,75.54289,21.50964,266.1182,True,21,5,0
143.8049,0.09364876,0.06560408,-0.2178764,75.54163,21.49785,266.1005,True,21,5,0
143.8082,0.09392405,0.06553312,-0.2179885,75.51938,21.92259,266.5792,True,21,5,0
143.8112,0.09395818,0.06544325,-0.2180499,75.51751,21.92846,266.5823,True,21,5,0
143.8144,0.09398623,0.06536934,-0.2181005,75.51601,21.93334,266.5849,True,21,5,0
143.8181,0.09389651,0.06535289,-0.2179202,75.47972,21.89269,266.5626,True,21,5,0
143.8209,0.09390827,0.06528841,-0.2179502,75.47721,21.896,266.5644,True,21,5,0
143.8278,0.09384292,0.06517816,-0.217817,75.44396,21.80092,266.4713,True,21,5,0
143.8318,0.09385079,0.06509808,-0.2178428,75.44098,21.80491,266.4733,True,21,5,0
143.8352,0.09383121,0.06500855,-0.2177728,75.43367,21.75237,266.3825,True,21,5,0
143.8385,0.09383834,0.06494309,-0.217786,75.43155,21.75527,266.384,True,21,5,0
143.8413,0.09395432,0.06490102,-0.2177854,75.41907,21.8055,266.3936,True,21,5,0
143.8441,0.09397197,0.06483358,-0.2177994,75.41647,21.80995,266.3955,True,21,5,0
143.8474,0.09398971,0.06476571,-0.2178135,75.41388,21.81443,266.3973,True,21,5,0
143.8524,0.09393593,0.06461418,-0.2178935,75.43336,21.69428,266.283,True,21,5,0
143.856,0.09384038,0.06454533,-0.2178963,75.43399,21.57001,266.1605,True,21,5,0
143.86,0.0938624,0.06446774,-0.2179194,75.4316,21.57427,266.1623,True,21,5,0
143.8629,0.09388062,0.06440349,-0.2179385,75.42955,21.5778,266.1638,True,21,5,0
143.8659,0.09422002,0.06431162,-0.2180011,75.41097,22.09234,266.6772,True,21,5,0
143.8689,0.09423943,0.06423363,-0.2180157,75.4081,22.11335,266.696,True,21,5,0
143.8809,0.09434846,0.06394014,-0.2179902,75.37267,22.25481,266.8814,True,21,5,0
143.885,0.09477472,0.06407531,-0.217726,75.22681,22.4837,267.009,True,21,5,0
143.8901,0.09488013,0.06408095,-0.2174567,75.10432,22.4119,266.8858,True,21,5,0
143.8938,0.09492091,0.06402455,-0.2174658,75.09207,22.4372,266.9055,True,21,5,0
143.8969,0.09495958,0.06397104,-0.2174745,75.08041,22.46112,266.9241,True,21,5,0
143.9005,0.0950493,0.06384775,-0.2176162,75.09538,22.49883,266.9243,True,21,5,0
143.9035,0.09508944,0.06379791,-0.2176309,75.0864,22.51909,266.9393,True,21,5,0
143.9066,0.09513493,0.06374139,-0.2176476,75.07616,22.54202,266.9563,True,21,5,0
143.9094,0.09495515,0.06355399,-0.2178986,75.1688,22.48825,266.9566,True,21,5,0
143.9124,0.09499568,0.06347799,-0.2179209,75.16044,22.51228,266.9758,True,21,5,0
143.9163,0.09483254,0.06339464,-0.2178996,75.20279,22.4715,266.9449,True,21,5,0
143.9194,0.09485275,0.06333198,-0.2178957,75.19614,22.49069,266.9603,True,21,5,0
143.9223,0.09487422,0.06326525,-0.2178915,75.18903,22.51117,266.9766,True,21,5,0
143.9262,0.09517002,0.06315811,-0.2179489,75.21911,22.99972,267.3779,True,21,5,0
143.9307,0.09520837,0.06305538,-0.2179122,75.21024,23.05344,267.4213,True,21,5,0
143.9345,0.09541357,0.06298642,-0.2179754,75.20345,23.34,267.7139,True,21,5,0
143.9375,0.09543774,0.06293117,-0.2179586,75.19857,23.3757,267.7444,True,21,5,0
143.9407,0.09548655,0.06286894,-0.2178745,75.18291,23.38149,267.7466,True,21,5,0
143.9437,0.09551517,0.06280601,-0.2178526,75.17802,23.41754,267.7773,True,21,5,0
143.947,0.0955511,0.06272699,-0.2178251,75.17182,23.46276,267.8159,True,21,5,0
143.9518,0.09551416,0.06266129,-0.2177061,75.12228,23.28171,267.665,True,21,5,0
143.9546,0.0955432,0.06260188,-0.2176941,75.11655,23.30892,267.6883,True,21,5,0
143.9581,0.09551462,0.0625326,-0.2175933,75.05179,23.07735,267.4642,True,21,5,0
143.9622,0.09555982,0.06244951,-0.2175973,75.04211,23.10311,267.4853,True,21,5,0
143.9657,0.0947892,0.06208032,-0.2181335,75.26867,22.56893,267.0436,True,21,5,0
143.9707,0.09479201,0.06192026,-0.2181746,75.26801,22.57533,267.0486,True,21,5,0
143.9761,0.09516983,0.06175444,-0.2183212,75.30257,23.0871,267.4832,True,21,5,0
143.9858,0.0954959,0.06157181,-0.2183599,75.29906,23.46486,267.7971,True,21,5,0
143.9901,0.09516781,0.06142257,-0.2187087,75.40553,23.22714,267.6962,True,21,5,0
143.9947,0.09518491,0.06132802,-0.2187463,75.41073,23.25397,267.7229,True,21,5,0
143.9999,0.09508616,0.06121387,-0.2189364,75.45224,23.18689,267.7135,True,21,5,0
144.005,0.0951001,0.06111886,-0.2189939,75.45922,23.2119,267.7406,True,21,5,0
144.0085,0.09525211,0.06106094,-0.2190799,75.45111,23.34444,267.9247,True,21,5,0
144.0116,0.09527326,0.06098677,-0.2191325,75.45609,23.36873,267.9526,True,21,5,0
144.0162,0.09525476,0.06093763,-0.2190854,75.43508,23.25076,267.85,True,21,5,0
144.0196,0.09527937,0.06086965,-0.2191366,75.43938,23.2717,267.8741,True,21,5,0
144.0235,0.09506563,0.06073265,-0.2191379,75.46973,23.04148,267.64,True,21,5,0
144.0273,0.09507933,0.06066012,-0.2191794,75.47483,23.05327,267.6546,True,21,5,0
144.0299,0.09508967,0.06060538,-0.2192107,75.47866,23.06218,267.6656,True,21,5,0
144.0328,0.09497947,0.0605619,-0.2191496,75.47833,22.92073,267.5198,True,21,5,0
144.0358,0.0949887,0.06050642,-0.2191771,75.48212,22.92935,267.5305,True,21,5,0
144.0387,0.09499873,0.06044619,-0.219207,75.48618,22.93871,267.542,True,21,5,0
144.0501,0.094827,0.06020847,-0.2193922,75.55942,22.63184,267.2125,True,21,5,0
144.0537,0.0948475,0.06014921,-0.2194269,75.5646,22.63617,267.2187,True,21,5,0
144.0569,0.09503598,0.06010631,-0.2193747,75.51789,22.70817,267.255,True,21,5,0
144.0602,0.0950628,0.06005411,-0.2194067,75.52103,22.71341,267.2609,True,21,5,0
144.0629,0.09508927,0.06000258,-0.2194383,75.52413,22.7186,267.2667,True,21,5,0
144.0659,0.09516557,0.05995274,-0.2192503,75.46586,22.67366,267.1844,True,21,5,0
144.0694,0.09520579,0.05987449,-0.2192826,75.46786,22.67895,267.1891,True,21,5,0
144.0729,0.09523893,0.05981,-0.2193092,75.46948,22.68328,267.193,True,21,5,0
144.0763,0.09580888,0.0599073,-0.2189745,75.27818,22.96146,267.3693,True,21,5,0
144.08,0.09588442,0.05983202,-0.2190097,75.27233,22.97808,267.3812,True,21,5,0
144.0844,0.09585898,0.05972135,-0.2189912,75.27909,22.92162,267.3028,True,21,5,0
144.0908,0.09581208,0.05958928,-0.2189557,75.27569,22.81166,267.1976,True,21,5,0
144.094,0.09585046,0.05953628,-0.2189665,75.27248,22.82085,267.2042,True,21,5,0
144.0963,0.09588353,0.05949056,-0.2189759,75.26975,22.82876,267.2099,True,21,5,0
144.0998,0.09532192,0.05922472,-0.219146,75.41993,22.40923,266.8761,True,21,5,0
144.1031,0.09533601,0.05915366,-0.2191453,75.4211,22.40621,266.873,True,21,5,0
144.1066,0.09535241,0.05907084,-0.2191444,75.42246,22.40271,266.8693,True,21,5,0
144.1094,0.0950621,0.05897152,-0.2192282,75.50543,22.18298,266.7028,True,21,5,0
144.1136,0.09506425,0.05886611,-0.2192167,75.51093,22.16841,266.6904,True,21,5,0
144.117,0.09480342,0.05879505,-0.2191068,75.50555,21.79438,266.3508,True,21,5,0
144.1198,0.09479827,0.05873053,-0.2191007,75.5086,21.77549,266.3341,True,21,5,0
144.1227,0.09479243,0.05865718,-0.2190939,75.51203,21.75401,266.3152,True,21,5,0
144.1259,0.09513561,0.05876203,-0.218792,75.3176,21.79174,266.2098,True,21,5,0
144.1283,0.09514534,0.05871126,-0.218802,75.31536,21.77709,266.1935,True,21,5,0
144.1311,0.09515709,0.05865003,-0.218814,75.31263,21.75938,266.1739,True,21,5,0
144.1344,0.09581134,0.05860113,-0.2186935,75.18257,22.49078,266.8328,True,21,5,0
144.1376,0.0958327,0.0585299,-0.2187022,75.17594,22.49506,266.8329,True,21,5,0
144.142,0.09588394,0.05834638,-0.2188214,75.22302,22.75998,267.102,True,21,5,0
144.1451,0.09589514,0.05825971,-0.2188175,75.21754,22.77337,267.1111,True,21,5,0
144.149,0.095934,0.05820473,-0.2187518,75.2203,22.90616,267.2502,True,21,5,0
144.1521,0.09593898,0.05813316,-0.2187319,75.21556,22.92228,267.2628,True,21,5,0
144.1553,0.09594492,0.05804759,-0.2187081,75.20994,22.94157,267.2779,True,21,5,0
144.1594,0.09557904,0.05790585,-0.218821,75.3282,22.82345,267.2752,True,21,5,0
144.1621,0.09556313,0.05784519,-0.2187902,75.3274,22.83407,267.2859,True,21,5,0
144.1649,0.09546775,0.05773266,-0.2189445,75.38614,22.97295,267.4972,True,21,5,0
144.1684,0.09542674,0.05764534,-0.218904,75.38744,22.9932,267.5205,True,21,5,0
144.1726,0.09538667,0.05756007,-0.2188644,75.38869,23.01297,267.5434,True,21,5,0
144.1771,0.09543332,0.05749382,-0.2188289,75.3501,23.06394,267.5804,True,21,5,0
144.1799,0.09539951,0.0574178,-0.2188096,75.3511,23.07991,267.5989,True,21,5,0
144.1841,0.09556614,0.05724999,-0.2190429,75.38335,23.29919,267.7351,True,21,5,0
144.187,0.09555038,0.05717254,-0.2190426,75.3851,23.31907,267.7548,True,21,5,0
144.1905,0.09547892,0.05705626,-0.2190395,75.3919,23.19281,267.6068,True,21,5,0
144.1938,0.09547228,0.05697928,-0.2190428,75.39342,23.21013,267.624,True,21,5,0
144.1968,0.09546512,0.05689627,-0.2190464,75.3951,23.22883,267.6426,True,21,5,0
144.2007,0.09542848,0.05666469,-0.2193097,75.48302,23.30226,267.7246,True,21,5,0
144.2057,0.09542392,0.05653292,-0.2193243,75.48905,23.33123,267.7538,True,21,5,0
144.2095,0.0961246,0.05658096,-0.219174,75.34472,23.72809,268.0703,True,21,5,0
144.2122,0.09616856,0.05649711,-0.2191951,75.34405,23.76037,268.1,True,21,5,0
144.2162,0.09621708,0.05656567,-0.218844,75.23026,23.40275,267.6938,True,21,5,0
144.2193,0.09628046,0.05649364,-0.2188638,75.22587,23.42222,267.7092,True,21,5,0
144.2224,0.09634668,0.05641833,-0.2188845,75.22126,23.44254,267.7253,True,21,5,0
144.2272,0.09630062,0.05643962,-0.2186032,75.16119,23.21388,267.47,True,21,5,0
144.2296,0.09634593,0.05639289,-0.218606,75.15652,23.22263,267.4751,True,21,5,0
144.2334,0.09589854,0.05621424,-0.2184264,75.21809,22.81977,267.1348,True,21,5,0
144.2383,0.09593624,0.05612363,-0.2183859,75.21315,22.81592,267.1278,True,21,5,0
144.2422,0.09601428,0.05584942,-0.218793,75.36675,23.18644,267.5303,True,21,5,0
144.2451,0.09603689,0.05577452,-0.2187637,75.36824,23.19542,267.5382,True,21,5,0
144.2493,0.09588768,0.05552626,-0.2192784,75.56012,23.18833,267.5552,True,21,5,0
144.2537,0.09592497,0.05541176,-0.2192605,75.57091,23.20076,267.5672,True,21,5,0
144.2565,0.0959016,0.05533512,-0.2195419,75.65285,23.11863,267.5005,True,21,5,0
144.2602,0.09594207,0.05525996,-0.219551,75.66294,23.12502,267.5071,True,21,5,0
144.263,0.09597664,0.05519579,-0.2195587,75.67155,23.13047,267.5127,True,21,5,0
144.2666,0.09601036,0.05518378,-0.2195736,75.65707,23.01344,267.3998,True,21,5,0
144.2701,0.09605669,0.05512004,-0.2195969,75.66586,23.01897,267.4055,True,21,5,0
144.2728,0.09609724,0.05506428,-0.2196173,75.6736,23.02377,267.4105,True,21,5,0
144.2755,0.0962094,0.05508204,-0.2192577,75.56863,22.95773,267.3051,True,21,5,0
144.2781,0.0962529,0.05502324,-0.2192653,75.57337,22.96065,267.3069,True,21,5,0
144.2812,0.09629786,0.0549625,-0.2192732,75.5783,22.96362,267.3088,True,21,5,0
144.2846,0.09643549,0.05512601,-0.2187709,75.48279,22.59463,266.8692,True,21,5,0
144.2876,0.09650674,0.05508737,-0.2187546,75.48462,22.58655,266.8581,True,21,5,0
144.2907,0.09640317,0.05501023,-0.218743,75.54237,22.44687,266.6643,True,21,5,0
144.3007,0.09638631,0.05472933,-0.2190359,75.69961,22.39672,266.5696,True,21,5,0
144.3042,0.096442,0.05468072,-0.2190136,75.70795,22.38379,266.551,True,21,5,0
144.3083,0.09622407,0.05453554,-0.2190624,75.77966,22.18912,266.3479,True,21,5,0
144.3111,0.0962603,0.05448136,-0.2190379,75.78989,22.17015,266.3233,True,21,5,0
144.3162,0.09636126,0.05438115,-0.2189741,75.78284,22.22017,266.3214,True,21,5,0
144.3196,0.0963954,0.05432001,-0.2189499,75.79282,22.20304,266.2968,True,21,5,0
144.3224,0.09642801,0.05426161,-0.2189268,75.80231,22.18664,266.2733,True,21,5,0
144.3259,0.09684789,0.05417001,-0.2190491,75.79079,22.8686,266.9205,True,21,5,0
144.3284,0.09687034,0.05411795,-0.2190335,75.79789,22.87392,266.9194,True,21,5,0
144.332,0.09706743,0.05410549,-0.2189365,75.76146,23.14693,267.1802,True,21,5,0
144.3356,0.09709302,0.05403157,-0.2189064,75.77074,23.1639,267.1873,True,21,5,0
144.3398,0.09711856,0.05395788,-0.2188764,75.77994,23.18081,267.1943,True,21,5,0
144.3428,0.09700721,0.05382931,-0.2192041,75.88606,23.15786,267.2053,True,21,5,0
144.3467,0.09703436,0.05374222,-0.2191949,75.90101,23.17598,267.2138,True,21,5,0
144.3506,0.09707241,0.05362497,-0.2192007,75.89105,23.2289,267.278,True,21,5,0
144.3539,0.0970868,0.05355328,-0.2191998,75.9008,23.24076,267.2835,True,21,5,0
144.3569,0.09716381,0.05351314,-0.2192047,75.88058,23.30782,267.3661,True,21,5,0
144.3604,0.09717541,0.05344647,-0.2192126,75.88904,23.31822,267.3711,True,21,5,0
144.3628,0.09718437,0.053395,-0.2192187,75.89563,23.32623,267.3749,True,21,5,0
144.3657,0.09666346,0.05316201,-0.219519,76.06017,22.96217,267.1117,True,21,5,0
144.3688,0.09664919,0.05307287,-0.2195322,76.07585,22.95991,267.1072,True,21,5,0
144.3721,0.09663786,0.05300194,-0.2195427,76.08833,22.95809,267.1035,True,21,5,0
144.375,0.09673514,0.05283001,-0.2198152,76.17028,23.26142,267.4351,True,21,5,0
144.3787,0.0967201,0.05272135,-0.2198345,76.1903,23.27151,267.4438,True,21,5,0
144.3824,0.0968902,0.05264941,-0.2200025,76.2206,23.51759,267.7027,True,21,5,0
144.3851,0.09688783,0.05257724,-0.2200243,76.23494,23.53172,267.7163,True,21,5,0
144.3878,0.09688559,0.05250798,-0.2200453,76.24877,23.54536,267.7294,True,21,5,0
144.3915,0.09701125,0.05244918,-0.220052,76.22864,23.62033,267.813,True,21,5,0
144.3947,0.0970142,0.05238335,-0.2200781,76.24107,23.63268,267.8248,True,21,5,0
144.403,0.09701914,0.05208437,-0.2203257,76.31548,23.6647,267.8546,True,21,5,0
144.4067,0.09702767,0.05198853,-0.2203729,76.33313,23.68091,267.8701,True,21,5,0
144.4109,0.09737949,0.05202644,-0.2201087,76.19144,23.72933,267.801,True,21,5,0
144.4139,0.09740505,0.0519574,-0.2201495,76.20073,23.74277,267.8105,True,21,5,0
144.4168,0.09769818,0.05196737,-0.2198591,76.0715,23.8987,267.9097,True,21,5,0
144.4201,0.09773649,0.05188264,-0.2199009,76.07801,23.91993,267.9244,True,21,5,0
144.4243,0.09768849,0.05176508,-0.2198259,76.06158,23.6955,267.6577,True,21,5,0
144.4273,0.09772215,0.05169475,-0.2198583,76.06609,23.70618,267.6625,True,21,5,0
144.4298,0.09775277,0.05163078,-0.2198879,76.07021,23.7159,267.6669,True,21,5,0
144.4327,0.09800769,0.05156162,-0.2199952,76.06293,23.90811,267.8319,True,21,5,0
144.4375,0.09808387,0.05144721,-0.2200597,76.06975,23.9341,267.8473,True,21,5,0
144.4407,0.09811793,0.05127837,-0.2204256,76.18994,24.10303,268.0422,True,21,5,0
144.4437,0.09816956,0.05120151,-0.2204698,76.19788,24.12482,268.0581,True,21,5,0
144.4461,0.09821701,0.05113089,-0.2205105,76.20513,24.14479,268.0726,True,21,5,0
144.4496,0.09832756,0.05106559,-0.2204931,76.21207,24.34018,268.2791,True,21,5,0
144.457,0.09838353,0.05096415,-0.2202566,76.16997,24.24855,268.1859,True,21,5,0
144.4605,0.09842485,0.05089608,-0.2202686,76.17608,24.27122,268.2033,True,21,5,0
144.4632,0.09846267,0.05083384,-0.2202796,76.18166,24.29197,268.2194,True,21,5,0
144.4668,0.09874069,0.05082348,-0.2204846,76.19024,24.52426,268.47,True,21,5,0
144.4717,0.0988249,0.05073735,-0.2205299,76.19936,24.56679,268.5059,True,21,5,0
144.475,0.09900063,0.05069289,-0.2207124,76.23418,24.73397,268.6425,True,21,5,0
144.4778,0.09906512,0.05064127,-0.2207488,76.24098,24.766,268.6695,True,21,5,0
144.4809,0.09912685,0.05059189,-0.2207837,76.24744,24.79668,268.6953,True,21,5,0
144.4841,0.09887493,0.05044849,-0.2208146,76.34605,24.50765,268.4257,True,21,5,0
144.4873,0.09893775,0.05038795,-0.2208351,76.35648,24.53173,268.4451,True,21,5,0
144.4911,0.09872183,0.0501845,-0.2211165,76.51373,24.44791,268.4472,True,21,5,0
144.4951,0.09877598,0.05011317,-0.2211316,76.53017,24.47003,268.4676,True,21,5,0
144.4978,0.09881948,0.05005597,-0.2211437,76.5434,24.48786,268.484,True,21,5,0
144.5029,0.09900379,0.04990476,-0.2213372,76.60833,24.78821,268.794,True,21,5,0
144.5061,0.09904931,0.04984306,-0.2213516,76.62315,24.81471,268.8194,True,21,5,0
144.5093,0.09915064,0.0497895,-0.2213418,76.57935,24.90795,268.9064,True,21,5,0
144.5117,0.09918574,0.04972658,-0.221367,76.59229,24.9312,268.9286,True,21,5,0
144.5154,0.09973178,0.04986551,-0.2210677,76.39429,25.2422,269.1189,True,21,5,0
144.5186,0.09979104,0.04980652,-0.2211103,76.40181,25.27841,269.1499,True,21,5,0
144.523,0.100278,0.04977386,-0.2209129,76.27074,25.78438,269.6469,True,21,5,0
144.5262,0.1003275,0.04971921,-0.2209413,76.27284,25.82822,269.6862,True,21,5,0
144.5287,0.1003738,0.04966819,-0.2209678,76.27477,25.86919,269.723,True,21,5,0
144.5319,0.1005509,0.04965682,-0.2208701,76.22247,26.04984,269.9096,True,21,5,0
144.5353,0.1006132,0.04958801,-0.2209003,76.22324,26.11188,269.9661,True,21,5,0
144.5383,0.1006576,0.04953896,-0.2209218,76.22379,26.15611,270.0064,True,21,5,0
144.5411,0.1005167,0.04940012,-0.2211409,76.31362,26.11753,269.9821,True,21,5,0
144.5437,0.1005558,0.04934722,-0.221165,76.31666,26.15979,270.021,True,21,5,0
144.5463,0.1006012,0.04928569,-0.221193,76.32021,26.20897,270.0662,True,21,5,0
144.5503,0.1004863,0.04906572,-0.2215778,76.45974,26.20395,270.0206,True,21,5,0
144.5548,0.1005576,0.04896027,-0.221633,76.47124,26.27541,270.0845,True,21,5,0
144.5592,0.1003367,0.04866813,-0.2220149,76.63381,26.30266,270.2011,True,21,5,0
144.5621,0.1003646,0.04859972,-0.2220459,76.64401,26.34144,270.2383,True,21,5,0
144.5651,0.1003995,0.04851425,-0.2220846,76.65684,26.38999,270.2847,True,21,5,0
144.5686,0.1003776,0.048408,-0.2221953,76.71584,26.42065,270.3726,True,21,5,0
144.5722,0.1004132,0.048324,-0.2222304,76.72993,26.46926,270.4208,True,21,5,0
144.5753,0.1004191,0.04826097,-0.2221598,76.71259,26.37029,270.3174,True,21,5,0
144.5784,0.1004592,0.04817319,-0.2221963,76.72603,26.41641,270.3632,True,21,5,0
144.5835,0.1008311,0.04826212,-0.2219158,76.58176,26.38592,270.2915,True,21,5,0
144.5866,0.1008939,0.04819776,-0.2219578,76.58894,26.42492,270.3289,True,21,5,0
144.5895,0.1006474,0.04808989,-0.2220584,76.64063,26.20271,270.0724,True,21,5,0
144.5937,0.1007008,0.0480095,-0.2221143,76.65118,26.23943,270.1058,True,21,5,0
144.5964,0.100742,0.04794753,-0.2221574,76.6593,26.26777,270.1317,True,21,5,0
144.6008,0.1006662,0.04788171,-0.2222181,76.67908,26.23805,270.1115,True,21,5,0
144.61,0.1007221,0.04774749,-0.2221927,76.65476,26.43707,270.249,True,21,5,0
144.6129,0.1007348,0.04768772,-0.2222257,76.66122,26.4688,270.2765,True,21,5,0
144.617,0.1011818,0.04762085,-0.2226315,76.67789,27.33051,271.1113,True,21,5,0
144.6218,0.101205,0.0475243,-0.222716,76.68883,27.4286,271.2012,True,21,5,0
144.6255,0.1010832,0.0473488,-0.2229382,76.72921,27.48575,271.2374,True,21,5,0
144.6285,0.1010836,0.04728428,-0.2229958,76.73598,27.53876,271.2856,True,21,5,0
144.6311,0.1010839,0.04722492,-0.2230488,76.74216,27.58757,271.3299,True,21,5,0
144.634,0.1006256,0.04705335,-0.223158,76.7821,27.30523,271.0956,True,21,5,0
144.6376,0.1005947,0.04697451,-0.2232274,76.79005,27.35216,271.1388,True,21,5,0
144.6422,0.1006683,0.04684657,-0.223509,76.80222,27.72212,271.5855,True,21,5,0
144.6451,0.1006299,0.04676023,-0.223598,76.81077,27.78328,271.6455,True,21,5,0
144.649,0.1007947,0.04671548,-0.2236852,76.7853,28.02187,271.9732,True,21,5,0
144.6519,0.1007708,0.04664214,-0.2237677,76.79173,28.08177,272.0348,True,21,5,0
144.6547,0.1007489,0.04657461,-0.2238435,76.79762,28.13691,272.0914,True,21,5,0
144.6579,0.1008665,0.04655148,-0.2237825,76.7593,28.23362,272.2532,True,21,5,0
144.6617,0.1008521,0.0464761,-0.2238639,76.76488,28.30082,272.3242,True,21,5,0
144.6647,0.1008391,0.04640792,-0.2239376,76.76992,28.36162,272.3885,True,21,5,0
144.6678,0.1009508,0.04639952,-0.2237245,76.69756,28.34037,272.4443,True,21,5,0
144.6711,0.1009481,0.04633559,-0.2237842,76.70032,28.39704,272.5064,True,21,5,0
144.6745,0.1010064,0.0463282,-0.2235541,76.64931,28.32305,272.4864,True,21,5,0
144.6777,0.1010137,0.04625945,-0.2236018,76.65096,28.38327,272.5541,True,21,5,0
144.6809,0.1010201,0.04619931,-0.2236435,76.6524,28.43595,272.6133,True,21,5,0
144.6837,0.101376,0.04614556,-0.223423,76.57574,28.82567,272.985,True,21,5,0
144.6876,0.1013986,0.04605766,-0.2234451,76.5743,28.90903,273.076,True,21,5,0
144.6914,0.1014988,0.04602183,-0.2231956,76.54264,28.91121,273.0802,True,21,5,0
144.6951,0.1015261,0.04595365,-0.2231885,76.54155,28.97395,273.1487,True,21,5,0
144.698,0.1015503,0.04589334,-0.2231821,76.54055,29.02946,273.2093,True,21,5,0
144.7013,0.101428,0.04577613,-0.2231605,76.59474,28.90755,273.0705,True,21,5,0
144.7054,0.1014614,0.04569805,-0.2231391,76.59525,28.9716,273.1402,True,21,5,0
144.7089,0.1011703,0.04566866,-0.2228576,76.5933,28.56688,272.7434,True,21,5,0
144.7171,0.1010612,0.04559439,-0.2225492,76.55714,28.33709,272.5374,True,21,5,0
144.7225,0.1010853,0.04550742,-0.2224811,76.55595,28.38791,272.5969,True,21,5,0
144.7268,0.1005821,0.04538371,-0.2224902,76.64597,27.92797,272.2948,True,21,5,0
144.7308,0.1005728,0.04531796,-0.2224396,76.64885,27.94537,272.3249,True,21,5,0
144.7339,0.1004338,0.04523143,-0.222498,76.68516,27.99726,272.495,True,21,5,0
144.7379,0.1004085,0.04517215,-0.2224561,76.68881,28.0139,272.5264,True,21,5,0
144.7407,0.1004737,0.04514134,-0.222512,76.69572,28.18958,272.7851,True,21,5,0
144.7436,0.1004531,0.04509439,-0.2224818,76.69894,28.20856,272.8186,True,21,5,0
144.7466,0.1004299,0.04504152,-0.2224478,76.70247,28.22991,272.8563,True,21,5,0
144.75,0.1004595,0.04504351,-0.2223552,76.67108,28.23786,272.9591,True,21,5,0
144.7532,0.1004387,0.04499541,-0.222324,76.67345,28.25869,272.999,True,21,5,0
144.7569,0.1002415,0.04499006,-0.2218501,76.57661,27.96455,272.7091,True,21,5,0
144.7669,0.1004129,0.04491803,-0.2210744,76.381,28.21557,272.9543,True,21,5,0
144.7704,0.1003702,0.04486874,-0.2209933,76.37403,28.2309,272.9843,True,21,5,0
144.7733,0.100207,0.04479727,-0.2208949,76.4123,28.27623,273.104,True,21,5,0
144.7766,0.1001462,0.04474388,-0.2207844,76.40614,28.29409,273.14,True,21,5,0
144.7888,0.1000336,0.04459964,-0.2205954,76.45378,28.51371,273.5265,True,21,5,0
144.7934,0.1001568,0.04452245,-0.2205852,76.46002,28.83502,273.9199,True,21,5,0
144.7962,0.1001216,0.04448456,-0.220496,76.45691,28.86245,273.9668,True,21,5,0
144.7998,0.1001221,0.044475,-0.2203776,76.44952,28.92775,274.0725,True,21,5,0
144.804,0.1000804,0.04443145,-0.2202589,76.44527,28.96552,274.1369,True,21,5,0
144.8079,0.09970324,0.04431133,-0.2203378,76.55392,28.78759,274.0845,True,21,5,0
144.8113,0.09964699,0.04426669,-0.2202223,76.55403,28.81708,274.1443,True,21,5,0
144.8192,0.09960012,0.04413168,-0.220243,76.60099,29.10918,274.5115,True,21,5,0
144.8224,0.09954651,0.04408653,-0.2201457,76.6027,29.14551,274.5771,True,21,5,0
144.8269,0.09965843,0.04405919,-0.2199759,76.53483,29.2469,274.6677,True,21,5,0
144.8298,0.09962066,0.04401931,-0.2199043,76.53424,29.27855,274.7223,True,21,5,0
144.8332,0.09950143,0.04403669,-0.2195774,76.46406,29.02323,274.4705,True,21,5,0
144.8377,0.09945002,0.04398783,-0.2194804,76.46027,29.05297,274.5302,True,21,5,0
144.8408,0.09929441,0.04404616,-0.2189657,76.33624,28.78465,274.2028,True,21,5,0
144.8448,0.09921549,0.04399759,-0.2188428,76.32681,28.80377,274.2506,True,21,5,0
144.8482,0.0991604,0.04396376,-0.2187571,76.32024,28.81704,274.2839,True,21,5,0
144.8516,0.09911217,0.04395407,-0.2186373,76.29346,29.06853,274.6197,True,21,5,0
144.8548,0.09903831,0.04392196,-0.2185435,76.28611,29.08944,274.663,True,21,5,0
144.8579,0.09907597,0.04393479,-0.21851,76.2845,29.24931,274.8615,True,21,5,0
144.8617,0.09900141,0.04390712,-0.2184066,76.27644,29.27773,274.9157,True,21,5,0
144.8647,0.09893709,0.04388335,-0.2183177,76.26945,29.30214,274.9624,True,21,5,0
144.8683,0.09896336,0.04390258,-0.2182535,76.2611,29.35188,275.0451,True,21,5,0
144.872,0.09890404,0.04388267,-0.2181579,76.25316,29.38027,275.0989,True,21,5,0
144.8752,0.0990833,0.04386365,-0.2180488,76.2158,29.70469,275.3956,True,21,5,0
144.8784,0.09902856,0.04384033,-0.2179437,76.2066,29.74422,275.4592,True,21,5,0
144.8833,0.0992615,0.04395911,-0.2172038,75.99256,29.81591,275.516,True,21,5,0
144.8862,0.09922194,0.04394339,-0.2170945,75.97891,29.84838,275.5669,True,21,5,0
144.8892,0.09917343,0.04392426,-0.2169607,75.96216,29.88801,275.629,True,21,5,0
144.8934,0.09907658,0.04382659,-0.2166235,75.90409,29.96836,275.7647,True,21,5,0
163.9063,-0.09902099,0.05107813,-0.2110725,76.67597,337.696,239.1407,True,23,6,0
163.9091,-0.09885152,0.05106407,-0.2109785,76.69888,337.8596,239.3187,True,23,6,0
163.9123,-0.09885929,0.05111077,-0.2109355,76.66537,337.8165,239.2648,True,23,6,0
163.9167,-0.09873601,0.05108866,-0.2108719,76.69157,337.9387,239.3811,True,23,6,0
163.92,-0.09874675,0.0511246,-0.2108174,76.66431,337.9034,239.337,True,23,6,0
163.9237,-0.09869965,0.05107361,-0.2111604,76.7998,337.6437,239.1104,True,23,6,0
163.928,-0.09870918,0.05111858,-0.2110865,76.77332,337.5923,239.05,True,23,6,0
163.9311,-0.09871691,0.05115518,-0.2110264,76.75176,337.5506,239.0009,True,23,6,0
163.9395,-0.09855316,0.05112767,-0.2110389,76.82684,337.4508,238.8273,True,23,6,0
163.9432,-0.09855689,0.05098464,-0.2112907,76.94549,337.2407,238.618,True,23,6,0
163.9473,-0.09856638,0.05100876,-0.2111832,76.92702,337.1752,238.5404,True,23,6,0
163.9514,-0.09830138,0.05080068,-0.2113133,77.03878,337.3005,238.6647,True,23,6,0
163.9544,-0.09830095,0.05079679,-0.2112396,77.03034,337.2634,238.6202,True,23,6,0
163.9577,-0.09798737,0.05068305,-0.2113005,77.11143,337.4213,238.807,True,23,6,0
163.9609,-0.09797224,0.05067198,-0.2112262,77.10572,337.3906,238.7701,True,23,6,0
163.9634,-0.0979587,0.05066206,-0.2111598,77.10053,337.3631,238.7371,True,23,6,0
163.9667,-0.09776759,0.05061682,-0.21113,77.13525,337.4646,238.8349,True,23,6,0
163.9699,-0.09774469,0.05060422,-0.2110469,77.1296,337.4343,238.7985,True,23,6,0
163.9732,-0.09772105,0.0505912,-0.2109612,77.12378,337.403,238.761,True,23,6,0
163.9762,-0.09792774,0.05058739,-0.2112142,77.16525,336.8867,238.215,True,23,6,0
163.9794,-0.09790358,0.05057816,-0.2111354,77.16019,336.834,238.1543,True,23,6,0
163.9839,-0.09805789,0.05053458,-0.2112792,77.19505,336.5828,237.8935,True,23,6,0
163.9868,-0.0980541,0.05052605,-0.211229,77.19215,336.536,237.8405,True,23,6,0
163.9901,-0.0980814,0.05050291,-0.2110295,77.14685,336.7292,238.0043,True,23,6,0
163.9945,-0.09810039,0.05048385,-0.2109645,77.14132,336.6747,237.9403,True,23,6,0
163.9973,-0.09811378,0.0504704,-0.2109185,77.13741,336.6362,237.8952,True,23,6,0
164.0004,-0.0979062,0.05040434,-0.2108506,77.16232,337.1522,238.3919,True,23,6,0
164.004,-0.09793609,0.05038416,-0.2108046,77.15884,337.1261,238.3579,True,23,6,0
164.007,-0.0979647,0.05036485,-0.2107606,77.15551,337.1012,238.3253,True,23,6,0
164.0105,-0.09776858,0.05034783,-0.2107292,77.16781,337.5454,238.771,True,23,6,0
164.0139,-0.09780018,0.0503308,-0.2106969,77.16503,337.5355,238.7538,True,23,6,0
164.0172,-0.09761675,0.05032225,-0.2105648,77.12941,337.9903,239.2164,True,23,6,0
164.02,-0.09764647,0.05030479,-0.210544,77.12579,337.9949,239.2145,True,23,6,0
164.0236,-0.09750705,0.05030853,-0.2104617,77.10696,338.3157,239.5788,True,23,6,0
164.0276,-0.09754076,0.05028978,-0.2104439,77.10182,338.3333,239.5903,True,23,6,0
164.0308,-0.09757016,0.05027345,-0.2104283,77.09741,338.3486,239.6003,True,23,6,0
164.034,-0.09742128,0.05028309,-0.2102803,77.08576,338.6819,239.9506,True,23,6,0
164.0427,-0.09759368,0.05023795,-0.2098945,77.01047,338.899,240.1271,True,23,6,0
164.0454,-0.09763549,0.05021971,-0.2098554,77.00451,338.9252,240.1484,True,23,6,0
164.0485,-0.09740144,0.05010961,-0.2097962,77.08271,339.3283,240.543,True,23,6,0
164.0511,-0.0974401,0.05008765,-0.2097426,77.07967,339.3622,240.5723,True,23,6,0
164.054,-0.09748277,0.05006342,-0.2096834,77.07635,339.3996,240.6047,True,23,6,0
164.0582,-0.09734446,0.04995811,-0.2097614,77.18293,339.5775,240.7806,True,23,6,0
164.0616,-0.09738087,0.04993366,-0.2096939,77.18291,339.6185,240.8169,True,23,6,0
164.0643,-0.09741555,0.04991041,-0.2096296,77.18295,339.6576,240.8514,True,23,6,0
164.067,-0.09732925,0.04977785,-0.2097427,77.28916,339.7625,240.979,True,23,6,0
164.0712,-0.09737839,0.0497375,-0.2096429,77.29308,339.8196,241.0309,True,23,6,0
164.0752,-0.09753107,0.04953869,-0.2101083,77.49224,339.3335,240.6043,True,23,6,0
164.0779,-0.09756616,0.04950212,-0.2100339,77.501,339.3603,240.6291,True,23,6,0
164.0809,-0.09760039,0.04946646,-0.2099613,77.50961,339.3864,240.6533,True,23,6,0
164.084,-0.09762166,0.04928362,-0.2102205,77.65358,339.1031,240.374,True,23,6,0
164.0921,-0.09736594,0.04899073,-0.2100535,77.78934,339.5356,240.7889,True,23,6,0
164.0952,-0.09738514,0.04893564,-0.2099684,77.80393,339.563,240.8142,True,23,6,0
164.0979,-0.09740473,0.04887937,-0.2098813,77.8188,339.5911,240.8402,True,23,6,0
164.1006,-0.09764636,0.04865442,-0.209872,77.89905,339.4662,240.7398,True,23,6,0
164.1051,-0.09771144,0.04854695,-0.2097254,77.92408,339.5017,240.7733,True,23,6,0
164.1086,-0.09764416,0.04834561,-0.2099488,78.10824,339.7166,240.966,True,23,6,0
164.1116,-0.09771091,0.04825917,-0.2098349,78.13303,339.7512,240.9983,True,23,6,0
164.1145,-0.09776675,0.04818687,-0.2097396,78.15381,339.7802,241.0255,True,23,6,0
164.1176,-0.0976143,0.04786904,-0.2101453,78.37571,339.9059,241.2329,True,23,6,0
164.1212,-0.09768707,0.04775354,-0.2100307,78.41038,339.9491,241.2767,True,23,6,0
164.1246,-0.09754491,0.04752752,-0.2100588,78.51909,340.177,241.5248,True,23,6,0
164.1283,-0.09759889,0.04741558,-0.2099591,78.55228,340.2228,241.5719,True,23,6,0
164.1312,-0.09764985,0.04730989,-0.2098648,78.58368,340.2664,241.6166,True,23,6,0
164.1347,-0.09737355,0.04699834,-0.2098659,78.73331,341.0796,242.3992,True,23,6,0
164.1389,-0.09746265,0.04682977,-0.2097324,78.78158,341.1776,242.4973,True,23,6,0
164.1429,-0.09745058,0.04651076,-0.2101945,78.99174,341.145,242.4725,True,23,6,0
164.1467,-0.09753561,0.0463306,-0.2100931,79.04593,341.2384,242.5665,True,23,6,0
164.15,-0.09737111,0.04610331,-0.210477,79.24205,341.372,242.7179,True,23,6,0
164.1532,-0.09742656,0.04596095,-0.2104121,79.28938,341.4494,242.7963,True,23,6,0
164.1559,-0.0974823,0.04581772,-0.2103465,79.33704,341.5281,242.8761,True,23,6,0
164.1598,-0.09741045,0.04560368,-0.2103063,79.4304,342.0606,243.368,True,23,6,0
164.1628,-0.09747446,0.04546674,-0.2102451,79.47548,342.1502,243.4572,True,23,6,0
164.166,-0.09743378,0.04528488,-0.2105929,79.61532,342.186,243.5388,True,23,6,0
164.1697,-0.09750852,0.04509833,-0.2105446,79.68142,342.3106,243.6649,True,23,6,0
164.1736,-0.0972843,0.04489332,-0.2108487,79.81845,342.6263,244.0178,True,23,6,0
164.1768,-0.0973198,0.04475187,-0.2108394,79.87093,342.7314,244.1253,True,23,6,0
164.1807,-0.09736961,0.04455274,-0.2108261,79.94496,342.8816,244.2787,True,23,6,0
164.1843,-0.09747707,0.04439411,-0.2104576,79.88874,343.2587,244.6303,True,23,6,0
164.1877,-0.0975328,0.04422362,-0.2104375,79.94445,343.3935,244.7666,True,23,6,0
164.1943,-0.09755749,0.04392862,-0.2105644,80.05766,343.6516,245.0448,True,23,6,0
164.1975,-0.09759367,0.04379353,-0.2105651,80.10332,343.7653,245.1603,True,23,6,0
164.2002,-0.0971517,0.04367933,-0.2108487,80.21938,344.3861,245.8217,True,23,6,0
164.2039,-0.09715956,0.04353088,-0.2108765,80.27482,344.5435,245.9825,True,23,6,0
164.2077,-0.09687422,0.04338756,-0.2110764,80.35794,345.2248,246.7607,True,23,6,0
164.2114,-0.09686907,0.04323745,-0.2111359,80.41694,345.4186,246.9615,True,23,6,0
164.2151,-0.09671135,0.04321988,-0.2109835,80.35606,345.8596,247.4039,True,23,6,0
164.2184,-0.09668682,0.04309641,-0.2110553,80.40503,346.0471,247.5975,True,23,6,0
164.2211,-0.09666657,0.04299498,-0.2111143,80.44531,346.2027,247.7582,True,23,6,0
164.2245,-0.09683039,0.04301837,-0.2108969,80.31583,345.9481,247.5158,True,23,6,0
164.2281,-0.09678952,0.04291324,-0.2109805,80.35637,346.1114,247.6853,True,23,6,0
164.2318,-0.09674057,0.04278784,-0.2110804,80.40466,346.3084,247.8895,True,23,6,0
164.2368,-0.09684827,0.04280728,-0.2109033,80.28352,346.34,247.8668,True,23,6,0
164.2469,-0.09700077,0.04266521,-0.2110927,80.29675,346.4901,248.0498,True,23,6,0
164.2502,-0.09683597,0.04260582,-0.2111103,80.31704,347.1068,248.7071,True,23,6,0
164.253,-0.0968167,0.04253909,-0.2112001,80.34372,347.2466,248.8512,True,23,6,0
164.2557,-0.09679455,0.04246265,-0.2113029,80.3742,347.4079,249.0172,True,23,6,0
164.2594,-0.09657557,0.04239593,-0.2114659,80.46108,348.346,250.0529,True,23,6,0
164.2628,-0.0965732,0.04232165,-0.2115719,80.49424,348.5478,250.2629,True,23,6,0
164.266,-0.09667718,0.04225518,-0.2111824,80.39704,349.0706,250.7843,True,23,6,0
164.2692,-0.09670325,0.04217158,-0.2112681,80.42606,349.2886,251.0103,True,23,6,0
164.2721,-0.09672366,0.04210602,-0.2113353,80.44867,349.4606,251.1886,True,23,6,0
164.2755,-0.09687763,0.04203807,-0.2111755,80.40855,349.6248,251.3833,True,23,6,0
164.2783,-0.09691212,0.04195847,-0.2112438,80.43285,349.8276,251.5944,True,23,6,0
164.2816,-0.09640584,0.04177547,-0.2113391,80.52335,350.9101,252.739,True,23,6,0
164.2844,-0.09641817,0.04169416,-0.2113888,80.54629,351.1224,252.9602,True,23,6,0
164.2876,-0.09643317,0.04159498,-0.2114495,80.57404,351.383,253.2317,True,23,6,0
164.2918,-0.09602731,0.04137534,-0.2114002,80.61933,352.2099,254.1309,True,23,6,0
164.2959,-0.09600544,0.04124948,-0.2114469,80.64997,352.529,254.4645,True,23,6,0
164.2998,-0.09593509,0.04106316,-0.2112171,80.6265,352.7166,254.5902,True,23,6,0
164.303,-0.09590201,0.04095934,-0.2112325,80.64745,352.9513,254.8335,True,23,6,0
164.3063,-0.09586295,0.04083708,-0.2112505,80.67191,353.2295,255.1217,True,23,6,0
164.3098,-0.09578347,0.0407248,-0.2112113,80.68627,353.1241,254.9763,True,23,6,0
164.3126,-0.09572124,0.04061352,-0.2112205,80.70812,353.3679,255.2278,True,23,6,0
164.3158,-0.09576742,0.04039849,-0.2114032,80.80258,353.2055,255.0974,True,23,6,0
164.3191,-0.0956982,0.04027341,-0.2114077,80.82738,353.4445,255.345,True,23,6,0
164.3223,-0.09561841,0.04012956,-0.2114127,80.8557,353.7213,255.6319,True,23,6,0
164.3263,-0.09575237,0.03990038,-0.2112001,80.85874,353.7377,255.6628,True,23,6,0
164.3296,-0.09569532,0.03975555,-0.2111798,80.88342,353.9814,255.9157,True,23,6,0
164.3327,-0.09523497,0.03956003,-0.2113099,81.01025,355.0733,257.0299,True,23,6,0
164.3356,-0.09517308,0.03941327,-0.2112762,81.03744,355.3545,257.3208,True,23,6,0
164.3405,-0.0951361,0.03915313,-0.21143,81.17897,355.5503,257.6211,True,23,6,0
164.3498,-0.09506343,0.03875835,-0.211285,81.26964,355.9745,258.0937,True,23,6,0
164.3534,-0.09499446,0.03861773,-0.2112347,81.29929,356.243,258.3753,True,23,6,0
164.3563,-0.09492514,0.03847679,-0.211184,81.32891,356.5146,258.66,True,23,6,0
164.3597,-0.09453361,0.03834487,-0.2113818,81.40775,357.1697,259.3125,True,23,6,0
164.3625,-0.09445414,0.03822747,-0.2113534,81.43383,357.4182,259.5718,True,23,6,0
164.3654,-0.09436598,0.03809503,-0.2115732,81.506,357.6891,259.8209,True,23,6,0
164.3687,-0.09425497,0.03793119,-0.2115584,81.54404,358.0461,260.1917,True,23,6,0
164.3734,-0.09430661,0.03775924,-0.2117844,81.65315,358.049,260.1431,True,23,6,0
164.3764,-0.09422793,0.03764085,-0.2117819,81.68362,358.3102,260.4125,True,23,6,0
164.3798,-0.09412499,0.03748651,-0.2117784,81.72327,358.6544,260.7677,True,23,6,0
164.3839,-0.09419228,0.03728566,-0.2117475,81.75664,358.9577,261.0317,True,23,6,0
164.3867,-0.09413858,0.03716847,-0.2117422,81.78436,359.2059,261.2863,True,23,6,0
164.3909,-0.09408519,0.03692639,-0.2118829,81.85348,359.6072,261.7239,True,23,6,0
164.3952,-0.0940193,0.03676999,-0.2118922,81.88969,359.9362,262.0622,True,23,6,0
164.3987,-0.09411917,0.03662361,-0.2121122,81.95199,359.7859,261.9524,True,23,6,0
164.4028,-0.09403623,0.03643505,-0.2121534,81.99739,0.1743261,262.3538,True,23,6,0
164.4061,-0.09397885,0.03630508,-0.2121817,82.02853,0.4450901,262.6334,True,23,6,0
164.4098,-0.09391896,0.03615634,-0.2122879,82.05756,0.7533386,262.9337,True,23,6,0
164.4128,-0.09384998,0.03599747,-0.2123365,82.09486,1.088584,263.279,True,23,6,0
164.4172,-0.09368435,0.03588396,-0.2121657,82.03802,1.420067,263.6146,True,23,6,0
164.4205,-0.09361261,0.03575265,-0.2122092,82.06583,1.70395,263.9068,True,23,6,0
164.424,-0.09363057,0.0356454,-0.211963,82.00857,1.828224,264.0616,True,23,6,0
164.4271,-0.09357011,0.03552698,-0.211994,82.0312,2.081163,264.3227,True,23,6,0
164.43,-0.09351203,0.03541344,-0.2120236,82.05278,2.325253,264.5745,True,23,6,0
164.4342,-0.09329053,0.03530046,-0.2117638,81.99345,3.11594,265.2663,True,23,6,0
164.438,-0.09322271,0.03516787,-0.2117886,82.01579,3.429923,265.5859,True,23,6,0
164.4417,-0.09316654,0.03506041,-0.2119146,82.04925,3.586968,265.7209,True,23,6,0
164.4447,-0.09309169,0.03493489,-0.2119513,82.0714,3.895202,266.0337,True,23,6,0
164.4515,-0.09309585,0.03474689,-0.2121907,82.14922,4.206344,266.3938,True,23,6,0
164.4542,-0.09304199,0.03465579,-0.212229,82.16729,4.444942,266.6371,True,23,6,0
164.4579,-0.09280888,0.03457123,-0.2121249,82.1369,5.382392,267.5839,True,23,6,0
164.4615,-0.09275303,0.03446668,-0.2121659,82.15582,5.692304,267.8995,True,23,6,0
164.465,-0.09269004,0.03434902,-0.2122119,82.17687,6.043276,268.2568,True,23,6,0
164.4683,-0.09237569,0.03423509,-0.2121343,82.14607,6.921978,269.1342,True,23,6,0
164.4715,-0.09231628,0.03413484,-0.2121702,82.16113,7.233103,269.4504,True,23,6,0
164.4749,-0.09242012,0.03402385,-0.2122948,82.18234,7.124841,269.3651,True,23,6,0
164.4777,-0.09235983,0.03391956,-0.2123455,82.19798,7.435891,269.6819,True,23,6,0
164.4811,-0.09230174,0.03381926,-0.2123942,82.21288,7.736592,269.9883,True,23,6,0
164.4838,-0.09223388,0.03384022,-0.2124576,82.21641,7.797087,270.0517,True,23,6,0
164.4867,-0.09217382,0.03376721,-0.2125058,82.22871,8.050699,270.3101,True,23,6,0
164.4898,-0.09213919,0.03375617,-0.2125577,82.23585,8.043859,270.2931,True,23,6,0
164.4941,-0.09203817,0.03366655,-0.2126329,82.25316,8.399434,270.6549,True,23,6,0
164.4972,-0.09195808,0.03359565,-0.2126923,82.26656,8.682325,270.9427,True,23,6,0
164.5017,-0.09184594,0.03356063,-0.2127439,82.26937,8.823225,271.0687,True,23,6,0
164.5054,-0.0917519,0.03349757,-0.2128077,82.2823,9.107462,271.3573,True,23,6,0
164.5089,-0.09170188,0.03347255,-0.2124533,82.16529,9.159403,271.3452,True,23,6,0
164.5117,-0.09161106,0.0334097,-0.2125052,82.17386,9.429998,271.6179,True,23,6,0
164.515,-0.09152397,0.03334948,-0.2125549,82.18184,9.689981,271.8799,True,23,6,0
164.5179,-0.09124645,0.0333052,-0.21242,82.13024,10.38127,272.5184,True,23,6,0
164.5206,-0.09116358,0.03324851,-0.2124586,82.13548,10.63458,272.7721,True,23,6,0
164.5238,-0.09085655,0.03322099,-0.2121195,82.0343,11.28459,273.3459,True,23,6,0
164.5281,-0.09073813,0.03314663,-0.2121466,82.03642,11.63612,273.6948,True,23,6,0
164.5311,-0.09064262,0.03308679,-0.2121683,82.03785,11.91972,273.9763,True,23,6,0
164.5351,-0.09070692,0.03299065,-0.2120726,82.02563,11.90664,273.949,True,23,6,0
164.538,-0.09063342,0.032938,-0.2120842,82.02642,12.13535,274.1757,True,23,6,0
164.5415,-0.09070498,0.03285673,-0.2120835,82.04643,11.92703,273.968,True,23,6,0
164.5446,-0.09060487,0.03278682,-0.2120947,82.04811,12.21113,274.2495,True,23,6,0
164.5476,-0.09052339,0.03273001,-0.2121037,82.04919,12.44238,274.4786,True,23,6,0
164.5504,-0.0906046,0.03265421,-0.2120544,82.04821,12.07552,274.1427,True,23,6,0
164.5531,-0.09052257,0.03259668,-0.2120614,82.04932,12.27816,274.3435,True,23,6,0
164.5561,-0.0904157,0.03252183,-0.2120705,82.05053,12.54222,274.6052,True,23,6,0
164.5604,-0.090341,0.03236614,-0.212084,82.076,12.65286,274.6936,True,23,6,0
164.5642,-0.09022293,0.03227744,-0.2120871,82.07806,12.92657,274.964,True,23,6,0
164.5692,-0.08999626,0.03214617,-0.2121194,82.10342,13.39139,275.4348,True,23,6,0
164.5728,-0.08988099,0.03206484,-0.2121174,82.10559,13.64713,275.6878,True,23,6,0
164.5768,-0.08955179,0.0320348,-0.2120067,82.07555,14.21072,276.2364,True,23,6,0
164.58,-0.08941717,0.03195722,-0.2119964,82.07616,14.48913,276.5115,True,23,6,0
164.5841,-0.08917261,0.0319643,-0.2119879,82.05866,14.92617,276.9142,True,23,6,0
164.587,-0.08905962,0.03191276,-0.2119838,82.05824,15.15227,277.1367,True,23,6,0
164.5907,-0.08891191,0.03189242,-0.2119905,82.05056,15.3082,277.259,True,23,6,0
164.5944,-0.08877923,0.03184222,-0.2119928,82.04959,15.55555,277.5015,True,23,6,0
164.5973,-0.08866059,0.03179742,-0.2119948,82.04875,15.77674,277.7184,True,23,6,0
164.6003,-0.08875423,0.03180496,-0.2121071,82.08656,15.3422,277.2773,True,23,6,0
164.6034,-0.08863163,0.03177033,-0.2121162,82.08578,15.54203,277.4734,True,23,6,0
164.6068,-0.08849061,0.03173058,-0.2121265,82.08488,15.7718,277.6987,True,23,6,0
164.6104,-0.08845949,0.03174703,-0.2120346,82.04243,15.56177,277.4546,True,23,6,0
164.6137,-0.08830032,0.03170925,-0.2120526,82.03985,15.80122,277.688,True,23,6,0
164.6173,-0.08827024,0.03172685,-0.2118577,81.99659,15.43979,277.3062,True,23,6,0
164.6201,-0.08814009,0.03170209,-0.2118653,81.99371,15.60673,277.4682,True,23,6,0
164.6234,-0.08824877,0.03169537,-0.2118397,82.00903,15.0561,276.8767,True,23,6,0
164.627,-0.08810272,0.03167255,-0.2118468,82.00675,15.21668,277.0307,True,23,6,0
164.6299,-0.0879681,0.03165156,-0.2118533,82.00454,15.36465,277.1725,True,23,6,0
164.633,-0.08788378,0.0317287,-0.2116716,81.9499,15.10564,276.8434,True,23,6,0
164.6361,-0.08775359,0.03171954,-0.2116758,81.9466,15.22978,276.9604,True,23,6,0
164.6389,-0.08761759,0.03171,-0.2116803,81.94315,15.35937,277.0825,True,23,6,0
164.6421,-0.08775948,0.03168643,-0.2116152,81.94453,14.98177,276.6944,True,23,6,0
164.645,-0.08761922,0.03167374,-0.2116164,81.94107,15.11506,276.8199,True,23,6,0
164.6493,-0.08744736,0.03171496,-0.2117136,81.95924,15.21293,276.9131,True,23,6,0
164.6585,-0.08691846,0.03169906,-0.2119469,81.98901,15.78596,277.549,True,23,6,0
164.6622,-0.08676618,0.03169751,-0.2119673,81.98702,15.91516,277.674,True,23,6,0
164.6656,-0.08676888,0.0315993,-0.2121291,82.02425,15.81877,277.5977,True,23,6,0
164.6684,-0.08663878,0.03158641,-0.2121533,82.02253,15.92557,277.701,True,23,6,0
164.6716,-0.08650719,0.03157339,-0.2121779,82.02073,16.03355,277.8055,True,23,6,0
164.6752,-0.08633055,0.03146119,-0.2124007,82.07606,16.37697,278.1428,True,23,6,0
164.6782,-0.08619347,0.03143635,-0.212431,82.07586,16.49814,278.2602,True,23,6,0
164.6827,-0.08613234,0.0313652,-0.2124505,82.11212,16.40618,278.1363,True,23,6,0
164.6858,-0.08600882,0.03133911,-0.212467,82.11323,16.50986,278.2355,True,23,6,0
164.6884,-0.08588354,0.03131269,-0.2124838,82.11434,16.61495,278.3362,True,23,6,0
164.6923,-0.08591661,0.03133513,-0.2123103,82.0919,16.32971,277.9189,True,23,6,0
164.6956,-0.08578942,0.03131302,-0.2123148,82.09244,16.4301,278.0101,True,23,6,0
164.6988,-0.08557584,0.03129607,-0.2123644,82.10479,16.78061,278.2639,True,23,6,0
164.7018,-0.08544416,0.031275,-0.2123675,82.10559,16.89209,278.363,True,23,6,0
164.7047,-0.08534516,0.03125919,-0.2123699,82.10624,16.97598,278.4376,True,23,6,0
164.7082,-0.08525141,0.03114721,-0.2125796,82.17889,17.23794,278.6531,True,23,6,0
164.711,-0.08512371,0.03111577,-0.2125855,82.18214,17.35772,278.7592,True,23,6,0
164.7155,-0.08501261,0.03102355,-0.2124367,82.16083,17.11914,278.5658,True,23,6,0
164.7184,-0.08489431,0.03098775,-0.212436,82.16334,17.2108,278.6469,True,23,6,0
164.7209,-0.08479552,0.03095788,-0.2124353,82.16544,17.28744,278.7147,True,23,6,0
164.7238,-0.08484946,0.03091146,-0.2123303,82.16293,16.86205,278.3001,True,23,6,0
164.728,-0.08469538,0.03086418,-0.2123241,82.16594,16.96955,278.3952,True,23,6,0
164.7309,-0.08457324,0.03082673,-0.2123193,82.16833,17.05485,278.4707,True,23,6,0
164.734,-0.08458694,0.03078376,-0.2125016,82.24748,17.07304,278.5017,True,23,6,0
164.7371,-0.08448207,0.03075221,-0.2124985,82.25175,17.15084,278.5711,True,23,6,0
164.7406,-0.0843151,0.03065783,-0.2123688,82.20955,17.30003,278.7487,True,23,6,0
164.7441,-0.08417124,0.03060061,-0.2123618,82.21354,17.4123,278.8508,True,23,6,0
164.7487,-0.08404187,0.03050935,-0.2125028,82.25248,17.55648,278.9682,True,23,6,0
164.7518,-0.08392769,0.03046092,-0.2125058,82.25661,17.64684,279.05,True,23,6,0
164.7544,-0.0838325,0.03042057,-0.2125082,82.26006,17.72228,279.1183,True,23,6,0
164.7617,-0.08378197,0.03027923,-0.2125407,82.2745,17.64098,279.0155,True,23,6,0
164.7651,-0.08368416,0.03020297,-0.2126545,82.31139,18.02075,279.3192,True,23,6,0
164.7683,-0.08358572,0.03014366,-0.2126611,82.31673,18.12445,279.4118,True,23,6,0
164.7714,-0.0835025,0.03009357,-0.2126668,82.32121,18.21222,279.4901,True,23,6,0
164.7752,-0.08343963,0.03003527,-0.2127829,82.35481,18.51043,279.73,True,23,6,0
164.7782,-0.08335826,0.02998111,-0.2127922,82.36061,18.61585,279.8233,True,23,6,0
164.7825,-0.08329007,0.02991611,-0.2129872,82.42216,18.67549,279.9421,True,23,6,0
164.7856,-0.08321378,0.02987148,-0.2130034,82.42884,18.76654,280.0248,True,23,6,0
164.7888,-0.08311597,0.02981433,-0.2130242,82.4374,18.88348,280.131,True,23,6,0
164.7932,-0.08303451,0.02975632,-0.2129098,82.40202,19.13009,280.3736,True,23,6,0
164.7964,-0.08296719,0.02970663,-0.2129214,82.40795,19.22853,280.4634,True,23,6,0
164.7992,-0.08282964,0.02967918,-0.2128349,82.37411,19.5297,280.7551,True,23,6,0
164.8026,-0.08275208,0.02961944,-0.2128442,82.37959,19.65839,280.8732,True,23,6,0
164.8077,-0.08270292,0.02958341,-0.2130693,82.45,19.74815,281.015,True,23,6,0
164.8126,-0.0825923,0.02951865,-0.2130972,82.46032,19.91715,281.1732,True,23,6,0
164.8167,-0.08249846,0.02941072,-0.2130306,82.43107,20.09509,281.3849,True,23,6,0
164.8196,-0.08243918,0.02936363,-0.213046,82.43584,20.19506,281.48,True,23,6,0
164.8224,-0.08237203,0.0293103,-0.2130633,82.44108,20.30837,281.5878,True,23,6,0
164.826,-0.08219035,0.02923445,-0.2127954,82.35491,20.59141,281.864,True,23,6,0
164.8289,-0.08213332,0.02917865,-0.2127997,82.35704,20.69587,281.9635,True,23,6,0
164.8315,-0.08208354,0.02912997,-0.2128035,82.35894,20.78714,282.0504,True,23,6,0
164.835,-0.08204789,0.02904458,-0.2127881,82.3656,21.03852,282.3413,True,23,6,0
164.8381,-0.08200176,0.02898888,-0.2127865,82.36778,21.14208,282.4413,True,23,6,0
164.8413,-0.08211192,0.02891953,-0.2128565,82.41323,20.97675,282.2978,True,23,6,0
164.844,-0.08206841,0.02886291,-0.2128543,82.41656,21.07569,282.3937,True,23,6,0
164.8471,-0.08202794,0.02881029,-0.2128522,82.41954,21.16774,282.4831,True,23,6,0
164.8511,-0.08200987,0.02875072,-0.2128103,82.42006,21.02352,282.3245,True,23,6,0
164.8539,-0.08196486,0.02870068,-0.2128081,82.42281,21.10569,282.4043,True,23,6,0
164.8572,-0.08197208,0.02867103,-0.213028,82.52168,21.15144,282.484,True,23,6,0
164.8655,-0.08180813,0.02855518,-0.213132,82.5651,21.53765,282.8733,True,23,6,0
164.8684,-0.08175312,0.02851194,-0.2131319,82.57165,21.63122,282.9655,True,23,6,0
164.8714,-0.08170384,0.0284732,-0.2131318,82.5773,21.71523,283.0484,True,23,6,0
164.8745,-0.0816221,0.02841096,-0.2131136,82.56946,21.79746,283.1429,True,23,6,0
164.8773,-0.08156807,0.02836476,-0.2131144,82.57533,21.8825,283.2267,True,23,6,0
164.8805,-0.08151741,0.02832147,-0.2131152,82.58064,21.96227,283.3054,True,23,6,0
164.8838,-0.08123305,0.02826037,-0.2131809,82.56948,22.59418,283.9325,True,23,6,0
164.8904,-0.08108187,0.02818154,-0.2131762,82.57614,22.8536,284.1268,True,23,6,0
164.8989,-0.08092139,0.02807103,-0.2128667,82.49876,22.85364,284.0622,True,23,6,0
164.902,-0.08085848,0.02802059,-0.2128597,82.50069,22.95188,284.1549,True,23,6,0
164.9049,-0.08080402,0.02797695,-0.2128537,82.50237,23.03698,284.2353,True,23,6,0
164.9085,-0.08067274,0.02795434,-0.2127122,82.44799,23.17366,284.3539,True,23,6,0
164.9115,-0.08060832,0.02790369,-0.2127043,82.44817,23.27521,284.4494,True,23,6,0
164.9158,-0.08057406,0.02787872,-0.2125955,82.42725,23.21524,284.4391,True,23,6,0
164.9189,-0.08051294,0.02783383,-0.2125839,82.42682,23.30674,284.5266,True,23,6,0
164.9221,-0.08044679,0.02778529,-0.2125714,82.42635,23.40574,284.6212,True,23,6,0
164.9263,-0.080421,0.02777533,-0.2125293,82.42177,23.42826,284.669,True,23,6,0
164.9294,-0.08036935,0.02773872,-0.2125168,82.42133,23.50569,284.743,True,23,6,0
164.9322,-0.08043477,0.0276963,-0.2126853,82.47579,23.51761,284.7591,True,23,6,0
164.9349,-0.08039044,0.02766241,-0.2126819,82.4771,23.59105,284.8295,True,23,6,0
164.9377,-0.08035314,0.02763391,-0.212679,82.4782,23.65283,284.8887,True,23,6,0
164.9408,-0.08025113,0.02758956,-0.2128406,82.5172,23.86777,285.037,True,23,6,0
164.944,-0.08018704,0.02754825,-0.2128462,82.5201,23.9642,285.1275,True,23,6,0
164.9484,-0.08021131,0.02750343,-0.212893,82.54176,23.82684,284.944,True,23,6,0
164.9519,-0.08014927,0.02746455,-0.2129038,82.54528,23.91097,285.0209,True,23,6,0
164.9546,-0.08010371,0.02743602,-0.2129116,82.54787,23.97279,285.0773,True,23,6,0
164.9579,-0.0801137,0.02742311,-0.2129361,82.55613,23.89266,284.9666,True,23,6,0
164.9616,-0.08005983,0.02739204,-0.2129497,82.55956,23.9642,285.0307,True,23,6,0
164.9646,-0.08001029,0.02736351,-0.2129623,82.5627,24.02999,285.0897,True,23,6,0
164.9686,-0.07996345,0.02735682,-0.2129416,82.55442,23.96996,285.015,True,23,6,0
164.9716,-0.0799187,0.02733457,-0.2129541,82.55689,24.02328,285.0627,True,23,6,0
164.9752,-0.07973123,0.02732034,-0.2128944,82.52924,24.32806,285.3175,True,23,6,0
164.9784,-0.07966682,0.0272914,-0.2129052,82.53134,24.40915,285.3894,True,23,6,0
164.9823,-0.07947375,0.0272793,-0.2129886,82.55632,24.62342,285.6552,True,23,6,0
164.9851,-0.07941292,0.02726145,-0.2129962,82.55835,24.68555,285.7122,True,23,6,0
164.9875,-0.07935774,0.02724525,-0.2130031,82.56025,24.74198,285.764,True,23,6,0
164.9908,-0.07930613,0.02722891,-0.2130364,82.57849,24.70431,285.7847,True,23,6,0
164.9946,-0.07922058,0.02720718,-0.2130477,82.58202,24.78442,285.8605,True,23,6,0
164.9977,-0.07915004,0.02718927,-0.2130571,82.58476,24.85044,285.9231,True,23,6,0
165.0004,-0.07912777,0.02716057,-0.2130876,82.59689,24.85147,285.9315,True,23,6,0
165.0034,-0.07906953,0.0271444,-0.2130947,82.59909,24.90376,285.981,True,23,6,0
165.0069,-0.0789867,0.02712142,-0.2131048,82.60225,24.97816,286.0515,True,23,6,0
165.0107,-0.07884891,0.02708779,-0.2131547,82.59859,25.20484,286.2742,True,23,6,0
165.02,-0.07850891,0.0270265,-0.2131667,82.57156,25.38435,286.4061,True,23,6,0
165.0235,-0.07821628,0.02699025,-0.213194,82.54276,25.8501,286.8346,True,23,6,0
165.0269,-0.07813291,0.0269651,-0.2132147,82.54333,25.91637,286.8961,True,23,6,0
165.0297,-0.078058,0.02694248,-0.2132333,82.54386,25.97595,286.9515,True,23,6,0
165.0326,-0.07788929,0.02692358,-0.2132772,82.53171,26.23499,287.2028,True,23,6,0
165.0352,-0.07780967,0.02689998,-0.2132998,82.53181,26.30057,287.2639,True,23,6,0
165.0382,-0.07772814,0.02687581,-0.2133229,82.53197,26.36782,287.3267,True,23,6,0
165.0418,-0.0777187,0.02685313,-0.2133373,82.53168,26.22328,287.1673,True,23,6,0
165.0448,-0.07763215,0.02682745,-0.213366,82.5319,26.28993,287.2295,True,23,6,0
165.0479,-0.07755505,0.02680458,-0.2133915,82.53197,26.34931,287.2849,True,23,6,0
165.0509,-0.07748678,0.02675647,-0.2131038,82.45184,26.12378,287.0275,True,23,6,0
165.0534,-0.0774208,0.02673052,-0.2131163,82.44997,26.16799,287.0675,True,23,6,0
165.056,-0.07734031,0.02669889,-0.2131316,82.44773,26.22188,287.1162,True,23,6,0
165.0593,-0.07732268,0.02669844,-0.2130003,82.46784,25.75363,286.693,True,23,6,0
165.0622,-0.07722966,0.02667326,-0.2129995,82.46626,25.79171,286.7275,True,23,6,0
165.0648,-0.07722648,0.02659869,-0.2130395,82.50261,25.72298,286.616,True,23,6,0
165.068,-0.0771171,0.02656201,-0.2130329,82.50213,25.76464,286.6519,True,23,6,0
165.071,-0.07703029,0.02653292,-0.2130277,82.50179,25.79778,286.6805,True,23,6,0
165.0749,-0.07705578,0.02648127,-0.2130699,82.53235,25.75076,286.5708,True,23,6,0
165.078,-0.07696223,0.02644545,-0.2130621,82.53292,25.78843,286.6009,True,23,6,0
165.0815,-0.07687256,0.02641112,-0.2130547,82.5336,25.82445,286.6297,True,23,6,0
165.0851,-0.07678857,0.02634469,-0.2130886,82.54063,26.01873,286.7918,True,23,6,0
165.0881,-0.07671138,0.02630921,-0.2130826,82.54136,26.05823,286.8236,True,23,6,0
165.0919,-0.07623991,0.02622099,-0.213212,82.52646,27.10865,287.8138,True,23,6,0
165.0954,-0.07615063,0.02617688,-0.2132093,82.52666,27.18306,287.8785,True,23,6,0
165.0989,-0.07572645,0.0261261,-0.2133581,82.51764,28.09055,288.7527,True,23,6,0
165.1024,-0.07560908,0.02607317,-0.2133626,82.51728,28.20994,288.8597,True,23,6,0
165.1055,-0.07552352,0.02603461,-0.2133659,82.51698,28.29695,288.9377,True,23,6,0
165.109,-0.07546382,0.02598041,-0.2133954,82.51443,28.25452,288.8384,True,23,6,0
165.112,-0.07536174,0.02593303,-0.2134074,82.51403,28.35387,288.9254,True,23,6,0
165.116,-0.07516095,0.02592263,-0.2134939,82.53032,28.25004,288.851,True,23,6,0
165.1265,-0.07477394,0.02578257,-0.213608,82.54223,28.47143,289.0462,True,23,6,0
165.1301,-0.07464645,0.0257424,-0.2136305,82.54186,28.55274,289.1175,True,23,6,0
165.1333,-0.07451328,0.02569045,-0.2135929,82.5396,28.56156,289.1491,True,23,6,0
165.1363,-0.07441133,0.02565728,-0.2136047,82.53933,28.62,289.2003,True,23,6,0
165.1391,-0.07430138,0.0256215,-0.2136175,82.53894,28.68301,289.2556,True,23,6,0
165.142,-0.07435523,0.02561268,-0.2135281,82.55434,28.2861,288.7991,True,23,6,0
165.1448,-0.07423438,0.0255775,-0.2135331,82.5545,28.34134,288.8439,True,23,6,0
165.1486,-0.07443062,0.02556138,-0.2134753,82.59183,27.68818,288.1294,True,23,6,0
165.1518,-0.07432234,0.02553192,-0.213475,82.59339,27.71876,288.1479,True,23,6,0
165.1546,-0.0742254,0.02550556,-0.2134747,82.59472,27.74615,288.1645,True,23,6,0
165.1577,-0.07431519,0.02546109,-0.2137141,82.72064,27.3239,287.8657,True,23,6,0
165.1613,-0.07419539,0.02543576,-0.2137179,82.7263,27.34004,287.8741,True,23,6,0
165.164,-0.07409306,0.02541412,-0.2137212,82.73105,27.3538,287.8813,True,23,6,0
165.167,-0.07401777,0.02531154,-0.2134708,82.66628,27.1976,287.7287,True,23,6,0
165.1698,-0.07393275,0.0252803,-0.2134672,82.66923,27.20648,287.7319,True,23,6,0
165.1726,-0.07383454,0.02524422,-0.213463,82.67268,27.21675,287.7357,True,23,6,0
165.176,-0.07317588,0.02524243,-0.2132235,82.52851,27.97631,288.4552,True,23,6,0
165.1794,-0.07302236,0.02519402,-0.2132153,82.52724,28.01814,288.4872,True,23,6,0
165.1835,-0.07272496,0.02516848,-0.2129842,82.42991,28.18622,288.5994,True,23,6,0
165.1865,-0.07260684,0.02512936,-0.2129747,82.42617,28.2217,288.626,True,23,6,0
165.1891,-0.07248663,0.02508952,-0.212965,82.42247,28.25775,288.653,True,23,6,0
165.1927,-0.07231863,0.02502662,-0.2130506,82.43253,28.52156,288.8285,True,23,6,0
165.1965,-0.07215852,0.02497014,-0.2130426,82.42791,28.57877,288.8704,True,23,6,0
165.1995,-0.07216338,0.02495661,-0.2130299,82.45101,28.50827,288.6715,True,23,6,0
165.2025,-0.07206966,0.02492562,-0.2130192,82.44893,28.54156,288.692,True,23,6,0
165.2049,-0.07197663,0.02489488,-0.2130087,82.44664,28.57456,288.7125,True,23,6,0
165.209,-0.07200406,0.02490143,-0.2130543,82.51549,28.10454,288.2654,True,23,6,0
165.2128,-0.07184143,0.02486661,-0.2130342,82.51486,28.1379,288.2802,True,23,6,0
165.2165,-0.07181942,0.02483647,-0.2130601,82.53386,28.05506,288.1934,True,23,6,0
165.2194,-0.07171335,0.02481332,-0.213047,82.53345,28.07579,288.2026,True,23,6,0
165.2224,-0.07158215,0.02478471,-0.2130309,82.53297,28.10145,288.214,True,23,6,0
165.2258,-0.07123436,0.02477337,-0.2130962,82.51528,28.71948,288.7483,True,23,6,0
165.2286,-0.0711232,0.02475113,-0.2130861,82.51436,28.75684,288.7722,True,23,6,0
165.2313,-0.07101458,0.02472942,-0.2130762,82.51358,28.79341,288.7955,True,23,6,0
165.2343,-0.07041588,0.02470797,-0.213027,82.43797,29.91294,289.8915,True,23,6,0
165.2386,-0.07023375,0.02467015,-0.2130022,82.43309,30.01513,289.9727,True,23,6,0
165.2424,-0.06974261,0.02461846,-0.2128486,82.33628,30.70972,290.7092,True,23,6,0
165.2463,-0.06954975,0.02457029,-0.2128167,82.32703,30.83842,290.8193,True,23,6,0
165.2499,-0.06928029,0.0246138,-0.212883,82.33523,31.16791,291.2074,True,23,6,0
165.253,-0.06913555,0.0245921,-0.2128628,82.32913,31.26351,291.2924,True,23,6,0
165.256,-0.06896681,0.02456681,-0.2128393,82.32204,31.3748,291.3914,True,23,6,0
165.2603,-0.06875223,0.02464977,-0.2127815,82.32553,31.22758,291.1507,True,23,6,0
165.2633,-0.06859972,0.02464306,-0.2127614,82.32013,31.31073,291.2215,True,23,6,0
165.2663,-0.06888063,0.02465558,-0.2125884,82.33512,30.37997,290.1808,True,23,6,0
165.2693,-0.06874707,0.02465251,-0.2125668,82.33049,30.43223,290.2181,True,23,6,0
165.2732,-0.06856343,0.02464826,-0.2125372,82.32423,30.50398,290.2693,True,23,6,0
165.2765,-0.06885028,0.02461031,-0.2123977,82.34757,29.6859,289.4064,True,23,6,0
165.2818,-0.06867483,0.02462284,-0.2125168,82.39434,29.74275,289.5239,True,23,6,0
165.2849,-0.06856092,0.02462271,-0.212499,82.39241,29.76945,289.538,True,23,6,0
165.2883,-0.06839875,0.02462253,-0.2124737,82.3895,29.80739,289.5581,True,23,6,0
165.292,-0.06812214,0.02466749,-0.2125441,82.40071,30.08655,289.8227,True,23,6,0
165.2952,-0.0679667,0.02467506,-0.2125253,82.39863,30.12892,289.8493,True,23,6,0
165.299,-0.06790499,0.02468589,-0.2124477,82.40005,29.91903,289.606,True,23,6,0
165.3022,-0.06774715,0.02469441,-0.2124249,82.3981,29.95525,289.626,True,23,6,0
165.3069,-0.06772078,0.02471599,-0.2121388,82.36599,29.45452,289.0467,True,23,6,0
165.3106,-0.06757249,0.0247245,-0.2120997,82.36298,29.47064,289.0445,True,23,6,0
165.3141,-0.06744134,0.02473201,-0.2120652,82.36031,29.48495,289.0426,True,23,6,0
165.317,-0.06722437,0.02477986,-0.2118987,82.30035,29.5381,288.961,True,23,6,0
165.3206,-0.06707496,0.02479169,-0.2118579,82.29538,29.55555,288.9559,True,23,6,0
165.3245,-0.06683913,0.02489014,-0.2118876,82.31285,29.45361,288.869,True,23,6,0
165.3334,-0.06635646,0.0250428,-0.2118569,82.27996,29.71531,289.0873,True,23,6,0
165.3362,-0.06623187,0.02507272,-0.2118394,82.2759,29.73283,289.0898,True,23,6,0
165.3398,-0.06606269,0.02511333,-0.2118158,82.27054,29.75657,289.0931,True,23,6,0
165.3428,-0.06582359,0.02525069,-0.2114986,82.13531,29.85434,289.1441,True,23,6,0
165.3461,-0.06566712,0.02530099,-0.2114712,82.1251,29.88058,289.1487,True,23,6,0
165.3494,-0.06556867,0.02536795,-0.211342,82.05688,29.91935,289.1469,True,23,6,0
165.3523,-0.06546348,0.02540711,-0.2113241,82.04723,29.93982,289.1501,True,23,6,0
165.3553,-0.06533338,0.02545549,-0.2113019,82.03539,29.96503,289.1539,True,23,6,0
165.3592,-0.06522177,0.02561334,-0.2110017,81.92441,29.59092,288.6855,True,23,6,0
165.3627,-0.06509293,0.0256739,-0.210981,81.90876,29.60266,288.673,True,23,6,0
165.3657,-0.06511331,0.02580428,-0.2109106,81.88923,29.1496,288.2718,True,23,6,0
165.3688,-0.06498794,0.02587485,-0.2108982,81.87414,29.14576,288.2472,True,23,6,0
165.3717,-0.06488673,0.02593176,-0.2108883,81.86192,29.14265,288.2273,True,23,6,0
165.3751,-0.0652399,0.0260603,-0.2106808,81.85326,28.09246,287.1705,True,23,6,0
165.3778,-0.06514234,0.02613497,-0.2106655,81.83927,28.05658,287.1157,True,23,6,0
165.3815,-0.06491584,0.02636845,-0.2107058,81.81072,28.28416,287.3648,True,23,6,0
165.3852,-0.06480197,0.02647956,-0.2106957,81.79427,28.25348,287.3143,True,23,6,0
165.388,-0.06471246,0.02656682,-0.2106878,81.78145,28.22953,287.2747,True,23,6,0
165.3914,-0.06445917,0.02669539,-0.2107228,81.74898,28.51766,287.5085,True,23,6,0
165.395,-0.06436019,0.02679101,-0.2107174,81.73454,28.50157,287.4743,True,23,6,0
165.3977,-0.06427205,0.02687608,-0.2107126,81.72153,28.48738,287.444,True,23,6,0
165.4004,-0.06413825,0.02691261,-0.2106157,81.67166,28.55154,287.4538,True,23,6,0
165.4036,-0.06405215,0.02699085,-0.2106076,81.65736,28.53932,287.4241,True,23,6,0
165.4066,-0.06395619,0.027078,-0.2105987,81.64158,28.52582,287.391,True,23,6,0
165.4106,-0.06417577,0.02717862,-0.2104529,81.6253,27.58202,286.3794,True,23,6,0
165.4142,-0.06408319,0.02726577,-0.2104457,81.60922,27.54104,286.317,True,23,6,0
165.4171,-0.06415377,0.02735752,-0.2103928,81.63043,26.87516,285.74,True,23,6,0
165.4201,-0.06405501,0.02744125,-0.210384,81.61651,26.82102,285.6694,True,23,6,0
165.424,-0.06396559,0.02763776,-0.2100841,81.54121,26.32882,285.1203,True,23,6,0
165.4282,-0.06383394,0.02775544,-0.2100565,81.52108,26.24496,285.0139,True,23,6,0
165.431,-0.06373594,0.02784298,-0.2100361,81.50613,26.18289,284.9351,True,23,6,0
165.4347,-0.0635976,0.02797315,-0.210281,81.56185,26.37538,285.1095,True,23,6,0
165.4378,-0.06349984,0.02806561,-0.2102667,81.54887,26.32029,285.0381,True,23,6,0
165.4409,-0.06351931,0.028088,-0.210367,81.5787,26.1488,284.8459,True,23,6,0
165.4434,-0.06344046,0.02815917,-0.210359,81.56879,26.10049,284.7838,True,23,6,0
165.446,-0.06334469,0.02824557,-0.2103492,81.55673,26.04206,284.7087,True,23,6,0
165.4494,-0.06338689,0.02834614,-0.2102634,81.53849,25.5739,284.2303,True,23,6,0
165.4529,-0.06327544,0.02844921,-0.2102528,81.52405,25.49192,284.1289,True,23,6,0
165.457,-0.06331708,0.02856782,-0.2101187,81.51738,24.8747,283.5453,True,23,6,0
165.461,-0.06320733,0.02866685,-0.2100974,81.5034,24.77782,283.4315,True,23,6,0
165.4638,-0.06311604,0.02874918,-0.2100798,81.49171,24.6975,283.337,True,23,6,0
165.4675,-0.0630128,0.02886866,-0.2097636,81.3824,24.50177,283.1039,True,23,6,0
165.4709,-0.06292914,0.028951,-0.2097362,81.36719,24.41656,283.0034,True,23,6,0
165.4738,-0.06286149,0.02901216,-0.2095347,81.28544,24.42766,282.9894,True,23,6,0
165.4767,-0.06279638,0.02908659,-0.2095028,81.26837,24.3478,282.8941,True,23,6,0
165.4803,-0.06270608,0.02918972,-0.2094587,81.24469,24.23758,282.7625,True,23,6,0
165.4909,-0.06227838,0.02949686,-0.2099821,81.27697,24.93969,283.4137,True,23,6,0
165.4948,-0.06220659,0.02959539,-0.2099826,81.25983,24.87652,283.3322,True,23,6,0
165.4984,-0.06203096,0.02972107,-0.2097495,81.15385,24.86738,283.2719,True,23,6,0
165.502,-0.06195875,0.02982172,-0.209743,81.13245,24.80476,283.189,True,23,6,0
165.5054,-0.06189703,0.02990769,-0.2097375,81.11411,24.75151,283.1183,True,23,6,0
165.5094,-0.06162351,0.03003834,-0.2094288,80.98315,24.7648,283.0424,True,23,6,0
165.5133,-0.06153176,0.03014849,-0.2094088,80.95422,24.69941,282.951,True,23,6,0
165.5169,-0.06117728,0.03024292,-0.2094227,80.92204,24.87754,283.1816,True,23,6,0
165.52,-0.06108691,0.03032184,-0.2094113,80.9015,24.83737,283.125,True,23,6,0
165.5235,-0.06088643,0.0304179,-0.2093721,80.86337,24.86199,283.1628,True,23,6,0
165.5272,-0.06078106,0.03050226,-0.209358,80.84058,24.82113,283.1053,True,23,6,0
165.5302,-0.06068482,0.03057922,-0.2093452,80.8198,24.78403,283.053,True,23,6,0
165.5335,-0.06058958,0.0307778,-0.2092648,80.74477,24.45324,282.7001,True,23,6,0
165.5362,-0.06050884,0.03084867,-0.2092656,80.72693,24.4178,282.6524,True,23,6,0
165.5394,-0.06039313,0.03095016,-0.2092668,80.70128,24.3673,282.5844,True,23,6,0
165.5427,-0.06041914,0.03107503,-0.2089887,80.62041,23.87121,281.9923,True,23,6,0
165.5455,-0.06031808,0.03116721,-0.2089802,80.5956,23.81409,281.917,True,23,6,0
165.5494,-0.06021263,0.03127509,-0.20885,80.55032,23.63682,281.6873,True,23,6,0
165.552,-0.06012835,0.03134957,-0.2088359,80.52965,23.58845,281.6234,True,23,6,0
165.5545,-0.06004251,0.03142536,-0.2088216,80.50864,23.5395,281.5585,True,23,6,0
165.5573,-0.0599544,0.03149968,-0.2087692,80.50123,23.39985,281.4337,True,23,6,0
165.5611,-0.05983675,0.03159685,-0.2087407,80.47445,23.33476,281.3489,True,23,6,0
165.5648,-0.05960193,0.03172971,-0.2086941,80.478,23.41123,281.4328,True,23,6,0
165.5681,-0.0594658,0.03183769,-0.2086479,80.45272,23.34993,281.353,True,23,6,0
165.571,-0.05936568,0.03191702,-0.208614,80.43417,23.30509,281.2945,True,23,6,0
165.5743,-0.05932539,0.03207177,-0.2084699,80.41441,22.98644,280.8445,True,23,6,0
165.579,-0.05912916,0.03223626,-0.2083891,80.37878,22.88929,280.7153,True,23,6,0
165.5826,-0.05895851,0.03233643,-0.2086663,80.44321,22.9682,280.7578,True,23,6,0
165.5853,-0.0588451,0.03242728,-0.2086358,80.4267,22.92085,280.6935,True,23,6,0
165.5938,-0.05853076,0.03265961,-0.2087588,80.44723,22.58873,280.3477,True,23,6,0
165.5988,-0.05855209,0.03273873,-0.2087288,80.45526,22.12801,279.8489,True,23,6,0
165.6028,-0.05836327,0.03286836,-0.2086913,80.43273,22.02864,279.7232,True,23,6,0
165.6068,-0.05826985,0.03301898,-0.2083482,80.34013,21.53252,279.201,True,23,6,0
165.6101,-0.05812506,0.03311647,-0.2083094,80.32078,21.44689,279.0956,True,23,6,0
165.6132,-0.05796895,0.03322145,-0.2082675,80.29984,21.35501,278.9825,True,23,6,0
165.6164,-0.05791776,0.03331405,-0.2080052,80.25405,20.82779,278.4464,True,23,6,0
165.6194,-0.05777491,0.03340185,-0.2079578,80.23535,20.73818,278.3391,True,23,6,0
165.622,-0.05762208,0.03349569,-0.2079072,80.21544,20.64282,278.2249,True,23,6,0
165.6258,-0.05785119,0.03357054,-0.208267,80.41331,20.19009,277.7646,True,23,6,0
165.6288,-0.05771381,0.03366855,-0.2082122,80.40076,20.08834,277.6453,True,23,6,0
165.6318,-0.05741921,0.03368516,-0.208461,80.45165,20.51817,278.0292,True,23,6,0
165.6348,-0.0572645,0.03378682,-0.2084107,80.43982,20.42105,277.9115,True,23,6,0
165.6378,-0.05713392,0.03387256,-0.2083684,80.42989,20.33924,277.8123,True,23,6,0
165.6415,-0.05712968,0.03392619,-0.208591,80.50214,20.06782,277.5617,True,23,6,0
165.6446,-0.05697684,0.03402537,-0.2085558,80.49308,19.96497,277.4397,True,23,6,0
165.6473,-0.05686698,0.03409661,-0.2085305,80.48638,19.89122,277.3521,True,23,6,0
165.6501,-0.05705184,0.03411643,-0.2085009,80.49494,19.43182,276.8651,True,23,6,0
165.6525,-0.05695197,0.03418565,-0.2084761,80.48825,19.34509,276.7636,True,23,6,0
165.6555,-0.05681649,0.0342795,-0.2084425,80.47915,19.2276,276.626,True,23,6,0
165.6594,-0.05678905,0.03442195,-0.2080295,80.37966,18.53944,275.8191,True,23,6,0
165.6628,-0.05665453,0.03451188,-0.2079854,80.36773,18.41211,275.6696,True,23,6,0
165.6659,-0.05675606,0.03460564,-0.2078955,80.37553,17.85186,275.1222,True,23,6,0
165.6685,-0.05664583,0.03468448,-0.2078532,80.36568,17.73161,274.984,True,23,6,0
165.6727,-0.0564848,0.03479958,-0.2077916,80.35125,17.55648,274.7827,True,23,6,0
165.6759,-0.05651624,0.03484227,-0.2077426,80.33823,17.37792,274.6033,True,23,6,0
165.6786,-0.05641513,0.03492123,-0.2076985,80.32744,17.24861,274.4553,True,23,6,0
165.6817,-0.05632366,0.03499262,-0.2076587,80.31765,17.13194,274.3217,True,23,6,0
165.6852,-0.05624925,0.03512268,-0.2079056,80.36687,16.98393,274.1463,True,23,6,0
165.6882,-0.05614603,0.03521104,-0.2078805,80.35764,16.85452,273.998,True,23,6,0
165.6913,-0.0560417,0.03539187,-0.2076767,80.28259,16.56941,273.673,True,23,6,0
165.6943,-0.05594965,0.03547712,-0.2076546,80.27248,16.4528,273.5392,True,23,6,0
165.6971,-0.05585638,0.03556347,-0.2076323,80.26225,16.33488,273.4038,True,23,6,0
165.7007,-0.05593264,0.03568308,-0.2076122,80.24676,15.93471,273.0143,True,23,6,0
165.7035,-0.055851,0.03577143,-0.2075944,80.2359,15.80774,272.8705,True,23,6,0
165.7073,-0.05562477,0.03591491,-0.2074177,80.17628,15.60788,272.5666,True,23,6,0
165.7108,-0.05550732,0.03602514,-0.2073891,80.16099,15.45113,272.3859,True,23,6,0
165.7139,-0.05541514,0.03611162,-0.2073667,80.14894,15.32851,272.2445,True,23,6,0
165.7166,-0.05560063,0.03622772,-0.2071594,80.10135,14.65936,271.5197,True,23,6,0
165.7193,-0.05552138,0.03631164,-0.2071337,80.08871,14.52981,271.3713,True,23,6,0
165.7221,-0.05541958,0.03641938,-0.2071008,80.07224,14.36408,271.1814,True,23,6,0
165.7257,-0.05546278,0.03656726,-0.2072937,80.13036,14.09071,270.9501,True,23,6,0
165.7283,-0.05538818,0.03666116,-0.2072747,80.11936,13.95704,270.7992,True,23,6,0
165.731,-0.05530953,0.03676017,-0.2072547,80.10766,13.81642,270.6405,True,23,6,0
165.7345,-0.05515923,0.0368949,-0.2072686,80.09769,13.63614,270.427,True,23,6,0
165.7377,-0.05507364,0.03699671,-0.207251,80.08578,13.49283,270.2649,True,23,6,0
165.7409,-0.05483052,0.03710212,-0.2072431,80.06043,13.68567,270.4366,True,23,6,0
165.7438,-0.05473766,0.03721315,-0.2072242,80.04673,13.53815,270.2681,True,23,6,0
165.7521,-0.05471073,0.03748392,-0.2071376,80.00171,12.94084,269.6878,True,23,6,0
165.7548,-0.05464563,0.03757516,-0.2071232,79.98991,12.81421,269.5455,True,23,6,0
165.7578,-0.05472817,0.03768688,-0.2069331,79.92019,12.24246,268.9674,True,23,6,0
165.7608,-0.05466438,0.03777534,-0.206919,79.90646,12.10575,268.8154,True,23,6,0
165.7645,-0.05457331,0.0379016,-0.2068989,79.88676,11.91129,268.599,True,23,6,0
165.7674,-0.05442948,0.03808771,-0.2068398,79.85119,11.79644,268.4009,True,23,6,0
165.7704,-0.05435962,0.03818646,-0.2068257,79.83647,11.66077,268.2479,True,23,6,0
165.7737,-0.05434863,0.03836164,-0.2065034,79.72969,11.22454,267.7194,True,23,6,0
165.7769,-0.05426703,0.03847894,-0.2064777,79.70921,11.06013,267.5323,True,23,6,0
165.7814,-0.05436372,0.0386962,-0.2064543,79.69166,10.17012,266.6469,True,23,6,0
165.7848,-0.05427668,0.03881149,-0.2064358,79.67263,10.00073,266.4578,True,23,6,0
165.7872,-0.05420444,0.03890716,-0.2064204,79.65674,9.860675,266.3014,True,23,6,0
165.79,-0.05386034,0.0390221,-0.2064214,79.62859,10.16131,266.6678,True,23,6,0
165.7939,-0.05374959,0.03916091,-0.2063985,79.60498,9.973378,266.459,True,23,6,0
165.797,-0.05365595,0.03927822,-0.2063792,79.58486,9.815265,266.2834,True,23,6,0
165.8001,-0.05371319,0.03942291,-0.2063179,79.55543,9.428156,265.8954,True,23,6,0
165.8028,-0.05364766,0.03951517,-0.2063023,79.53947,9.301998,265.7561,True,23,6,0
165.8051,-0.05358103,0.03960896,-0.2062864,79.52322,9.17422,265.6149,True,23,6,0
165.8087,-0.0536747,0.03980981,-0.2063137,79.51083,8.618687,265.0785,True,23,6,0
165.8114,-0.05358739,0.03994703,-0.206299,79.48875,8.434995,264.8779,True,23,6,0
165.8157,-0.05334045,0.04013938,-0.2062567,79.42756,8.56871,264.9876,True,23,6,0
165.8199,-0.05323668,0.04031557,-0.2062456,79.39802,8.353706,264.7512,True,23,6,0
165.8231,-0.05325434,0.04051097,-0.2060785,79.30742,7.97591,264.3684,True,23,6,0
165.8264,-0.0531836,0.04064114,-0.2060744,79.28384,7.817821,264.1953,True,23,6,0
165.8293,-0.05311394,0.04076926,-0.2060704,79.26057,7.662962,264.0256,True,23,6,0
165.8325,-0.05348797,0.04092202,-0.2061483,79.23718,6.749705,263.1089,True,23,6,0
165.8358,-0.05341816,0.04108216,-0.2061642,79.20804,6.53589,262.8774,True,23,6,0
165.839,-0.05335824,0.04121965,-0.2061779,79.18286,6.35342,262.6797,True,23,6,0
165.8427,-0.05308166,0.0413744,-0.2061467,79.10646,6.605723,262.9125,True,23,6,0
165.8459,-0.05301794,0.04152581,-0.206169,79.07638,6.417799,262.7073,True,23,6,0
165.849,-0.05276651,0.04169632,-0.2060812,78.99597,6.612069,262.829,True,23,6,0
165.852,-0.05270777,0.04183337,-0.2061036,78.96763,6.459043,262.659,True,23,6,0
165.8564,-0.05261688,0.04204549,-0.2061381,78.92353,6.224121,262.3977,True,23,6,0
165.8602,-0.05285932,0.04221587,-0.2063017,78.95361,5.468508,261.6364,True,23,6,0
165.8629,-0.05280635,0.042347,-0.206324,78.92899,5.316072,261.4688,True,23,6,0
165.8668,-0.05287227,0.04267043,-0.2061363,78.84188,4.880423,261.0586,True,23,6,0
165.8704,-0.05282191,0.04282825,-0.2061483,78.813,4.710123,260.8732,True,23,6,0
165.874,-0.05278758,0.04298553,-0.2059593,78.72784,4.592228,260.7515,True,23,6,0
165.8774,-0.05274297,0.04316029,-0.205959,78.69181,4.398645,260.5407,True,23,6,0
165.8809,-0.05270484,0.04330947,-0.2059586,78.661,4.234569,260.362,True,23,6,0
165.8839,-0.05260175,0.04343972,-0.2060785,78.66637,4.035058,260.1127,True,23,6,0
165.8865,-0.05255868,0.04356571,-0.206082,78.6412,3.897223,259.9617,True,23,6,0
165.8899,-0.05281732,0.04380287,-0.2059659,78.57007,3.169166,259.23,True,23,6,0
165.8934,-0.05277421,0.04395983,-0.2059671,78.53819,2.990427,259.0358,True,23,6,0
165.8969,-0.05272561,0.04413658,-0.2059683,78.50217,2.790582,258.8187,True,23,6,0
165.9004,-0.0525033,0.0442832,-0.2060857,78.51408,2.835303,258.8103,True,23,6,0
165.9036,-0.05245473,0.04443319,-0.2060847,78.48467,2.672693,258.6318,True,23,6,0
165.907,-0.05253298,0.04462695,-0.2061822,78.47963,2.14154,258.1577,True,23,6,0
165.9102,-0.0524702,0.0448003,-0.206187,78.44759,1.951755,257.953,True,23,6,0
165.9137,-0.05239996,0.0449941,-0.2061923,78.41163,1.741054,257.7255,True,23,6,0
165.9169,-0.05246639,0.04511167,-0.2062485,78.39828,1.556075,257.5815,True,23,6,0
165.9197,-0.05242946,0.04524675,-0.2062542,78.37296,1.406903,257.4219,True,23,6,0
165.9224,-0.05238574,0.04540658,-0.2062608,78.34288,1.231436,257.2341,True,23,6,0
165.9262,-0.05244537,0.04548258,-0.2061734,78.28737,1.085027,257.1051,True,23,6,0
165.93,-0.05241594,0.04565062,-0.2061745,78.25142,0.8853465,256.8922,True,23,6,0
165.9331,-0.05229181,0.04581106,-0.2060972,78.19112,0.9662834,256.9207,True,23,6,0
165.9361,-0.05227633,0.04592733,-0.2060964,78.16522,0.8352427,256.7794,True,23,6,0
165.9385,-0.05226129,0.04604007,-0.2060955,78.14011,0.7088606,256.6431,True,23,6,0
165.9416,-0.05202397,0.04623263,-0.2062023,78.12047,0.84534,256.7311,True,23,6,0
165.9457,-0.05198376,0.04644515,-0.2062165,78.0764,0.6358228,256.5024,True,23,6,0
165.9495,-0.05196718,0.04657163,-0.2060561,78.00172,0.5925258,256.4257,True,23,6,0
165.9522,-0.05195323,0.0466893,-0.2060558,77.97461,0.4742356,256.2957,True,23,6,0
165.9596,-0.05215071,0.0470354,-0.2060772,77.89452,359.9221,255.7279,True,23,6,0
165.9629,-0.05215173,0.0471676,-0.206079,77.86366,359.7859,255.5789,True,23,6,0
165.966,-0.05181989,0.04733707,-0.2059368,77.7887,0.02404891,255.7539,True,23,6,0
165.9687,-0.0518036,0.04746899,-0.2059335,77.7569,359.9016,255.6174,True,23,6,0
165.9718,-0.05178729,0.04760072,-0.2059302,77.72512,359.78,255.4818,True,23,6,0
165.9751,-0.0515431,0.04769681,-0.206177,77.77118,359.8359,255.5428,True,23,6,0
165.978,-0.05150227,0.04784386,-0.2061817,77.73859,359.7115,255.4041,True,23,6,0
165.982,-0.05145647,0.04800865,-0.206187,77.70208,359.5731,255.2496,True,23,6,0
165.9852,-0.05164932,0.0480857,-0.2061591,77.69617,359.1897,254.8638,True,23,6,0
165.9878,-0.05162651,0.04819754,-0.2061522,77.67068,359.0857,254.7487,True,23,6,0
165.9917,-0.05156395,0.04840781,-0.2058698,77.57294,358.9338,254.6307,True,23,6,0
165.9961,-0.05152418,0.04858324,-0.205835,77.53047,358.7741,254.4557,True,23,6,0
165.9998,-0.05108911,0.04876979,-0.2056143,77.45592,359.1021,254.7292,True,23,6,0
166.0032,-0.05104235,0.04889785,-0.2055752,77.42387,359.0005,254.6152,True,23,6,0
166.007,-0.0509815,0.04906422,-0.2055243,77.38216,358.8692,254.4679,True,23,6,0
166.0113,-0.05076602,0.04922937,-0.2060353,77.53857,358.7791,254.3659,True,23,6,0
166.015,-0.05096542,0.04934603,-0.2061592,77.54516,358.3651,253.9199,True,23,6,0
166.0178,-0.05092327,0.0494736,-0.2061391,77.52149,358.2634,253.8062,True,23,6,0
166.0206,-0.05088196,0.04959854,-0.2061193,77.49828,358.1642,253.6953,True,23,6,0
166.0239,-0.05084801,0.04974188,-0.206055,77.44839,358,253.4688,True,23,6,0
166.0273,-0.05079934,0.04988295,-0.2060336,77.42055,357.8847,253.3383,True,23,6,0
166.0307,-0.05074872,0.05002952,-0.2060113,77.39164,357.7657,253.2033,True,23,6,0
166.0341,-0.05081903,0.05011304,-0.205984,77.37344,357.742,253.1578,True,23,6,0
166.0371,-0.05079977,0.05022345,-0.2059622,77.35043,357.6497,253.0526,True,23,6,0
166.0405,-0.05081531,0.05033934,-0.2063861,77.44747,357.5251,252.9585,True,23,6,0
166.044,-0.0507981,0.05049774,-0.2063802,77.42102,357.399,252.8168,True,23,6,0
166.0473,-0.05078414,0.05062596,-0.2063754,77.39964,357.2974,252.7025,True,23,6,0
166.0505,-0.0507441,0.05079302,-0.2062396,77.3278,357.3005,252.6688,True,23,6,0
166.0531,-0.05073542,0.05090412,-0.206235,77.30806,357.2168,252.5736,True,23,6,0
166.0559,-0.05072427,0.05104622,-0.2062289,77.28277,357.1102,252.4523,True,23,6,0
166.0608,-0.05077253,0.05116738,-0.2061686,77.22791,357.1025,252.3907,True,23,6,0
166.0637,-0.05077887,0.05128102,-0.2061635,77.20538,357.0149,252.2893,True,23,6,0
166.0668,-0.0504022,0.05136801,-0.2061888,77.18741,357.5123,252.7613,True,23,6,0
166.0709,-0.05040335,0.05150765,-0.206186,77.15853,357.4214,252.6523,True,23,6,0
166.0743,-0.0503126,0.05169809,-0.2059887,77.05859,357.5477,252.7342,True,23,6,0
166.0771,-0.05031594,0.05180299,-0.2059863,77.03546,357.4879,252.6604,True,23,6,0
166.0796,-0.0503195,0.05191617,-0.2059836,77.01052,357.4238,252.5811,True,23,6,0
166.0832,-0.04966132,0.05213851,-0.2059075,76.9537,358.0662,253.1436,True,23,6,0
166.0865,-0.04962748,0.05227524,-0.2059068,76.92521,358.0186,253.0772,True,23,6,0
166.0898,-0.04930947,0.05237815,-0.2057545,76.87143,358.3126,253.3396,True,23,6,0
166.0937,-0.04925958,0.05251567,-0.205738,76.83972,358.2732,253.2794,True,23,6,0
166.0966,-0.04921973,0.05262537,-0.2057249,76.81443,358.2419,253.2315,True,23,6,0
166.1004,-0.04933214,0.05274847,-0.2057051,76.80702,357.7755,252.7744,True,23,6,0
166.1036,-0.04928066,0.05286033,-0.2056807,76.78146,357.7316,252.7142,True,23,6,0
166.1074,-0.04938281,0.05303435,-0.2057184,76.79259,357.3873,252.3496,True,23,6,0
166.1109,-0.04931526,0.05319324,-0.2056766,76.76041,357.318,252.2587,True,23,6,0
166.1162,-0.04911057,0.053387,-0.2057484,76.77338,357.2749,252.0924,True,23,6,0
166.12,-0.04903183,0.05354066,-0.2057073,76.74509,357.212,252.0055,True,23,6,0
166.1237,-0.0486563,0.05361344,-0.2058501,76.80247,357.4305,252.1276,True,23,6,0
166.1268,-0.04858303,0.05372213,-0.2058159,76.7839,357.3918,252.0689,True,23,6,0
166.1298,-0.04850567,0.05383675,-0.2057799,76.76436,357.3512,252.0071,True,23,6,0
166.1362,-0.04842217,0.05399224,-0.205856,76.77953,356.8993,251.5477,True,23,6,0
166.1443,-0.04805407,0.05438247,-0.2055588,76.65033,356.6737,251.2663,True,23,6,0
166.1479,-0.04793057,0.0545065,-0.2055182,76.62784,356.6169,251.1873,True,23,6,0
166.1512,-0.04808613,0.05467573,-0.2052543,76.5242,356.1608,250.6416,True,23,6,0
166.1545,-0.04796824,0.05479801,-0.2052089,76.49921,356.0934,250.5502,True,23,6,0
166.1573,-0.04804568,0.05482993,-0.2057302,76.60513,355.6972,250.2505,True,23,6,0
166.1606,-0.0479355,0.05494538,-0.2057195,76.58533,355.6231,250.1572,True,23,6,0
166.1642,-0.04780446,0.05508265,-0.2057069,76.56168,355.5352,250.0465,True,23,6,0
166.1677,-0.04780201,0.05512896,-0.2058793,76.5749,355.4421,249.9366,True,23,6,0
166.1711,-0.04770696,0.05523784,-0.2058813,76.55569,355.3669,249.8419,True,23,6,0
166.1738,-0.0476089,0.05541213,-0.2058021,76.49329,355.448,249.874,True,23,6,0
166.1765,-0.04753591,0.05551195,-0.2058094,76.47559,355.3885,249.797,True,23,6,0
166.1792,-0.0474532,0.05562505,-0.2058176,76.45558,355.3213,249.7101,True,23,6,0
166.1833,-0.04714317,0.05577423,-0.2060928,76.49657,355.5561,249.9751,True,23,6,0
166.1862,-0.04707249,0.05588064,-0.2061138,76.48041,355.5014,249.9044,True,23,6,0
166.1887,-0.04699866,0.05599183,-0.2061357,76.4635,355.4444,249.8308,True,23,6,0
166.1916,-0.04748042,0.0561289,-0.2057361,76.31764,354.9428,249.2781,True,23,6,0
166.194,-0.04744391,0.0562225,-0.2057419,76.29919,354.8823,249.2019,True,23,6,0
166.1967,-0.04740453,0.05632345,-0.2057482,76.2793,354.8173,249.12,True,23,6,0
166.1999,-0.04701613,0.05648197,-0.2065125,76.44511,354.9993,249.3913,True,23,6,0
166.2037,-0.04694542,0.05663218,-0.2065667,76.42667,354.9252,249.2997,True,23,6,0
166.2066,-0.04688366,0.05676341,-0.206614,76.41062,354.8606,249.2199,True,23,6,0
166.2181,-0.04598292,0.05721818,-0.2066699,76.30254,355.8736,250.1731,True,23,6,0
166.2215,-0.04592337,0.05734493,-0.2067228,76.28439,355.8446,250.1282,True,23,6,0
166.2244,-0.04572628,0.05749595,-0.2064815,76.18673,356.015,250.2513,True,23,6,0
166.2276,-0.04566604,0.05761206,-0.2065196,76.16723,355.9937,250.2141,True,23,6,0
166.2314,-0.04558522,0.05776782,-0.2065707,76.14111,355.9653,250.1643,True,23,6,0
166.2351,-0.04555299,0.05797541,-0.2067607,76.1427,355.7965,249.9633,True,23,6,0
166.2383,-0.04548722,0.05810255,-0.2068083,76.1238,355.7712,249.9216,True,23,6,0
166.2423,-0.04524596,0.05834569,-0.2064379,75.99327,356.072,250.1353,True,23,6,0
166.2456,-0.04517195,0.05850023,-0.2064696,75.96666,356.054,250.0951,True,23,6,0
166.249,-0.04479009,0.05859314,-0.2066354,76.01982,356.3248,250.3785,True,23,6,0
166.2518,-0.04471603,0.05871342,-0.2066545,76.00151,356.3188,250.3564,True,23,6,0
166.2544,-0.04464813,0.05882366,-0.206672,75.98472,356.3134,250.3362,True,23,6,0
166.2578,-0.04458212,0.05910245,-0.2062874,75.85834,356.2251,250.1471,True,23,6,0
166.2617,-0.04447807,0.05927098,-0.2062852,75.83017,356.2147,250.1122,True,23,6,0
166.2647,-0.04439261,0.05940926,-0.2062834,75.80704,356.2061,250.0836,True,23,6,0
166.2694,-0.04444443,0.05960146,-0.206321,75.78904,355.8713,249.6848,True,23,6,0
166.2723,-0.04436924,0.05972007,-0.2063174,75.76936,355.8561,249.6513,True,23,6,0
166.2752,-0.04438506,0.05979496,-0.206241,75.72626,355.766,249.5378,True,23,6,0
166.2779,-0.04430298,0.05992447,-0.2062346,75.70274,355.7466,249.4969,True,23,6,0
166.2812,-0.04422347,0.06004982,-0.2062285,75.67996,355.7278,249.4575,True,23,6,0
166.2842,-0.04386371,0.06012145,-0.2061902,75.64568,356.0353,249.7151,True,23,6,0
166.2869,-0.04378299,0.06022659,-0.206186,75.62495,356.0275,249.6879,True,23,6,0
166.2899,-0.04385024,0.06042087,-0.2061086,75.5721,355.7351,249.4515,True,23,6,0
166.2928,-0.04376787,0.06053038,-0.2061026,75.55102,355.7202,249.4197,True,23,6,0
166.2962,-0.04366193,0.06067112,-0.2060949,75.52394,355.7011,249.379,True,23,6,0
166.2993,-0.04377265,0.06085613,-0.2060208,75.4706,355.3767,249.0504,True,23,6,0
166.3029,-0.04364942,0.06102663,-0.2060103,75.43815,355.3438,248.9929,True,23,6,0
166.3061,-0.04356188,0.06114766,-0.2060029,75.41508,355.3204,248.9522,True,23,6,0
166.3089,-0.04339429,0.06129062,-0.2057094,75.32818,355.5007,249.0572,True,23,6,0
166.3118,-0.04329459,0.06143343,-0.2056826,75.29817,355.4798,249.0134,True,23,6,0
166.3195,-0.04337345,0.06184091,-0.2051488,75.12334,355.2869,248.7071,True,23,6,0
166.3224,-0.0433002,0.06198321,-0.2050939,75.09073,355.2629,248.6588,True,23,6,0
166.3256,-0.04271786,0.06206043,-0.2051327,75.13403,355.9384,249.3009,True,23,6,0
166.3289,-0.04263768,0.06220159,-0.2050704,75.10412,355.9368,249.2748,True,23,6,0
166.3317,-0.04237475,0.06229696,-0.2049602,75.09122,356.2625,249.5208,True,23,6,0
166.335,-0.04229182,0.06244868,-0.2048784,75.0588,356.2723,249.5016,True,23,6,0
166.3388,-0.04220821,0.06260133,-0.2047963,75.02625,356.2821,249.4822,True,23,6,0
166.3424,-0.04212514,0.06263852,-0.2051333,75.13835,356.3597,249.5111,True,23,6,0
166.3453,-0.04206271,0.06276603,-0.2050723,75.11514,356.3704,249.4961,True,23,6,0
166.3489,-0.04204769,0.06282803,-0.2051941,75.14391,356.3299,249.38,True,23,6,0
166.3522,-0.04198319,0.06296171,-0.2051354,75.12025,356.34,249.3602,True,23,6,0
166.3553,-0.04191392,0.063105,-0.2050724,75.09496,356.3509,249.3391,True,23,6,0
166.3591,-0.04185644,0.06335284,-0.2045441,74.92419,356.2916,249.2088,True,23,6,0
166.3624,-0.04178389,0.06348622,-0.204471,74.89619,356.2992,249.1861,True,23,6,0
166.3658,-0.04149128,0.06362861,-0.2044179,74.87895,356.3651,249.2348,True,23,6,0
166.3689,-0.04138762,0.06376819,-0.204342,74.85052,356.3748,249.2137,True,23,6,0
166.3725,-0.04128804,0.06390204,-0.2042692,74.82326,356.3842,249.1934,True,23,6,0
166.3758,-0.04095443,0.06401429,-0.2042052,74.80273,356.5807,249.3924,True,23,6,0
166.379,-0.04082883,0.06415728,-0.2041268,74.77351,356.597,249.3779,True,23,6,0
166.3823,-0.04055117,0.0643066,-0.2038538,74.68759,356.6997,249.3816,True,23,6,0
166.3859,-0.04040023,0.06445158,-0.2037644,74.65513,356.7198,249.3671,True,23,6,0
166.3889,-0.0402628,0.06458335,-0.2036832,74.6256,356.7381,249.3539,True,23,6,0
166.3925,-0.04026295,0.06466377,-0.2039164,74.68849,356.6068,249.2117,True,23,6,0
166.3953,-0.04015167,0.06477726,-0.2038575,74.6661,356.6188,249.198,True,23,6,0
166.3981,-0.04004003,0.06489098,-0.2037987,74.64357,356.6308,249.1841,True,23,6,0
166.4016,-0.04006591,0.0650477,-0.2039297,74.6535,356.2263,248.8009,True,23,6,0
166.4048,-0.03994049,0.06516708,-0.2038815,74.63178,356.2265,248.7765,True,23,6,0
166.408,-0.03973647,0.06527781,-0.2038488,74.62428,356.2721,248.8031,True,23,6,0
166.4111,-0.03958244,0.06541781,-0.2037889,74.59917,356.274,248.776,True,23,6,0
166.4155,-0.03928058,0.06560558,-0.2034973,74.51309,356.3731,248.7513,True,23,6,0
166.4186,-0.03912646,0.0657341,-0.2034292,74.48753,356.3782,248.7262,True,23,6,0
166.4219,-0.03895185,0.06587946,-0.2033523,74.45863,356.384,248.6977,True,23,6,0
166.4256,-0.03872932,0.06596936,-0.2035338,74.53111,356.4655,248.8076,True,23,6,0
166.4286,-0.0385849,0.06609614,-0.2034684,74.50907,356.4698,248.7859,True,23,6,0
166.4316,-0.03843996,0.06622323,-0.203403,74.48701,356.4742,248.7641,True,23,6,0
166.4353,-0.03863285,0.06636699,-0.2036698,74.53261,356.0631,248.426,True,23,6,0
166.439,-0.0384947,0.06650555,-0.2036212,74.5116,356.0544,248.3931,True,23,6,0
166.4417,-0.03865389,0.06659211,-0.2036193,74.48245,355.8087,248.1533,True,23,6,0
166.4445,-0.03853282,0.06672458,-0.2035792,74.46112,355.7923,248.1135,True,23,6,0
166.448,-0.0384149,0.06685349,-0.2035403,74.44031,355.7763,248.0749,True,23,6,0
166.4518,-0.03823808,0.06698899,-0.2032731,74.34467,355.8937,248.1323,True,23,6,0
166.4555,-0.0380944,0.0671427,-0.2032163,74.31521,355.8788,248.0871,True,23,6,0
166.4591,-0.03743066,0.06731768,-0.2030799,74.25894,356.4644,248.5118,True,23,6,0
166.4622,-0.03730422,0.06743607,-0.2030402,74.23605,356.4713,248.492,True,23,6,0
166.4658,-0.0372097,0.06763922,-0.202943,74.18066,356.3917,248.4193,True,23,6,0
166.4689,-0.03706062,0.06778423,-0.2028996,74.15298,356.3967,248.3945,True,23,6,0
166.473,-0.03715748,0.06794284,-0.2029098,74.13807,356.1112,248.0966,True,23,6,0
166.4771,-0.03699431,0.068114,-0.2028613,74.10669,356.1055,248.0573,True,23,6,0
166.4799,-0.03686791,0.06824641,-0.2028238,74.08241,356.1011,248.0269,True,23,6,0
166.4837,-0.03630418,0.06837346,-0.2027618,74.05769,356.5677,248.4759,True,23,6,0
166.4868,-0.03616737,0.06850049,-0.2027245,74.03397,356.5779,248.461,True,23,6,0
166.4901,-0.03581479,0.06865434,-0.2024211,73.95294,356.9272,248.7366,True,23,6,0
166.4933,-0.03569509,0.06876615,-0.2023715,73.92964,356.9462,248.7314,True,23,6,0
166.4966,-0.03554986,0.06890155,-0.2023114,73.90141,356.9692,248.7249,True,23,6,0
166.5005,-0.03537614,0.0690171,-0.2020042,73.83369,357.1629,248.8522,True,23,6,0
166.504,-0.03525744,0.0691326,-0.2019278,73.80636,357.1894,248.8504,True,23,6,0
166.5068,-0.03515151,0.06923553,-0.2018598,73.78201,357.213,248.8487,True,23,6,0
166.5094,-0.03540576,0.06939749,-0.2015007,73.66807,356.8413,248.4531,True,23,6,0
166.5123,-0.03528867,0.06952013,-0.2014072,73.63606,356.8563,248.4382,True,23,6,0
166.5179,-0.03515539,0.0696535,-0.2015149,73.66428,356.7203,248.3781,True,23,6,0
166.5266,-0.03474633,0.06990211,-0.201328,73.62228,356.8066,248.3919,True,23,6,0
166.5305,-0.03460575,0.07002661,-0.2012287,73.59173,356.8199,248.3768,True,23,6,0
166.534,-0.03445089,0.07004477,-0.2014264,73.66552,356.8611,248.3869,True,23,6,0
166.5373,-0.0343369,0.07014333,-0.2013505,73.64361,356.8731,248.3751,True,23,6,0
166.5409,-0.03434104,0.07020248,-0.2013847,73.64899,356.7769,248.2849,True,23,6,0
166.5439,-0.0342214,0.07030939,-0.2013047,73.62498,356.7866,248.2685,True,23,6,0
166.5474,-0.03411027,0.07040852,-0.2012305,73.60271,356.7956,248.2533,True,23,6,0
166.551,-0.03385255,0.07044734,-0.2011117,73.5779,356.98,248.4607,True,23,6,0
166.554,-0.03374722,0.07053073,-0.2010386,73.55713,356.9936,248.4532,True,23,6,0
166.5577,-0.03356002,0.07056111,-0.201266,73.64203,357.039,248.5483,True,23,6,0
166.5615,-0.03345143,0.0706467,-0.2011962,73.62375,357.0533,248.5432,True,23,6,0
166.5651,-0.03360999,0.07073414,-0.201199,73.62125,356.8497,248.3722,True,23,6,0
166.5687,-0.03349349,0.07084602,-0.2011138,73.59823,356.8592,248.3589,True,23,6,0
166.5725,-0.03339697,0.0709386,-0.2010434,73.5792,356.8672,248.3479,True,23,6,0
166.5785,-0.03316879,0.07104917,-0.2010156,73.57454,357.0233,248.525,True,23,6,0
166.5818,-0.03298096,0.07105364,-0.2009733,73.57554,357.2684,248.7364,True,23,6,0
166.5849,-0.03291477,0.07111937,-0.2009147,73.56068,357.2853,248.7381,True,23,6,0
166.588,-0.03283943,0.07119413,-0.2008481,73.54373,357.3046,248.7401,True,23,6,0
166.5914,-0.03252884,0.07124779,-0.2008046,73.55562,357.6192,248.9489,True,23,6,0
166.5955,-0.0324417,0.07133105,-0.2007234,73.53768,357.652,248.9589,True,23,6,0
166.5986,-0.03220669,0.07134183,-0.2007276,73.53512,357.8841,249.1306,True,23,6,0
166.6018,-0.03211874,0.07141516,-0.2006559,73.51784,357.9242,249.1466,True,23,6,0
166.6058,-0.03203027,0.07148884,-0.200584,73.50041,357.9644,249.1625,True,23,6,0
166.6089,-0.03188238,0.07156299,-0.2004711,73.45289,358.0509,249.2173,True,23,6,0
166.6119,-0.0317941,0.07162994,-0.2004092,73.43562,358.0898,249.2332,True,23,6,0
166.6161,-0.0316104,0.07169217,-0.2003069,73.39703,358.2531,249.3773,True,23,6,0
166.6206,-0.03149452,0.07177475,-0.2002294,73.37337,358.3092,249.4036,True,23,6,0
166.6238,-0.03125487,0.07181808,-0.2000884,73.33237,358.4931,249.5826,True,23,6,0
166.6273,-0.0311654,0.07187088,-0.2000301,73.3148,358.5374,249.6064,True,23,6,0
166.6316,-0.03104651,0.07194093,-0.1999527,73.29144,358.5961,249.6378,True,23,6,0
166.636,-0.03078059,0.07203628,-0.1999536,73.28882,358.764,249.8373,True,23,6,0
166.6399,-0.0306756,0.07209863,-0.1998953,73.2706,358.8144,249.8674,True,23,6,0
166.6431,-0.03049739,0.07211491,-0.1998824,73.26852,358.9529,250.0162,True,23,6,0
166.6459,-0.03040434,0.07216555,-0.1998326,73.25309,358.9987,250.0452,True,23,6,0
166.6492,-0.03030942,0.07221714,-0.1997819,73.23734,359.0453,250.0748,True,23,6,0
166.6523,-0.03007913,0.07224901,-0.199696,73.23032,359.2704,250.3009,True,23,6,0
166.6552,-0.02998085,0.0723004,-0.1996367,73.21438,359.3235,250.3371,True,23,6,0
166.6584,-0.02967785,0.07223907,-0.2000788,73.37168,359.4462,250.5505,True,23,6,0
166.6633,-0.02949374,0.07232179,-0.2000044,73.35577,359.5309,250.6147,True,23,6,0
166.6669,-0.0294295,0.07222855,-0.2003053,73.48145,359.5343,250.7,True,23,6,0
166.6703,-0.02932404,0.07227041,-0.2002636,73.47611,359.5836,250.74,True,23,6,0
166.6734,-0.02933247,0.07210371,-0.2005621,73.59981,359.5239,250.694,True,23,6,0
166.6807,-0.02906799,0.07217006,-0.2004583,73.59635,359.646,250.7935,True,23,6,0
166.6847,-0.02923854,0.07216117,-0.2005962,73.66071,359.3089,250.3988,True,23,6,0
166.6876,-0.0291403,0.07218719,-0.2005599,73.66144,359.3432,250.4232,True,23,6,0
166.6905,-0.02928106,0.07215187,-0.2003816,73.62669,359.1593,250.2117,True,23,6,0
166.6938,-0.0291971,0.07216464,-0.2003397,73.62647,359.1864,250.2288,True,23,6,0
166.697,-0.0290991,0.07217957,-0.2002909,73.62624,359.218,250.2488,True,23,6,0
166.7006,-0.0291307,0.0721709,-0.2003468,73.66023,359.1102,250.111,True,23,6,0
166.7037,-0.02905177,0.07218358,-0.2003081,73.66103,359.1331,250.1236,True,23,6,0
166.7068,-0.02875089,0.07224989,-0.1998855,73.53261,359.3493,250.3276,True,23,6,0
166.7094,-0.02866629,0.07225612,-0.199842,73.52967,359.376,250.3445,True,23,6,0
166.7133,-0.02852003,0.07226683,-0.1997667,73.52464,359.4221,250.3736,True,23,6,0
166.7178,-0.02831165,0.07220373,-0.2000086,73.59994,359.4723,250.4298,True,23,6,0
166.7206,-0.02820913,0.07220863,-0.1999751,73.5991,359.5018,250.4492,True,23,6,0
166.7237,-0.02794842,0.07215047,-0.2003056,73.71255,359.6624,250.6269,True,23,6,0
166.7274,-0.02781576,0.07215983,-0.2002797,73.71587,359.7032,250.6566,True,23,6,0
166.7316,-0.02766167,0.07217072,-0.2002496,73.71965,359.7507,250.6911,True,23,6,0
166.7354,-0.02755182,0.07216766,-0.2003253,73.76244,359.7338,250.5904,True,23,6,0
166.7393,-0.02741694,0.07217924,-0.2003009,73.76719,359.773,250.6158,True,23,6,0
166.7423,-0.0273978,0.07215884,-0.20032,73.77122,359.8312,250.6064,True,23,6,0
166.7459,-0.02727039,0.07216631,-0.2003001,73.77634,359.8748,250.6328,True,23,6,0
166.7495,-0.02719256,0.07214542,-0.2003072,73.7724,359.9717,250.6641,True,23,6,0
166.7526,-0.02710712,0.07214642,-0.2002985,73.77599,0.006246068,250.6842,True,23,6,0
166.7555,-0.02700976,0.07214755,-0.2002886,73.78004,0.04564048,250.7072,True,23,6,0
166.7598,-0.02682056,0.07215352,-0.2002293,73.75203,0.231555,250.8267,True,23,6,0
166.7636,-0.0267154,0.07215178,-0.2002236,73.75535,0.2810685,250.8559,True,23,6,0
166.7672,-0.02654233,0.07214226,-0.2001713,73.73729,0.4298629,250.9635,True,23,6,0
166.7715,-0.02643737,0.07213664,-0.2001665,73.73971,0.4835626,250.996,True,23,6,0
166.7751,-0.02601766,0.07212032,-0.2001116,73.73315,0.8185803,251.2414,True,23,6,0
166.7849,-0.02536561,0.07213391,-0.199614,73.61964,1.293749,251.5828,True,23,6,0
166.7889,-0.02521727,0.07211676,-0.199572,73.61691,1.373465,251.6345,True,23,6,0
166.7937,-0.02519513,0.0721038,-0.1994295,73.61603,1.144072,251.4362,True,23,6,0
166.797,-0.02505817,0.07209064,-0.1993825,73.61407,1.202911,251.4744,True,23,6,0
166.8005,-0.02498181,0.07208937,-0.1993912,73.66161,1.106426,251.3152,True,23,6,0
166.8039,-0.02484385,0.07208364,-0.1993378,73.66135,1.157917,251.3455,True,23,6,0
166.8076,-0.0246169,0.07202734,-0.1995204,73.75451,1.237394,251.4209,True,23,6,0
166.8108,-0.02445006,0.07202415,-0.1994615,73.75763,1.296944,251.4571,True,23,6,0
166.8147,-0.02427958,0.07202093,-0.1994014,73.7608,1.357798,251.4941,True,23,6,0
166.819,-0.02388353,0.07189441,-0.199495,73.80872,1.754453,251.8347,True,23,6,0
166.8232,-0.02367955,0.07187349,-0.1994309,73.81447,1.844162,251.894,True,23,6,0
166.8271,-0.02327726,0.07183868,-0.1995072,73.83145,2.225039,252.2412,True,23,6,0
166.8305,-0.02311661,0.07182135,-0.199471,73.83617,2.305185,252.2977,True,23,6,0
166.8337,-0.02271943,0.07188387,-0.1994658,73.82817,2.428179,252.4788,True,23,6,0
166.8384,-0.02247906,0.07187596,-0.1994321,73.83342,2.529151,252.5534,True,23,6,0
166.8415,-0.02216813,0.07194363,-0.199302,73.80064,2.657221,252.6003,True,23,6,0
166.8448,-0.02194408,0.07194509,-0.1992701,73.80376,2.746047,252.6641,True,23,6,0
166.8483,-0.02176181,0.07194629,-0.1992443,73.80621,2.818314,252.716,True,23,6,0
166.8515,-0.02173212,0.07184915,-0.1993231,73.855,2.738574,252.5791,True,23,6,0
166.8546,-0.02155967,0.07184187,-0.1992978,73.85888,2.804895,252.6243,True,23,6,0
166.8577,-0.02141141,0.0717444,-0.1994996,73.94275,2.863927,252.6723,True,23,6,0
166.8612,-0.02123253,0.07173191,-0.1994782,73.9495,2.934105,252.7206,True,23,6,0
166.864,-0.02107561,0.07172097,-0.1994595,73.95538,2.995691,252.763,True,23,6,0
166.8678,-0.02096026,0.07171068,-0.1994755,73.98325,2.939076,252.6544,True,23,6,0
166.8717,-0.0207634,0.07169978,-0.1994527,73.9915,3.012029,252.7021,True,23,6,0
166.8749,-0.0204392,0.07173574,-0.1994656,74.03819,3.07942,252.7245,True,23,6,0
166.878,-0.02022179,0.07173704,-0.1994333,74.04768,3.151238,252.7707,True,23,6,0
166.8812,-0.02004288,0.07173818,-0.1994068,74.05549,3.210352,252.8087,True,23,6,0
166.8849,-0.01963817,0.07174578,-0.1993607,74.08761,3.45501,252.9842,True,23,6,0
166.8878,-0.0194556,0.0717496,-0.1993262,74.0958,3.518031,253.0253,True,23,6,0
166.8906,-0.01948974,0.07166411,-0.1993865,74.17126,3.466057,253.0174,True,23,6,0
166.894,-0.01931274,0.0716624,-0.1993396,74.18196,3.530618,253.0604,True,23,6,0
166.8967,-0.01915405,0.07166092,-0.1992976,74.19158,3.588555,253.0991,True,23,6,0
166.9004,-0.01898173,0.0716581,-0.1992456,74.19976,3.537717,253.0079,True,23,6,0
166.9051,-0.0187311,0.07165498,-0.1991874,74.21442,3.62167,253.0615,True,23,6,0
166.9085,-0.01875429,0.07154879,-0.1994401,74.31834,3.432025,252.8993,True,23,6,0
166.9116,-0.0185516,0.07154021,-0.1994047,74.33369,3.492506,252.9366,True,23,6,0
166.9153,-0.01835866,0.07147013,-0.1995044,74.37807,3.574208,253.0041,True,23,6,0
166.9184,-0.01818603,0.07145678,-0.1994826,74.39227,3.627312,253.0375,True,23,6,0
166.9214,-0.01801831,0.0714439,-0.1994615,74.40594,3.678975,253.0701,True,23,6,0
166.9247,-0.0177644,0.07144904,-0.19944,74.38873,3.786619,253.1244,True,23,6,0
166.9287,-0.01755697,0.07143283,-0.1994287,74.40427,3.851178,253.1646,True,23,6,0
166.9321,-0.01735684,0.0714173,-0.199418,74.41928,3.913532,253.2036,True,23,6,0
166.9355,-0.01706061,0.07144096,-0.1993478,74.39606,4.042069,253.3477,True,23,6,0
166.9394,-0.01684793,0.07142702,-0.1993417,74.41013,4.109099,253.392,True,23,6,0
166.9432,-0.01672949,0.07139203,-0.1992851,74.42443,4.108238,253.2962,True,23,6,0
166.946,-0.01655137,0.07137717,-0.1992736,74.4367,4.164422,253.3302,True,23,6,0
166.9495,-0.01616825,0.07125349,-0.1994459,74.51933,4.453176,253.6484,True,23,6,0
166.9525,-0.0159966,0.07123178,-0.1994349,74.53265,4.512476,253.6889,True,23,6,0
166.9551,-0.01581937,0.07120949,-0.1994237,74.54638,4.573768,253.7308,True,23,6,0
166.959,-0.01591532,0.07108112,-0.1996718,74.67828,4.295179,253.492,True,23,6,0
166.9625,-0.01572276,0.07105261,-0.199659,74.69791,4.352468,253.5296,True,23,6,0
166.9656,-0.01578699,0.07097471,-0.1996593,74.77134,4.193337,253.3308,True,23,6,0
166.9693,-0.01557097,0.07093774,-0.1996207,74.79745,4.253861,253.3666,True,23,6,0
166.9728,-0.0154087,0.07091016,-0.1995919,74.81707,4.299431,253.3936,True,23,6,0
166.9759,-0.01537028,0.07085168,-0.1996914,74.8834,4.180147,253.3234,True,23,6,0
166.9793,-0.01517935,0.07081929,-0.1996611,74.90843,4.228004,253.3519,True,23,6,0
166.9838,-0.01497356,0.07079796,-0.1997757,74.97382,4.175305,253.3075,True,23,6,0
166.9949,-0.01465261,0.0706507,-0.1997834,75.0681,4.069416,253.1723,True,23,6,0
166.9984,-0.0147299,0.07056317,-0.1999312,75.14584,3.959547,253.0557,True,23,6,0
167.0018,-0.01457328,0.07052639,-0.1999214,75.17384,3.989719,253.0692,True,23,6,0
167.0052,-0.01444197,0.07049572,-0.1999133,75.19729,4.0151,253.0807,True,23,6,0
167.0082,-0.0143951,0.07046939,-0.1998234,75.18396,4.119489,253.1431,True,23,6,0
167.0118,-0.01425279,0.07042649,-0.1998137,75.21252,4.154988,253.1597,True,23,6,0
167.0155,-0.01426151,0.07028519,-0.2000298,75.28359,4.237844,253.2258,True,23,6,0
167.0184,-0.01418051,0.07024428,-0.2000369,75.30544,4.265151,253.2396,True,23,6,0
167.0217,-0.01407608,0.07019168,-0.2000461,75.33366,4.300471,253.2574,True,23,6,0
167.025,-0.01423554,0.07014455,-0.1997179,75.25407,4.265341,253.1991,True,23,6,0
167.0292,-0.01415604,0.0700677,-0.199713,75.28288,4.304182,253.2168,True,23,6,0
167.0327,-0.0138462,0.06999694,-0.1996883,75.27082,4.74151,253.6515,True,23,6,0
167.0362,-0.01379616,0.06994055,-0.199692,75.28932,4.780898,253.6769,True,23,6,0
167.0389,-0.01375002,0.06988865,-0.1996954,75.30642,4.817246,253.7003,True,23,6,0
167.0419,-0.01337283,0.06990419,-0.1997313,75.30867,5.195358,254.1052,True,23,6,0
167.0464,-0.013271,0.0698276,-0.1997485,75.33727,5.274801,254.1642,True,23,6,0
167.0507,-0.01312156,0.06980516,-0.1997627,75.35413,5.45489,254.365,True,23,6,0
167.0533,-0.01306632,0.06976694,-0.199773,75.36974,5.502138,254.4019,True,23,6,0
167.0562,-0.0129999,0.06972107,-0.1997853,75.38851,5.55904,254.4463,True,23,6,0
167.0593,-0.0129617,0.06969307,-0.199966,75.45846,5.559936,254.5597,True,23,6,0
167.062,-0.01290286,0.06966013,-0.1999814,75.47569,5.606856,254.5996,True,23,6,0
167.065,-0.01304619,0.06956719,-0.2001877,75.56648,5.490702,254.5712,True,23,6,0
167.0689,-0.01297162,0.06951407,-0.2002158,75.59656,5.556851,254.6306,True,23,6,0
167.0723,-0.0129164,0.06947489,-0.2002366,75.61881,5.605953,254.6748,True,23,6,0
167.0753,-0.01307083,0.06937476,-0.2004051,75.70832,5.498145,254.6067,True,23,6,0
167.0782,-0.01302538,0.06932959,-0.2004259,75.73476,5.546125,254.6509,True,23,6,0
167.083,-0.01319235,0.06921537,-0.2005806,75.83189,5.372913,254.4668,True,23,6,0
167.087,-0.01315107,0.06916039,-0.2006023,75.86518,5.41915,254.5084,True,23,6,0
167.0901,-0.01329352,0.06908627,-0.2006685,75.91638,5.244234,254.3779,True,23,6,0
167.0936,-0.01326712,0.0690424,-0.2006861,75.94267,5.273104,254.4048,True,23,6,0
167.0964,-0.01324271,0.06900191,-0.2007023,75.96699,5.299892,254.4297,True,23,6,0
167.1005,-0.0129784,0.06888387,-0.2008378,76.02123,5.665572,254.8095,True,23,6,0
167.1046,-0.01293881,0.06881988,-0.2008697,76.05579,5.717226,254.8593,True,23,6,0
167.1083,-0.01280113,0.06875531,-0.2009687,76.08357,5.94068,255.0845,True,23,6,0
167.1116,-0.01276479,0.06869322,-0.2010105,76.11617,5.997434,255.1396,True,23,6,0
167.1156,-0.01271666,0.06865317,-0.201068,76.14185,6.098505,255.2519,True,23,6,0
167.1186,-0.01268993,0.06860574,-0.2011057,76.16786,6.145991,255.2984,True,23,6,0
167.1217,-0.0126577,0.06854869,-0.201151,76.19917,6.203449,255.3547,True,23,6,0
167.1264,-0.01252287,0.06848638,-0.2010156,76.16033,6.515751,255.5896,True,23,6,0
167.1301,-0.0125009,0.0684213,-0.2010592,76.18954,6.584924,255.6546,True,23,6,0
167.134,-0.01231868,0.0684078,-0.2005719,76.05533,6.805488,255.8479,True,23,6,0
167.138,-0.01229338,0.06833729,-0.2005925,76.0776,6.878568,255.916,True,23,6,0
167.1414,-0.01253605,0.0682898,-0.2002989,76.03827,6.628906,255.7158,True,23,6,0
167.1454,-0.01252249,0.06819826,-0.200295,76.06317,6.705163,255.7882,True,23,6,0
167.1505,-0.01265647,0.0681317,-0.2001828,76.08125,6.605295,255.7017,True,23,6,0
167.1539,-0.01265252,0.06806628,-0.2001679,76.09974,6.656634,255.7507,True,23,6,0
167.1573,-0.0126322,0.06791973,-0.200296,76.19508,6.831357,255.9532,True,23,6,0
167.1608,-0.01263365,0.06785448,-0.2002743,76.21479,6.88403,256.0047,True,23,6,0
167.1636,-0.01263494,0.06779572,-0.2002547,76.23257,6.931634,256.0513,True,23,6,0
167.1672,-0.01263396,0.06766534,-0.2004955,76.34502,7.076654,256.221,True,23,6,0
167.1705,-0.01263774,0.067605,-0.2004809,76.36609,7.129149,256.2733,True,23,6,0
167.1738,-0.01264192,0.06753772,-0.2004647,76.38954,7.18796,256.3318,True,23,6,0
167.1769,-0.01290694,0.0673362,-0.2009452,76.56865,7.039121,256.2327,True,23,6,0
167.1879,-0.0132777,0.06700408,-0.2012725,76.78333,6.99433,256.2468,True,23,6,0
167.1921,-0.01336421,0.06688336,-0.2014771,76.87786,6.987777,256.2455,True,23,6,0
167.1961,-0.0134014,0.06680273,-0.2014969,76.91502,7.035906,256.2971,True,23,6,0
167.1998,-0.01300615,0.06659111,-0.2018847,77.04524,7.758907,257.0316,True,23,6,0
167.2052,-0.01303858,0.06646319,-0.2019348,77.10146,7.86567,257.1436,True,23,6,0
167.2086,-0.01293127,0.06637193,-0.2017064,77.05072,8.130618,257.3912,True,23,6,0
167.2119,-0.01295675,0.06626964,-0.2017327,77.0881,8.21642,257.48,True,23,6,0
167.2161,-0.01286653,0.06622715,-0.2014904,77.02131,8.410725,257.6149,True,23,6,0
167.22,-0.01289015,0.06611964,-0.2015153,77.05637,8.506041,257.7108,True,23,6,0
167.2234,-0.01285242,0.06608941,-0.2014648,77.04897,8.613177,257.773,True,23,6,0
167.2276,-0.01287027,0.06599236,-0.2014936,77.08183,8.707102,257.8661,True,23,6,0
167.2307,-0.01288476,0.06591338,-0.201517,77.10847,8.783975,257.9422,True,23,6,0
167.234,-0.0128756,0.06587264,-0.2015515,77.12746,8.825061,257.9706,True,23,6,0
167.2372,-0.01288334,0.06580347,-0.2015784,77.15224,8.896604,258.0412,True,23,6,0
167.241,-0.01275297,0.06564751,-0.2017884,77.24274,9.194879,258.3904,True,23,6,0
167.2456,-0.0127545,0.06552733,-0.2018347,77.28603,9.324802,258.5213,True,23,6,0
167.257,-0.0127151,0.06518809,-0.2021031,77.46516,9.587109,258.7947,True,23,6,0
167.2616,-0.01269991,0.06508091,-0.2021382,77.5056,9.70015,258.9089,True,23,6,0
167.265,-0.01268748,0.06499374,-0.2021667,77.53857,9.792705,259.0024,True,23,6,0
167.2683,-0.01238746,0.06487751,-0.202161,77.57033,10.07474,259.2657,True,23,6,0
167.2723,-0.01234504,0.0647805,-0.2021842,77.60529,10.18214,259.3734,True,23,6,0
167.2754,-0.01194669,0.06467187,-0.2022604,77.64016,10.73267,259.8962,True,23,6,0
167.2795,-0.01187385,0.0645535,-0.2022868,77.68115,10.88235,260.045,True,23,6,0
167.2833,-0.0115396,0.06451993,-0.2022223,77.66469,11.28243,260.4368,True,23,6,0
167.2869,-0.01146157,0.06442651,-0.2022452,77.697,11.4199,260.5732,True,23,6,0
167.2902,-0.01162547,0.06424534,-0.202528,77.83772,11.40066,260.5942,True,23,6,0
167.2938,-0.01156547,0.06414771,-0.2025525,77.8741,11.53432,260.7284,True,23,6,0
167.2976,-0.01150894,0.06405605,-0.2025754,77.90824,11.66086,260.8554,True,23,6,0
167.3011,-0.01171849,0.06390773,-0.2029173,78.0771,11.59436,260.8079,True,23,6,0
167.308,-0.01172732,0.06364328,-0.2030574,78.2058,11.90492,261.1265,True,23,6,0
167.3117,-0.01169751,0.06352943,-0.2030776,78.25276,12.05173,261.2749,True,23,6,0
167.3156,-0.01144119,0.0634086,-0.2029903,78.26155,12.46366,261.6441,True,23,6,0
167.3195,-0.01139962,0.06329,-0.202999,78.30604,12.62141,261.8016,True,23,6,0
167.3225,-0.01136415,0.06318931,-0.2030064,78.34383,12.75668,261.9367,True,23,6,0
167.3257,-0.01144815,0.06308809,-0.2028815,78.35473,12.69788,261.8459,True,23,6,0
167.3295,-0.01141371,0.06296796,-0.2028804,78.39746,12.84779,261.9943,True,23,6,0
167.3332,-0.01136999,0.06285658,-0.202935,78.42796,12.82981,261.9598,True,23,6,0
167.3372,-0.01132248,0.06274341,-0.2029521,78.46806,12.96723,262.0953,True,23,6,0
167.3407,-0.01088718,0.06263953,-0.2031966,78.52661,13.56306,262.6666,True,23,6,0
167.3435,-0.01082772,0.06255499,-0.2032263,78.55778,13.68509,262.7864,True,23,6,0
167.3466,-0.01075677,0.06245445,-0.2032617,78.5948,13.83142,262.9301,True,23,6,0
167.3504,-0.01058997,0.06239434,-0.2032016,78.57169,13.96836,263.0594,True,23,6,0
167.3535,-0.01051707,0.06230511,-0.2032415,78.60333,14.1011,263.1896,True,23,6,0
167.3602,-0.01029916,0.06218761,-0.2032526,78.61625,14.31214,263.3939,True,23,6,0
167.3634,-0.01022424,0.06211129,-0.2032978,78.64381,14.43365,263.5131,True,23,6,0
167.3665,-0.0101442,0.06211334,-0.203236,78.63457,14.38697,263.4379,True,23,6,0
167.3699,-0.01005429,0.06204049,-0.2032864,78.66318,14.51325,263.5609,True,23,6,0
167.3733,-0.009958042,0.06196271,-0.2033404,78.69376,14.64908,263.6931,True,23,6,0
167.3762,-0.01001733,0.06186688,-0.2033137,78.70184,14.50172,263.5638,True,23,6,0
167.3788,-0.009936742,0.06179444,-0.2033603,78.72771,14.61214,263.6717,True,23,6,0
167.3827,-0.009963341,0.06171744,-0.2034096,78.76064,14.59565,263.672,True,23,6,0
167.3864,-0.009873312,0.06163144,-0.2034682,78.79221,14.72617,263.8001,True,23,6,0
167.3894,-0.009714521,0.06152767,-0.2036041,78.84171,15.10094,264.1967,True,23,6,0
167.3936,-0.009625165,0.06143363,-0.2036664,78.87595,15.25323,264.3475,True,23,6,0
167.3963,-0.009562492,0.06136785,-0.20371,78.89999,15.36056,264.4537,True,23,6,0
167.3999,-0.009613754,0.06126276,-0.2037369,78.92558,15.38146,264.4948,True,23,6,0
167.4036,-0.009550412,0.06118119,-0.2037894,78.95404,15.50726,264.62,True,23,6,0
167.4066,-0.009489104,0.06110246,-0.20384,78.98149,15.62958,264.7417,True,23,6,0
167.4101,-0.009471432,0.06102699,-0.2039154,79.00451,15.75236,264.8727,True,23,6,0
167.4157,-0.009210683,0.06091769,-0.2040114,79.017,16.1765,265.2782,True,23,6,0
167.4194,-0.009148575,0.06084099,-0.2040776,79.04333,16.31004,265.4108,True,23,6,0
167.4234,-0.009061034,0.06075478,-0.204168,79.06006,16.49477,265.5831,True,23,6,0
167.4271,-0.009002194,0.06068115,-0.2042398,79.08507,16.62645,265.7134,True,23,6,0
167.4298,-0.008952103,0.06061858,-0.2043009,79.10626,16.73895,265.8249,True,23,6,0
167.4332,-0.008573298,0.06046782,-0.2042295,79.0602,17.43257,266.476,True,23,6,0
167.4373,-0.0085086,0.0603732,-0.2042994,79.08408,17.59676,266.6373,True,23,6,0
167.4408,-0.008300528,0.06029838,-0.2042934,79.06754,17.93226,266.955,True,23,6,0
167.4443,-0.008225223,0.06019549,-0.2043684,79.09167,18.11735,267.1364,True,23,6,0
167.448,-0.008155696,0.0601007,-0.2044375,79.11382,18.28883,267.3044,True,23,6,0
167.4518,-0.008121042,0.05998804,-0.2043595,79.10185,18.14871,267.1216,True,23,6,0
167.4553,-0.008031727,0.05987896,-0.2044317,79.12471,18.32437,267.2924,True,23,6,0
167.459,-0.008164257,0.05979794,-0.2042001,79.09412,18.01682,266.9648,True,23,6,0
167.4668,-0.008037244,0.05955155,-0.2041837,79.11152,18.15764,267.1025,True,23,6,0
167.4706,-0.007960256,0.05944568,-0.2042229,79.12875,18.29003,267.2313,True,23,6,0
167.4746,-0.007766503,0.05922975,-0.2043563,79.173,18.56145,267.5603,True,23,6,0
167.478,-0.007675846,0.05910774,-0.2043981,79.19131,18.70252,267.7,True,23,6,0
167.4819,-0.007578207,0.05897658,-0.2044429,79.21095,18.85484,267.8509,True,23,6,0
167.4861,-0.007265276,0.05886392,-0.2045373,79.258,19.14637,268.2079,True,23,6,0
167.4889,-0.007159106,0.05875774,-0.2045698,79.27518,19.28069,268.3431,True,23,6,0
167.4924,-0.007206728,0.05862564,-0.2047736,79.35619,19.23514,268.3201,True,23,6,0
167.4953,-0.007114547,0.05853114,-0.2048086,79.3734,19.35041,268.4369,True,23,6,0
167.4996,-0.007185861,0.05841666,-0.2048864,79.41151,19.16192,268.2591,True,23,6,0
167.5031,-0.00709104,0.05831933,-0.2049321,79.43055,19.27609,268.3751,True,23,6,0
167.5061,-0.006999784,0.05822583,-0.2049761,79.44881,19.38634,268.4871,True,23,6,0
167.5095,-0.007006948,0.05798993,-0.2051547,79.49865,19.75356,268.8489,True,23,6,0
167.5123,-0.006942003,0.05788173,-0.2052007,79.51745,19.87138,268.9683,True,23,6,0
167.5161,-0.006895936,0.05777776,-0.2054044,79.55362,20.05435,269.148,True,23,6,0
167.5195,-0.006829671,0.05766203,-0.2054727,79.57479,20.18797,269.2832,True,23,6,0
167.5231,-0.006687587,0.05758555,-0.2050798,79.437,20.29914,269.3806,True,23,6,0
167.5267,-0.006635142,0.05747487,-0.2051317,79.45124,20.42127,269.5036,True,23,6,0
167.5296,-0.006587398,0.05737424,-0.2051789,79.46423,20.53264,269.6158,True,23,6,0
167.533,-0.006425743,0.05734707,-0.2049896,79.3936,20.69023,269.7519,True,23,6,0
167.5367,-0.006366726,0.05723609,-0.205039,79.40608,20.82277,269.8847,True,23,6,0
167.5402,-0.00630796,0.05712572,-0.205088,79.41838,20.95494,270.0171,True,23,6,0
167.5433,-0.006049874,0.0571053,-0.2050646,79.39657,21.25661,270.3279,True,23,6,0
167.5468,-0.005964435,0.05698732,-0.2051181,79.40942,21.41915,270.4911,True,23,6,0
167.5508,-0.005916459,0.05688436,-0.2053158,79.49706,21.51066,270.5873,True,23,6,0
167.5536,-0.005847017,0.05680446,-0.2053515,79.50844,21.6265,270.7037,True,23,6,0
167.5574,-0.005878762,0.05666953,-0.2056029,79.61108,21.61658,270.7032,True,23,6,0
167.5674,-0.005914508,0.05633649,-0.2059027,79.77288,21.67048,270.7735,True,23,6,0
167.5721,-0.005817629,0.05622524,-0.2059498,79.79699,21.81828,270.923,True,23,6,0
167.5751,-0.005908652,0.05611199,-0.206022,79.83825,21.54053,270.6734,True,23,6,0
167.578,-0.005832129,0.0560248,-0.2060651,79.85751,21.6405,270.7757,True,23,6,0
167.5817,-0.005747756,0.05592886,-0.2061124,79.87875,21.7511,270.8888,True,23,6,0
167.5853,-0.005566415,0.05581574,-0.2053176,79.66801,21.48996,270.3608,True,23,6,0
167.5891,-0.005461575,0.05568333,-0.2053313,79.68344,21.60131,270.4639,True,23,6,0
167.5927,-0.005121439,0.05568391,-0.2054733,79.66964,22.20162,271.0797,True,23,6,0
167.5962,-0.005028049,0.05558382,-0.2055011,79.68174,22.31727,271.189,True,23,6,0
167.6002,-0.00474346,0.05552655,-0.2056927,79.69993,22.81144,271.7349,True,23,6,0
167.6042,-0.004644794,0.05543627,-0.2057352,79.71212,22.94298,271.8622,True,23,6,0
167.6076,-0.004748222,0.05534986,-0.2055424,79.68477,22.52111,271.3724,True,23,6,0
167.6109,-0.004645208,0.05525184,-0.2055791,79.69622,22.63701,271.4814,True,23,6,0
167.6205,-0.004680004,0.05495919,-0.2053911,79.68382,22.50423,271.2777,True,23,6,0
167.6245,-0.004524423,0.05476606,-0.2057624,79.78042,22.88306,271.7165,True,23,6,0
167.6285,-0.004441507,0.05465738,-0.205798,79.79298,22.99006,271.8174,True,23,6,0
167.632,-0.004356291,0.05454583,-0.2058346,79.80582,23.1003,271.9215,True,23,6,0
167.636,-0.003965546,0.05447766,-0.2056689,79.72613,23.28521,272.0183,True,23,6,0
167.6414,-0.003789926,0.05436976,-0.20552,79.67657,23.27805,271.9541,True,23,6,0
167.6445,-0.003684477,0.05427305,-0.2055488,79.68281,23.37317,272.0394,True,23,6,0
167.6481,-0.003579559,0.05417688,-0.2055774,79.68909,23.46789,272.1244,True,23,6,0
167.6524,-0.003878138,0.0540358,-0.2052526,79.64069,22.81522,271.4304,True,23,6,0
167.6567,-0.004066032,0.05387421,-0.2053182,79.69032,22.52496,271.1567,True,23,6,0
167.6605,-0.003998855,0.05377206,-0.2053349,79.69618,22.58022,271.2023,True,23,6,0
167.6633,-0.003940754,0.05368377,-0.2053494,79.70129,22.62813,271.2419,True,23,6,0
167.6666,-0.003692167,0.05349918,-0.2058117,79.79645,23.27312,271.949,True,23,6,0
167.6713,-0.003603071,0.05336319,-0.2058593,79.80772,23.37138,272.0383,True,23,6,0
167.6748,-0.003541821,0.05323577,-0.2061391,79.86325,23.45294,272.1656,True,23,6,0
167.6781,-0.00345984,0.05312064,-0.206202,79.87456,23.53747,272.2445,True,23,6,0
167.6826,-0.00338133,0.05302526,-0.2058981,79.77003,23.2749,271.9994,True,23,6,0
167.6858,-0.003305357,0.05291915,-0.2059496,79.77642,23.33793,272.0581,True,23,6,0
167.6889,-0.003223502,0.05280489,-0.206005,79.7833,23.406,272.1215,True,23,6,0
167.6924,-0.003223626,0.0528041,-0.205791,79.70302,23.21271,271.9249,True,23,6,0
167.695,-0.00316944,0.05272652,-0.2058305,79.70599,23.25595,271.9648,True,23,6,0
167.6978,-0.003109827,0.05264117,-0.205874,79.7093,23.30353,272.0086,True,23,6,0
167.7012,-0.003089967,0.0525649,-0.2060755,79.73318,23.25535,272.0305,True,23,6,0
167.7057,-0.003001388,0.05244823,-0.20616,79.73862,23.3204,272.093,True,23,6,0
167.7088,-0.002963175,0.05240987,-0.2063022,79.74869,23.43483,272.2552,True,23,6,0
167.7121,-0.002893887,0.05231617,-0.2063847,79.75366,23.49403,272.3141,True,23,6,0
167.7167,-0.002784106,0.0520715,-0.206819,79.83972,24.08806,272.9991,True,23,6,0
167.7225,-0.002696986,0.0518845,-0.2069746,79.85293,24.22391,273.1401,True,23,6,0
167.7262,-0.002436349,0.05176993,-0.2070815,79.83597,24.8203,273.701,True,23,6,0
167.7295,-0.002394769,0.05166835,-0.2071599,79.84193,24.90797,273.7902,True,23,6,0
167.7328,-0.00250372,0.05155811,-0.2070445,79.79267,24.66047,273.5544,True,23,6,0
167.7365,-0.002470788,0.05144554,-0.2071274,79.7971,24.74176,273.6375,True,23,6,0
167.7403,-0.002490969,0.05140653,-0.2068718,79.68764,24.38262,273.2675,True,23,6,0
167.7433,-0.002461236,0.05131435,-0.2069446,79.68809,24.43792,273.324,True,23,6,0
167.7461,-0.002430316,0.05121852,-0.2070203,79.68862,24.49544,273.3828,True,23,6,0
167.7498,-0.002376932,0.05113569,-0.2069839,79.64787,24.338,273.19,True,23,6,0
167.7527,-0.002336118,0.05104083,-0.2070612,79.64684,24.38768,273.2397,True,23,6,0
167.7561,-0.002288475,0.05093005,-0.2071514,79.64564,24.44576,273.2976,True,23,6,0
167.7595,-0.002056706,0.05089313,-0.2072432,79.62773,24.71531,273.5882,True,23,6,0
167.7622,-0.002011383,0.05081636,-0.2073117,79.62631,24.76469,273.6382,True,23,6,0
167.7661,-0.00176404,0.05075835,-0.2074225,79.59729,25.10132,274.0441,True,23,6,0
167.775,-0.001304577,0.05052727,-0.2076662,79.56949,25.80042,274.7981,True,23,6,0
167.778,-0.001236171,0.05044058,-0.2077446,79.56595,25.8842,274.8863,True,23,6,0
167.7813,-0.001168106,0.0503543,-0.2078226,79.56245,25.9675,274.9739,True,23,6,0
167.7854,-0.001266466,0.05018425,-0.2081211,79.66085,25.88198,274.9263,True,23,6,0
167.7885,-0.001190413,0.05008702,-0.208208,79.66054,25.96776,275.018,True,23,6,0
167.7919,-0.001293471,0.04999991,-0.2083321,79.71117,25.83715,274.8765,True,23,6,0
167.7945,-0.001241336,0.04993163,-0.2083918,79.71204,25.89408,274.9373,True,23,6,0
167.7974,-0.00118082,0.04985237,-0.2084609,79.71312,25.96017,275.0079,True,23,6,0
167.8008,-0.000950492,0.0497316,-0.2083271,79.63804,26.03072,274.9424,True,23,6,0
167.8047,-0.0008700592,0.0496321,-0.2084001,79.63677,26.10555,275.0178,True,23,6,0
167.8079,-0.0006591007,0.04954851,-0.2083303,79.59149,26.23571,275.0849,True,23,6,0
167.8114,-0.0005590664,0.04943617,-0.2084024,79.58829,26.32064,275.1678,True,23,6,0
167.8152,-0.0004660105,0.04933162,-0.2084693,79.58531,26.39957,275.245,True,23,6,0
167.8193,-0.0002977829,0.049244,-0.2083847,79.53957,26.40092,275.2213,True,23,6,0
167.8232,-0.0001756903,0.04911765,-0.2084593,79.5346,26.4925,275.31,True,23,6,0
167.8273,0.0001641549,0.04902892,-0.208563,79.51284,27.00904,275.8195,True,23,6,0
167.8309,0.0002725003,0.04892382,-0.208624,79.50787,27.10134,275.9091,True,23,6,0
167.8344,0.0002508909,0.04876679,-0.2088763,79.56303,27.07127,275.9752,True,23,6,0
167.8391,0.0003796062,0.04863539,-0.208966,79.55968,27.17787,276.0832,True,23,6,0
167.8423,0.000439018,0.04841189,-0.2095251,79.68913,27.32001,276.3587,True,23,6,0
167.8463,0.0005852506,0.04826796,-0.2096509,79.69174,27.43054,276.4767,True,23,6,0
167.8507,0.0005009221,0.04812779,-0.2098687,79.75865,27.30867,276.432,True,23,6,0
167.8539,0.0006017201,0.04802401,-0.2099624,79.76265,27.3833,276.5144,True,23,6,0
167.8571,0.0005891826,0.04795848,-0.2097589,79.71986,27.1006,276.2074,True,23,6,0
167.8609,0.0006864937,0.04785822,-0.2098385,79.72356,27.16803,276.2819,True,23,6,0
167.8636,0.0007667933,0.04777551,-0.2099041,79.72662,27.22368,276.3434,True,23,6,0
167.8674,0.0007560058,0.04770072,-0.2097143,79.69172,26.96274,276.0744,True,23,6,0
167.8789,0.001430276,0.04743551,-0.2097312,79.60052,27.50961,276.5648,True,23,6,0
167.8844,0.00166766,0.04718442,-0.2101151,79.65224,27.9516,276.9973,True,23,6,0
167.8878,0.001775043,0.04707861,-0.2101891,79.65368,28.03569,277.0847,True,23,6,0
167.8909,0.001709174,0.0468889,-0.2104802,79.74648,27.96754,277.047,True,23,6,0
167.8949,0.001820277,0.04677312,-0.2105637,79.75113,28.05035,277.1342,True,23,6,0
167.8984,0.0019338,0.04665485,-0.2106488,79.75584,28.13497,277.2233,True,23,6,0
167.9018,0.001877318,0.04657677,-0.2108411,79.83907,27.99057,277.193,True,23,6,0
167.9057,0.001987349,0.04647495,-0.2109203,79.84641,28.06465,277.2753,True,23,6,0
167.9091,0.001934462,0.04642302,-0.2109974,79.88354,28.02917,277.2948,True,23,6,0
167.9117,0.002014557,0.04634711,-0.2110569,79.89043,28.08722,277.361,True,23,6,0
167.9148,0.002102661,0.04626366,-0.2111222,79.898,28.15116,277.4338,True,23,6,0
167.9193,0.00237042,0.04613395,-0.2109458,79.81849,28.40171,277.726,True,23,6,0
167.9226,0.00247028,0.04602818,-0.2110064,79.82397,28.48215,277.818,True,23,6,0
167.9273,0.002709247,0.04581559,-0.2111351,79.82982,28.75049,278.0793,True,23,6,0
167.9304,0.002800904,0.04571393,-0.2111892,79.83438,28.82373,278.1617,True,23,6,0
167.9334,0.002681989,0.04551139,-0.2115353,79.92667,28.84078,278.2018,True,23,6,0
167.9367,0.002754794,0.04541174,-0.2115982,79.93331,28.9065,278.2762,True,23,6,0
167.9405,0.002669876,0.04536176,-0.2114542,79.89602,28.55776,277.8554,True,23,6,0
167.9434,0.002735236,0.04526848,-0.2115146,79.90144,28.61136,277.9154,True,23,6,0
167.946,0.002800206,0.04517581,-0.2115746,79.90679,28.66466,277.975,True,23,6,0
167.9508,0.002838532,0.04512748,-0.2115608,79.873,28.57931,277.8471,True,23,6,0
167.9539,0.002896717,0.04504374,-0.2116263,79.87797,28.62804,277.9017,True,23,6,0
167.9571,0.003074552,0.04501601,-0.2116323,79.83662,28.87517,278.1348,True,23,6,0
167.9606,0.003129657,0.04493786,-0.2116981,79.84019,28.92993,278.1949,True,23,6,0
167.9632,0.0031769,0.04487088,-0.2117544,79.84325,28.97691,278.2464,True,23,6,0
167.9664,0.003056122,0.04470949,-0.2120321,79.91412,29.01189,278.2562,True,23,6,0
167.9701,0.003102413,0.04461858,-0.212112,79.92011,29.07087,278.3199,True,23,6,0
167.9731,0.00336254,0.04445088,-0.2118733,79.81413,29.32871,278.5472,True,23,6,0
167.9767,0.00341124,0.04432882,-0.2119403,79.81646,29.39916,278.6215,True,23,6,0
167.9816,0.003485904,0.04414183,-0.2120427,79.81987,29.50716,278.7354,True,23,6,0
167.9859,0.003781286,0.0440879,-0.2119151,79.75116,29.85643,279.0605,True,23,6,0
167.9891,0.00383698,0.04397188,-0.2119665,79.7509,29.93562,279.1426,True,23,6,0
167.9931,0.003738461,0.04386431,-0.2122445,79.8465,30.08764,279.3504,True,23,6,0
167.9962,0.003776852,0.04377438,-0.2122876,79.84919,30.15649,279.4232,True,23,6,0
167.9996,0.003827924,0.04369861,-0.2124086,79.88349,30.12452,279.4797,True,23,6,0
168.0041,0.003899205,0.04358241,-0.2124741,79.88854,30.21661,279.5811,True,23,6,0
168.0082,0.003988614,0.0434759,-0.2126722,79.92509,30.37293,279.7988,True,23,6,0
168.0115,0.004054426,0.04338142,-0.2127354,79.93034,30.45329,279.8889,True,23,6,0
168.0149,0.004111771,0.04329915,-0.2127904,79.93489,30.52336,279.9673,True,23,6,0
168.0178,0.003977253,0.0431927,-0.2130376,80.02508,30.28315,279.8245,True,23,6,0
168.0209,0.004041287,0.04310961,-0.2131049,80.03258,30.34566,279.8986,True,23,6,0
168.0244,0.004196442,0.04289772,-0.2132898,80.04811,30.69872,280.2856,True,23,6,0
168.031,0.00431879,0.04269823,-0.213432,80.06332,30.84192,280.4532,True,23,6,0
168.0341,0.004145437,0.04252815,-0.2130833,79.99003,30.55825,280.1911,True,23,6,0
168.0375,0.004176338,0.04241905,-0.2131301,79.99513,30.61603,280.2606,True,23,6,0
168.0406,0.004208376,0.0423061,-0.2131785,80.00042,30.67588,280.3325,True,23,6,0
168.0436,0.004151487,0.04227126,-0.2131913,79.995,30.6486,280.3126,True,23,6,0
168.0468,0.00417649,0.04215108,-0.2132469,80.00056,30.71111,280.3877,True,23,6,0
168.0506,0.004249099,0.04213697,-0.2133471,79.9959,30.86545,280.5331,True,23,6,0
168.0532,0.004267249,0.04205997,-0.2133934,79.99968,30.91354,280.5899,True,23,6,0
168.0561,0.004289718,0.04196481,-0.2134506,80.00428,30.97305,280.6601,True,23,6,0
168.0599,0.004430623,0.04192567,-0.2136345,80.0009,31.22288,280.9213,True,23,6,0
168.0631,0.004456167,0.04184304,-0.2137015,80.00495,31.28393,280.9924,True,23,6,0
168.0663,0.004833922,0.04174,-0.2137853,79.96848,32.00558,281.7204,True,23,6,0
168.0699,0.004868094,0.04164822,-0.2138476,79.97116,32.09286,281.8181,True,23,6,0
168.0733,0.005156137,0.04158089,-0.2139453,79.9531,32.60678,282.3416,True,23,6,0
168.0836,0.005360456,0.0412595,-0.2137262,79.83233,32.74858,282.3699,True,23,6,0
168.0879,0.005407517,0.04113202,-0.2137808,79.82912,32.86515,282.4931,True,23,6,0
168.0909,0.005085626,0.04096743,-0.2136874,79.85553,32.427,282.035,True,23,6,0
168.0938,0.005101445,0.04088417,-0.2137128,79.85429,32.48557,282.097,True,23,6,0
168.0961,0.005116475,0.0408051,-0.2137367,79.85309,32.54116,282.1559,True,23,6,0
168.099,0.004937872,0.04073845,-0.2139169,79.92866,32.28978,281.9633,True,23,6,0
168.102,0.004965062,0.04063569,-0.2139616,79.92963,32.35923,282.0393,True,23,6,0
168.1063,0.0049959,0.04051925,-0.2140121,79.93075,32.43789,282.1254,True,23,6,0
168.109,0.005020157,0.04048939,-0.2141063,79.96188,32.39931,282.1479,True,23,6,0
168.1115,0.005051225,0.040416,-0.2141433,79.9634,32.45145,282.2066,True,23,6,0
168.1147,0.005084907,0.04033649,-0.2141832,79.96505,32.508,282.2703,True,23,6,0
168.119,0.005408909,0.04020411,-0.2144765,79.98309,33.17992,282.9792,True,23,6,0
168.1223,0.005462607,0.04010384,-0.2145354,79.98549,33.27156,283.0807,True,23,6,0
168.126,0.005747906,0.04002595,-0.2146554,79.96899,33.70692,283.5156,True,23,6,0
168.1284,0.005790882,0.0399611,-0.2146954,79.96999,33.77418,283.589,True,23,6,0
168.131,0.005837579,0.03989063,-0.214739,79.97108,33.84722,283.6687,True,23,6,0
168.1379,0.006076121,0.03971723,-0.2143539,79.82023,33.7784,283.5964,True,23,6,0
168.1414,0.005516189,0.0395117,-0.2142867,79.89442,33.0089,282.8392,True,23,6,0
168.144,0.005541443,0.039423,-0.2143114,79.89368,33.05389,282.8907,True,23,6,0
168.1466,0.005564454,0.03934221,-0.2143339,79.89307,33.09483,282.9377,True,23,6,0
168.1507,0.005432959,0.03922915,-0.2146564,79.99378,33.12407,283.0234,True,23,6,0
168.1538,0.005460487,0.03913407,-0.214697,79.9963,33.17612,283.0847,True,23,6,0
168.1571,0.005683084,0.03904268,-0.2149342,80.03048,33.74308,283.7056,True,23,6,0
168.1604,0.005714973,0.03895906,-0.2149715,80.03368,33.80725,283.7796,True,23,6,0
168.1634,0.005747282,0.03887439,-0.2150091,80.03696,33.87233,283.8547,True,23,6,0
168.1675,0.00612204,0.03877515,-0.2151905,80.05452,34.46714,284.4488,True,23,6,0
168.1712,0.006178806,0.03868957,-0.2152267,80.05816,34.55164,284.5434,True,23,6,0
168.1738,0.006245765,0.03862721,-0.2151734,80.0413,34.60425,284.564,True,23,6,0
168.1766,0.006289611,0.03855528,-0.2151975,80.04404,34.66839,284.6359,True,23,6,0
168.1794,0.006341491,0.03847018,-0.2152261,80.0473,34.74431,284.7209,True,23,6,0
168.187,0.006100257,0.03814964,-0.2156264,80.18306,34.7588,284.7801,True,23,6,0
168.1906,0.006057953,0.03802565,-0.2154407,80.13873,34.54953,284.5559,True,23,6,0
168.2013,0.005976624,0.03771469,-0.2153904,80.14848,34.32443,284.338,True,23,6,0
168.2051,0.006005824,0.0376094,-0.2154281,80.1551,34.38793,284.4103,True,23,6,0
168.2081,0.006257474,0.03757121,-0.2154163,80.14248,34.64781,284.6107,True,23,6,0
168.2108,0.006300447,0.03748389,-0.2154409,80.14777,34.70875,284.6776,True,23,6,0
168.2145,0.006347989,0.03738737,-0.2154681,80.1535,34.77625,284.7516,True,23,6,0
168.2179,0.006634058,0.03730837,-0.2156337,80.16645,35.28225,285.2184,True,23,6,0
168.221,0.006692972,0.03721848,-0.2156619,80.17207,35.362,285.3029,True,23,6,0
168.225,0.006896133,0.03713594,-0.2156899,80.14853,35.58568,285.5399,True,23,6,0
168.229,0.006966404,0.0370407,-0.2157242,80.15358,35.67611,285.6357,True,23,6,0
168.2321,0.006597091,0.03689103,-0.2157267,80.2144,35.22764,285.2193,True,23,6,0
168.235,0.006635346,0.0368019,-0.215755,80.22054,35.29057,285.2877,True,23,6,0
168.2407,0.006474344,0.03665607,-0.2158678,80.27826,35.12498,285.1401,True,23,6,0
168.2445,0.006514227,0.03654423,-0.2159114,80.28809,35.19745,285.2202,True,23,6,0
168.2486,0.006668243,0.03643763,-0.2159245,80.2673,35.21784,285.2672,True,23,6,0
168.2516,0.006709877,0.03635505,-0.2159625,80.27336,35.26808,285.3235,True,23,6,0
168.2545,0.00675057,0.0362744,-0.2159995,80.27931,35.3172,285.3784,True,23,6,0
168.258,0.006869758,0.03611283,-0.2161117,80.29331,35.54497,285.639,True,23,6,0
168.2609,0.00690843,0.036034,-0.216146,80.29877,35.59359,285.6936,True,23,6,0
168.2634,0.006948078,0.03595325,-0.2161812,80.3043,35.64347,285.7495,True,23,6,0
168.2664,0.007090008,0.03588001,-0.2163043,80.30928,35.99403,286.1316,True,23,6,0
168.2694,0.007129171,0.03580092,-0.2163414,80.31485,36.05343,286.1978,True,23,6,0
168.2726,0.007175709,0.03570701,-0.2163854,80.32134,36.12403,286.2766,True,23,6,0
168.2761,0.007322097,0.03565389,-0.2164509,80.29745,36.39153,286.5887,True,23,6,0
168.2794,0.007371338,0.03555425,-0.2165049,80.30361,36.47683,286.6843,True,23,6,0
168.2837,0.007222174,0.03542686,-0.2166515,80.35998,36.47538,286.7496,True,23,6,0
168.2898,0.007145287,0.03523785,-0.2169127,80.44408,36.56654,286.876,True,23,6,0
168.2929,0.007169457,0.03516556,-0.2169593,80.4521,36.62805,286.9473,True,23,6,0
168.2953,0.007191071,0.035101,-0.2170008,80.45927,36.68303,287.011,True,23,6,0
168.2983,0.007218408,0.03501949,-0.2170533,80.46828,36.75264,287.0916,True,23,6,0
168.3014,0.007534435,0.03490332,-0.2173546,80.48859,37.57486,287.9037,True,23,6,0
168.3057,0.007578028,0.03479686,-0.2174267,80.50005,37.69397,288.0358,True,23,6,0
168.3084,0.007847383,0.03472526,-0.2173127,80.4153,37.98787,288.2765,True,23,6,0
168.3117,0.007891865,0.03462012,-0.2173743,80.42242,38.10614,288.4045,True,23,6,0
168.3151,0.008159869,0.03458367,-0.2173543,80.37408,38.44164,288.7078,True,23,6,0
168.3179,0.008202593,0.03450722,-0.2173978,80.37782,38.53879,288.8112,True,23,6,0
168.3214,0.008256075,0.03441161,-0.2174522,80.38248,38.66043,288.9408,True,23,6,0
168.3242,0.008220627,0.0343166,-0.2173722,80.35631,38.54639,288.8566,True,23,6,0
168.3271,0.008251311,0.0342427,-0.2174118,80.35944,38.62765,288.9431,True,23,6,0
168.3299,0.008284598,0.0341626,-0.2174547,80.36275,38.71589,289.037,True,23,6,0
168.3335,0.008138714,0.03400706,-0.2174825,80.39964,38.56969,288.9739,True,23,6,0
168.3375,0.008173767,0.03389929,-0.2175341,80.40511,38.67477,289.0891,True,23,6,0
168.3411,0.008450043,0.03384438,-0.217494,80.35892,38.97342,289.3794,True,23,6,0
168.3439,0.0084931,0.03375714,-0.2175313,80.36185,39.06781,289.4817,True,23,6,0
168.3466,0.008526072,0.03369036,-0.2175599,80.36398,39.14003,289.5599,True,23,6,0
168.3495,0.00866434,0.03360972,-0.2177621,80.39604,39.51208,289.8911,True,23,6,0
168.3525,0.008714522,0.03352505,-0.2178036,80.39962,39.61523,290.0007,True,23,6,0
168.3561,0.008857672,0.03343971,-0.2177795,80.37557,39.79324,290.1265,True,23,6,0
168.3598,0.008913667,0.03335194,-0.2178181,80.37827,39.90435,290.2422,True,23,6,0
168.3633,0.008972199,0.03326027,-0.2178584,80.38105,40.02052,290.3633,True,23,6,0
168.3664,0.009092164,0.03319937,-0.217784,80.33122,40.0517,290.3693,True,23,6,0
168.3695,0.009142612,0.03312241,-0.2178198,80.33204,40.14782,290.4686,True,23,6,0
168.3722,0.009189398,0.03305107,-0.2178529,80.33273,40.237,290.5608,True,23,6,0
168.3751,0.009106999,0.03294618,-0.2180649,80.38758,40.41423,290.7837,True,23,6,0
168.3775,0.009145248,0.03287405,-0.2181044,80.38978,40.50672,290.8804,True,23,6,0
168.3807,0.0091858,0.03279762,-0.2181462,80.39202,40.60483,290.9829,True,23,6,0
168.3848,0.00931072,0.0326945,-0.2182358,80.38583,40.80383,291.2449,True,23,6,0
168.3882,0.009370464,0.03259292,-0.2182968,80.38831,40.93736,291.3866,True,23,6,0
168.3924,0.009772297,0.03251594,-0.2184689,80.34306,41.71349,292.1903,True,23,6,0
168.395,0.009817986,0.03244972,-0.2185111,80.34319,41.81756,292.3002,True,23,6,0
168.3979,0.009873636,0.03236912,-0.2185625,80.34335,41.94421,292.4341,True,23,6,0
168.4013,0.009866709,0.0322791,-0.2187004,80.35726,42.13284,292.6681,True,23,6,0
168.4057,0.009930017,0.03217332,-0.2187757,80.35773,42.30315,292.8493,True,23,6,0
168.4088,0.00984279,0.03213038,-0.218833,80.37823,42.15387,292.7233,True,23,6,0
168.4114,0.009884378,0.03206414,-0.218887,80.37852,42.25899,292.8351,True,23,6,0
168.4146,0.009932205,0.03198802,-0.2189491,80.37885,42.37982,292.9637,True,23,6,0
168.4185,0.01011953,0.03196272,-0.2187704,80.30933,42.29641,292.806,True,23,6,0
168.4214,0.01017165,0.03189959,-0.2188183,80.30771,42.39571,292.9098,True,23,6,0
168.4243,0.01012174,0.03184272,-0.2186047,80.27401,42.09227,292.5399,True,23,6,0
168.4272,0.01016395,0.03178725,-0.2186372,80.27187,42.16898,292.6189,True,23,6,0
168.4297,0.01020638,0.03173147,-0.2186698,80.26983,42.24599,292.6983,True,23,6,0
168.4332,0.0102205,0.03151336,-0.218828,80.30418,42.48456,292.9791,True,23,6,0
168.4445,0.01070344,0.03117135,-0.2191622,80.29298,43.54583,294.0622,True,23,6,0
168.4483,0.0107713,0.03106834,-0.2192078,80.29063,43.68424,294.2056,True,23,6,0
168.4519,0.01091897,0.03099963,-0.2193058,80.30487,43.97421,294.5012,True,23,6,0
168.4554,0.01100262,0.03089496,-0.2193514,80.3028,44.12999,294.6624,True,23,6,0
168.4591,0.01104145,0.03084835,-0.2194223,80.33403,44.27569,294.7757,True,23,6,0
168.4624,0.01111462,0.03076904,-0.2194552,80.33315,44.40607,294.9095,True,23,6,0
168.466,0.01100802,0.03064924,-0.2194856,80.37946,44.21198,294.6773,True,23,6,0
168.4688,0.0110832,0.03056684,-0.2195196,80.37991,44.33268,294.8002,True,23,6,0
168.4731,0.01117312,0.03046839,-0.2195602,80.38031,44.47697,294.9472,True,23,6,0
168.4769,0.01103107,0.03033535,-0.2192517,80.34987,43.96101,294.3535,True,23,6,0
168.4803,0.0111025,0.03023411,-0.2192741,80.3493,44.07176,294.4637,True,23,6,0
168.4846,0.01126851,0.02998421,-0.2197185,80.42393,44.78621,295.1524,True,23,6,0
168.4874,0.01132823,0.02989332,-0.219749,80.42552,44.88887,295.2539,True,23,6,0
168.4945,0.01159667,0.0296554,-0.2199099,80.41865,45.36583,295.7277,True,23,6,0
168.4978,0.01166066,0.02956349,-0.2199451,80.41977,45.47531,295.8361,True,23,6,0
168.5013,0.01175919,0.02950749,-0.2200325,80.43153,45.6498,296.0331,True,23,6,0
168.5044,0.01182464,0.0294257,-0.2200681,80.43277,45.75727,296.14,True,23,6,0
168.5079,0.01190506,0.02932531,-0.2201118,80.4342,45.88929,296.2715,True,23,6,0
168.5108,0.01185724,0.02927908,-0.22024,80.51101,45.77182,296.2384,True,23,6,0
168.5137,0.01192675,0.02921197,-0.2202756,80.51393,45.86552,296.3337,True,23,6,0
168.5164,0.01173462,0.02912803,-0.2204291,80.60112,45.70813,296.2107,True,23,6,0
168.5194,0.01181218,0.02905099,-0.2204782,80.60744,45.81247,296.3181,True,23,6,0
168.5225,0.01189813,0.02896576,-0.2205324,80.61439,45.92818,296.4371,True,23,6,0
168.526,0.01173967,0.02888794,-0.2204783,80.65118,45.50964,296.0648,True,23,6,0
168.5287,0.01180064,0.02882561,-0.2205187,80.65723,45.58263,296.1414,True,23,6,0
168.5314,0.01186704,0.0287578,-0.2205626,80.66378,45.66219,296.2249,True,23,6,0
168.5349,0.01199208,0.02857524,-0.2207073,80.67402,46.12252,296.6734,True,23,6,0
168.538,0.01205229,0.02849476,-0.2207492,80.68059,46.21389,296.7684,True,23,6,0
168.541,0.01233125,0.02847107,-0.2206778,80.62235,46.40944,296.8867,True,23,6,0
168.5437,0.01239763,0.02839798,-0.220714,80.6268,46.49937,296.9778,True,23,6,0
168.5466,0.01247195,0.02831621,-0.2207545,80.63179,46.60023,297.0799,True,23,6,0
168.5496,0.01262042,0.02829744,-0.2206403,80.57003,46.57487,297.0204,True,23,6,0
168.5521,0.01268258,0.02823079,-0.2206749,80.57256,46.65678,297.1025,True,23,6,0
168.555,0.01276257,0.02814509,-0.2207195,80.57573,46.76215,297.2081,True,23,6,0
168.5604,0.01281268,0.02807957,-0.2207594,80.56585,46.86169,297.3044,True,23,6,0
168.5634,0.01287408,0.02801046,-0.220801,80.56816,46.954,297.3969,True,23,6,0
168.5664,0.01271767,0.02792725,-0.2209119,80.60401,46.80312,297.2649,True,23,6,0
168.5702,0.01278019,0.02784564,-0.2209727,80.60654,46.90476,297.3666,True,23,6,0
168.5736,0.01273685,0.02774958,-0.2210894,80.61662,46.99468,297.5238,True,23,6,0
168.5768,0.01277903,0.0276742,-0.2211512,80.61905,47.08527,297.6169,True,23,6,0
168.5799,0.01282571,0.02759084,-0.2212195,80.6218,47.18559,297.7199,True,23,6,0
168.5846,0.01288371,0.02740617,-0.2216357,80.66955,47.96372,298.6085,True,23,6,0
168.5888,0.01292317,0.02728975,-0.2217321,80.67456,48.12004,298.773,True,23,6,0
168.6003,0.01344946,0.02698699,-0.2217808,80.55623,48.72516,299.4756,True,23,6,0
168.6034,0.01348882,0.02690928,-0.2218376,80.55565,48.82755,299.5852,True,23,6,0
168.6061,0.01352931,0.02682942,-0.221896,80.55506,48.93277,299.6978,True,23,6,0
168.6092,0.0134412,0.02677028,-0.2217154,80.52323,48.60143,299.3619,True,23,6,0
168.6119,0.01347312,0.02668722,-0.2217732,80.52274,48.70065,299.4681,True,23,6,0
168.6151,0.01325758,0.02662961,-0.2217586,80.54977,48.48376,299.2959,True,23,6,0
168.6185,0.01327589,0.02654324,-0.2218199,80.55016,48.58331,299.4045,True,23,6,0
168.6209,0.01328867,0.02648307,-0.2218626,80.55036,48.65271,299.4802,True,23,6,0
168.6245,0.01320299,0.02643421,-0.2219241,80.571,48.61706,299.4686,True,23,6,0
168.6276,0.01321502,0.02636993,-0.2219757,80.57178,48.69589,299.5553,True,23,6,0
168.6311,0.01323023,0.02628893,-0.2220407,80.57276,48.79525,299.6645,True,23,6,0
168.6341,0.01313293,0.02623555,-0.2220945,80.60309,48.60395,299.4931,True,23,6,0
168.6371,0.01314759,0.02617685,-0.2221488,80.60459,48.67318,299.5702,True,23,6,0
168.6407,0.01327363,0.02609222,-0.2222115,80.58527,48.91589,299.8303,True,23,6,0
168.6439,0.0132979,0.02600865,-0.222282,80.58635,49.01638,299.9419,True,23,6,0
168.6481,0.01332322,0.02592164,-0.2223552,80.5875,49.12108,300.058,True,23,6,0
168.6519,0.01326382,0.02576344,-0.2225898,80.63015,49.50732,300.4836,True,23,6,0
168.656,0.01327746,0.02565227,-0.2226755,80.63317,49.64137,300.6321,True,23,6,0
168.6602,0.01332793,0.02558422,-0.2225588,80.57775,49.59899,300.5591,True,23,6,0
168.6638,0.0133331,0.02549337,-0.2226221,80.5784,49.70123,300.6717,True,23,6,0
168.6671,0.01342085,0.02548142,-0.2226428,80.53344,49.82694,300.7648,True,23,6,0
168.6704,0.01342322,0.0254126,-0.2226996,80.53258,49.91314,300.8585,True,23,6,0
168.6746,0.01348385,0.02535093,-0.2226506,80.4612,49.85492,300.839,True,23,6,0
168.678,0.0134807,0.02526648,-0.2227286,80.45753,49.95264,300.9468,True,23,6,0
168.6817,0.01347798,0.02519248,-0.2227969,80.45418,50.03822,301.0412,True,23,6,0
168.6849,0.01362058,0.02513698,-0.222562,80.35987,49.77384,300.8267,True,23,6,0
168.6877,0.01362542,0.02507235,-0.2226146,80.3549,49.83504,300.8962,True,23,6,0
168.6918,0.01367149,0.02496751,-0.2225017,80.30692,49.87931,300.9657,True,23,6,0
168.7021,0.01384587,0.02473085,-0.2226819,80.28501,50.40855,301.4947,True,23,6,0
168.7059,0.01385987,0.02464573,-0.2227222,80.27721,50.49508,301.591,True,23,6,0
168.7091,0.01371611,0.02453977,-0.222968,80.35782,50.78397,301.9268,True,23,6,0
168.7124,0.01372333,0.02445398,-0.2230093,80.35316,50.88119,302.0355,True,23,6,0
168.7161,0.01366983,0.02434807,-0.2231736,80.40497,51.12205,302.2991,True,23,6,0
168.7188,0.01367641,0.02428396,-0.223202,80.40294,51.19816,302.3841,True,23,6,0
168.722,0.01368506,0.02419996,-0.2232391,80.40031,51.29785,302.4954,True,23,6,0
168.7254,0.01384533,0.02411015,-0.2231222,80.32179,51.40015,302.5172,True,23,6,0
168.7287,0.01385265,0.02402459,-0.2231515,80.3168,51.49198,302.6167,True,23,6,0
168.7319,0.01405882,0.02398761,-0.2230943,80.25668,51.63586,302.7343,True,23,6,0
168.735,0.01407797,0.02390717,-0.2231205,80.24978,51.72777,302.8327,True,23,6,0
168.7389,0.01409917,0.02381817,-0.2231495,80.242,51.82919,302.9413,True,23,6,0
168.743,0.01439604,0.02373865,-0.2233212,80.18963,52.50311,303.6561,True,23,6,0
168.7462,0.01442411,0.02364781,-0.2233532,80.17973,52.62708,303.7886,True,23,6,0
168.7511,0.01449012,0.02355187,-0.2233101,80.14753,52.72659,303.9085,True,23,6,0
168.7544,0.01451425,0.02347296,-0.2233331,80.13839,52.83128,304.0209,True,23,6,0
168.7576,0.01456304,0.02343529,-0.2233811,80.1338,52.89323,304.0919,True,23,6,0
168.7618,0.0145948,0.02335075,-0.2234115,80.12389,53.00517,304.2121,True,23,6,0
168.7651,0.0144642,0.02323189,-0.2236291,80.19007,53.08495,304.3106,True,23,6,0
168.768,0.01449042,0.02316125,-0.2236652,80.18408,53.17433,304.4069,True,23,6,0
168.7709,0.01451261,0.02310149,-0.2236957,80.17905,53.24984,304.4883,True,23,6,0
168.7739,0.01434252,0.02302755,-0.2238155,80.23773,53.1174,304.345,True,23,6,0
168.7775,0.01437951,0.02294265,-0.2238693,80.2308,53.22108,304.4566,True,23,6,0
168.7811,0.01441046,0.02287163,-0.2239142,80.22505,53.30761,304.5498,True,23,6,0
168.7845,0.01435787,0.02282639,-0.2240357,80.26366,53.33718,304.5479,True,23,6,0
168.7873,0.01438658,0.02277163,-0.2240774,80.25997,53.40886,304.6241,True,23,6,0
168.791,0.01436009,0.02270532,-0.2239273,80.23843,53.07755,304.2895,True,23,6,0
168.795,0.01439875,0.02263644,-0.2239749,80.23328,53.15271,304.3701,True,23,6,0
168.8053,0.01506335,0.02247269,-0.2242366,80.09003,54.08102,305.3846,True,23,6,0
168.8093,0.0150501,0.02257377,-0.2242289,80.08459,53.83663,305.2108,True,23,6,0
168.8117,0.0150963,0.02254093,-0.224278,80.07715,53.90185,305.2839,True,23,6,0
168.8152,0.01503411,0.02260795,-0.2242367,80.0775,53.36337,304.8073,True,23,6,0
168.8182,0.01509515,0.02258818,-0.2243074,80.06966,53.4155,304.8699,True,23,6,0
168.8219,0.01517531,0.02256216,-0.2244001,80.05929,53.48377,304.9519,True,23,6,0
168.8261,0.01521041,0.02269685,-0.2246492,80.07651,53.30517,304.7561,True,23,6,0
168.829,0.01527796,0.0226998,-0.2247416,80.06982,53.34911,304.8089,True,23,6,0
168.8327,0.01526272,0.02279,-0.224822,80.05,53.13434,304.6055,True,23,6,0
168.8366,0.01533443,0.02280614,-0.2249493,80.04266,53.1831,304.6641,True,23,6,0
168.84,0.01540473,0.02282192,-0.225074,80.03549,53.23081,304.7214,True,23,6,0
168.8434,0.01539688,0.02290341,-0.2248975,79.96799,52.97738,304.487,True,23,6,0
168.8466,0.01545141,0.02292554,-0.2250109,79.9585,53.01576,304.5356,True,23,6,0
168.8504,0.01548059,0.02296913,-0.2248631,79.90099,52.87934,304.3978,True,23,6,0
168.8588,0.01577113,0.02305394,-0.2249954,79.8171,53.03844,304.566,True,23,6,0
168.8628,0.01582148,0.02307703,-0.225085,79.80411,53.0737,304.6105,True,23,6,0
168.8669,0.01593848,0.02307281,-0.2250818,79.7615,52.94443,304.4576,True,23,6,0
168.8711,0.01600061,0.02308963,-0.2251753,79.74664,52.97529,304.497,True,23,6,0
168.8746,0.0163309,0.02310111,-0.2249549,79.63024,52.53864,304.0066,True,23,6,0
168.8781,0.01642952,0.02310875,-0.2250536,79.61108,52.55137,304.0254,True,23,6,0
168.8826,0.01653345,0.02310917,-0.2249011,79.56421,52.20573,303.6588,True,23,6,0
168.8865,0.01664265,0.02311316,-0.2249855,79.54355,52.20415,303.6622,True,23,6,0
168.89,0.01660945,0.02309124,-0.2247978,79.5271,51.77461,303.2253,True,23,6,0
168.8941,0.01670341,0.02309069,-0.224852,79.50931,51.75911,303.2137,True,23,6,0
168.897,0.01678562,0.02309017,-0.2248994,79.49371,51.74558,303.2037,True,23,6,0
168.9074,0.01679948,0.02306208,-0.2248167,79.50413,51.33094,302.7997,True,23,6,0
168.9108,0.01688424,0.02306207,-0.2248455,79.48955,51.30879,302.7811,True,23,6,0
168.9151,0.01688044,0.02305354,-0.2248131,79.46311,51.12328,302.5938,True,23,6,0
168.9191,0.01696424,0.02305105,-0.224848,79.44581,51.09147,302.5659,True,23,6,0
168.9229,0.01705444,0.02304836,-0.2248856,79.42721,51.05739,302.5361,True,23,6,0
168.9274,0.01696961,0.02302748,-0.2248769,79.41963,50.8677,302.3132,True,23,6,0
168.9303,0.01701931,0.02302396,-0.2249025,79.40694,50.83957,302.2869,True,23,6,0
168.9338,0.0168411,0.02302629,-0.2248652,79.41716,50.52114,301.9832,True,23,6,0
168.9377,0.0168844,0.02302508,-0.2248951,79.40298,50.47922,301.9438,True,23,6,0
168.9408,0.01675715,0.02297287,-0.2250179,79.44263,50.44971,301.9177,True,23,6,0
168.9449,0.01680083,0.02296631,-0.2250573,79.42663,50.40245,301.8733,True,23,6,0
168.9491,0.01694888,0.02300349,-0.2249687,79.36792,50.32019,301.7607,True,23,6,0
168.9527,0.01699187,0.02300185,-0.2249957,79.35268,50.27921,301.7209,True,23,6,0
168.9596,0.01729066,0.02297984,-0.2250358,79.27826,50.47513,301.8849,True,23,6,0
168.9633,0.01733512,0.02297303,-0.2250534,79.2634,50.449,301.8586,True,23,6,0
168.9665,0.01749542,0.02298592,-0.2251346,79.24977,50.56643,302.0442,True,23,6,0
168.9702,0.01755275,0.02298214,-0.2251535,79.23441,50.54382,302.0237,True,23,6,0
168.973,0.01760154,0.0229789,-0.2251696,79.22134,50.5247,302.0063,True,23,6,0
168.976,0.01770592,0.02293062,-0.2254186,79.23447,50.74886,302.2685,True,23,6,0
168.9796,0.0177814,0.02292012,-0.2254599,79.21697,50.73196,302.2557,True,23,6,0
168.9837,0.01770524,0.02290075,-0.2254426,79.22293,50.34366,301.8626,True,23,6,0
168.9876,0.01778094,0.0228906,-0.225492,79.20679,50.31327,301.8359,True,23,6,0
168.9912,0.0176631,0.02288431,-0.2253682,79.21179,49.75384,301.2558,True,23,6,0
168.9946,0.01772145,0.02287862,-0.2254038,79.20029,49.71571,301.2196,True,23,6,0
168.9974,0.01777824,0.02287304,-0.2254386,79.1891,49.67864,301.1845,True,23,6,0
169.0018,0.01762805,0.0228399,-0.2254541,79.22092,49.34819,300.8539,True,23,6,0
169.0101,0.01769128,0.02287553,-0.225471,79.19432,49.08686,300.5369,True,23,6,0
169.0138,0.01775566,0.02287655,-0.2255122,79.18035,49.01701,300.467,True,23,6,0
169.0183,0.01787633,0.0228793,-0.2255902,79.13667,49.12004,300.5716,True,23,6,0
169.0215,0.01791881,0.02287845,-0.2256251,79.12489,49.07205,300.5237,True,23,6,0
169.0248,0.01791177,0.02286769,-0.2255672,79.07173,48.89455,300.3663,True,23,6,0
169.0288,0.01794323,0.02286229,-0.2256068,79.05751,48.83867,300.3112,True,23,6,0
169.0325,0.01786207,0.02282798,-0.2254668,79.00861,48.38562,299.8515,True,23,6,0
169.0358,0.01788703,0.02281412,-0.2255136,78.99178,48.31116,299.7776,True,23,6,0
169.0407,0.01781954,0.0228062,-0.2255799,78.97648,48.11397,299.5849,True,23,6,0
169.0441,0.01783528,0.0227942,-0.2256357,78.95978,48.03596,299.5076,True,23,6,0
169.0488,0.01783948,0.02280064,-0.2256741,78.9379,47.96261,299.439,True,23,6,0
169.0523,0.01785054,0.02279252,-0.225723,78.92133,47.88715,299.3644,True,23,6,0
169.0563,0.01786317,0.02278329,-0.2257788,78.9024,47.80132,299.2795,True,23,6,0
169.0608,0.01798601,0.02281833,-0.2258482,78.86417,47.93851,299.4187,True,23,6,0
169.0656,0.01792659,0.02279128,-0.2260134,78.87251,48.04887,299.5699,True,23,6,0
169.0696,0.01792309,0.02278653,-0.2260599,78.85403,47.98088,299.5047,True,23,6,0
169.0739,0.01803892,0.02277818,-0.2262217,78.82358,48.20309,299.8088,True,23,6,0
169.0772,0.01803544,0.02277221,-0.2262679,78.80714,48.15521,299.7663,True,23,6,0
169.0813,0.01803179,0.02276601,-0.2263162,78.78999,48.10522,299.7219,True,23,6,0
169.0851,0.01812322,0.02277902,-0.2264214,78.73894,48.1696,299.8746,True,23,6,0
169.0896,0.01811683,0.02277137,-0.2265002,78.71514,48.11069,299.8269,True,23,6,0
169.0937,0.01816643,0.0227724,-0.2264893,78.6842,48.04753,299.7856,True,23,6,0
169.0968,0.01816684,0.02276754,-0.2265341,78.66912,48.01085,299.7563,True,23,6,0
169.0999,0.01831231,0.02283722,-0.226402,78.59734,47.86877,299.5991,True,23,6,0
169.1047,0.01832858,0.02283998,-0.2264567,78.57288,47.81176,299.5516,True,23,6,0
169.1086,0.01848002,0.02285552,-0.2262879,78.49033,47.60267,299.2823,True,23,6,0
169.1125,0.01851117,0.02285458,-0.2263316,78.46385,47.54168,299.2276,True,23,6,0
169.1162,0.01856224,0.02286115,-0.2263213,78.42452,47.38782,299.0441,True,23,6,0
169.1201,0.01859602,0.02285975,-0.2263679,78.39974,47.32899,298.9896,True,23,6,0
169.1241,0.01868977,0.02286355,-0.2265261,78.34847,47.38568,299.1313,True,23,6,0
169.1286,0.01871741,0.02286105,-0.22659,78.32304,47.33298,299.0862,True,23,6,0
169.1323,0.01884029,0.02287307,-0.2265471,78.23188,47.37958,299.192,True,23,6,0
169.1366,0.01885866,0.02286546,-0.226618,78.19834,47.32196,299.146,True,23,6,0
169.1409,0.01904065,0.02285846,-0.22673,78.12173,47.52596,299.3793,True,23,6,0
169.1444,0.01905262,0.02284768,-0.2267938,78.09277,47.48912,299.3527,True,23,6,0
169.1491,0.01924199,0.02288762,-0.2270562,78.04818,47.78829,299.6753,True,23,6,0
169.1534,0.01926209,0.02288499,-0.2271443,78.01473,47.76133,299.6604,True,23,6,0
169.1579,0.0194966,0.02292439,-0.227387,77.94159,48.09797,300.0738,True,23,6,0
169.1669,0.01948634,0.02294932,-0.2273238,77.79767,48.03463,300.1021,True,23,6,0
169.1719,0.01947361,0.02294825,-0.2274039,77.7559,48.01975,300.1066,True,23,6,0
169.1759,0.01934879,0.02294745,-0.2272042,77.70578,47.85647,299.9229,True,23,6,0
169.179,0.0193262,0.0229457,-0.227235,77.67476,47.84059,299.9198,True,23,6,0
169.1828,0.01925042,0.02293807,-0.2272744,77.67869,47.80299,299.8117,True,23,6,0
169.1863,0.01922923,0.02293836,-0.2273011,77.64725,47.78593,299.8053,True,23,6,0
169.1898,0.0192543,0.02294287,-0.2272955,77.63766,47.75151,299.725,True,23,6,0
169.1934,0.01925078,0.02294572,-0.2273088,77.61131,47.73651,299.7173,True,23,6,0
169.1969,0.01924674,0.02294904,-0.227324,77.58132,47.71952,299.7087,True,23,6,0
169.2006,0.01932997,0.02294837,-0.2273732,77.56517,47.82228,299.8262,True,23,6,0
169.2051,0.01933834,0.02295309,-0.2273828,77.53114,47.80715,299.821,True,23,6,0
169.2091,0.01919596,0.02295722,-0.2274248,77.5629,47.55336,299.6555,True,23,6,0
169.2122,0.01921121,0.02296624,-0.2274363,77.53781,47.53354,299.6463,True,23,6,0
169.216,0.01908691,0.02297084,-0.2273683,77.54687,47.29011,299.4733,True,23,6,0
169.2205,0.01910876,0.0229858,-0.2273729,77.51568,47.25444,299.4543,True,23,6,0
169.224,0.01897565,0.02297643,-0.227355,77.53264,47.08963,299.3452,True,23,6,0
169.2279,0.01898954,0.02298862,-0.2273514,77.50971,47.0569,299.3271,True,23,6,0
169.2311,0.01900285,0.02300033,-0.227348,77.48773,47.02564,299.3098,True,23,6,0
169.2344,0.01892387,0.02298637,-0.2273333,77.50037,46.94661,299.2491,True,23,6,0
169.238,0.01893587,0.02299756,-0.2273214,77.47878,46.91228,299.2295,True,23,6,0
169.2426,0.01889893,0.02298425,-0.2272915,77.45329,46.84862,299.1479,True,23,6,0
169.2466,0.01890676,0.02299386,-0.2272732,77.42497,46.80289,299.1198,True,23,6,0
169.2511,0.01887503,0.02299018,-0.2272869,77.42043,46.81229,299.1093,True,23,6,0
169.2546,0.01887818,0.02299768,-0.2272686,77.39902,46.77846,299.0879,True,23,6,0
169.2584,0.01888499,0.02302264,-0.227223,77.37242,46.78457,299.0959,True,23,6,0
169.2628,0.01888559,0.02303424,-0.2271944,77.34756,46.74755,299.0727,True,23,6,0
169.2718,0.01885943,0.02304363,-0.2271975,77.3177,46.73848,299.0773,True,23,6,0
169.2765,0.019084,0.02302288,-0.2273212,77.28411,47.11452,299.4557,True,23,6,0
169.2801,0.01908973,0.02302659,-0.2272961,77.26216,47.09822,299.451,True,23,6,0
169.284,0.01919178,0.02301745,-0.2273969,77.25582,47.29702,299.62,True,23,6,0
169.2883,0.01920843,0.02302119,-0.227369,77.22945,47.28843,299.6235,True,23,6,0
169.2932,0.0192465,0.02302282,-0.2274324,77.23557,47.3798,299.6946,True,23,6,0
169.2964,0.01926048,0.02302699,-0.2274131,77.21941,47.37445,299.6967,True,23,6,0
169.2998,0.01923939,0.02301709,-0.2274191,77.21577,47.43061,299.6607,True,23,6,0
169.3048,0.01925257,0.02302189,-0.2273861,77.19302,47.42593,299.6618,True,23,6,0
169.3094,0.01924603,0.02301726,-0.2274222,77.1965,47.46677,299.6569,True,23,6,0
169.3129,0.01925578,0.02302139,-0.227398,77.18011,47.46347,299.6578,True,23,6,0
169.3245,0.01905109,0.02298447,-0.2273887,77.17675,47.37162,299.4216,True,23,6,0
169.3282,0.01904608,0.02298561,-0.227371,77.16433,47.36673,299.4158,True,23,6,0
169.3311,0.01904139,0.02298668,-0.2273545,77.15269,47.3622,299.4104,True,23,6,0
169.3344,0.01905779,0.02299401,-0.2274397,77.15456,47.41613,299.4264,True,23,6,0
169.3395,0.01905617,0.02299887,-0.2274244,77.13669,47.41174,299.4188,True,23,6,0
169.343,0.01915115,0.02299462,-0.2276067,77.1234,47.54914,299.6089,True,23,6,0
169.346,0.0191556,0.02299681,-0.2276162,77.11063,47.55035,299.6096,True,23,6,0
169.3505,0.01916385,0.02301414,-0.2276665,77.08708,47.54436,299.6596,True,23,6,0
169.363,0.01903076,0.02295974,-0.2278853,77.0919,47.6202,299.8128,True,23,6,0
169.3699,0.01924436,0.02301316,-0.2278696,77.00667,47.7781,299.9646,True,23,6,0
169.3746,0.01941159,0.02304614,-0.2278228,76.9323,47.82744,299.9738,True,23,6,0
169.3783,0.01941808,0.02304681,-0.2278508,76.91457,47.83809,299.9867,True,23,6,0
169.3826,0.01950763,0.02306165,-0.2278647,76.88132,47.85869,299.978,True,23,6,0
169.3862,0.0195217,0.02306302,-0.2278914,76.8651,47.86845,299.9885,True,23,6,0
169.39,0.01958834,0.02307251,-0.2279142,76.85112,47.89949,299.9957,True,23,6,0
169.3946,0.01961464,0.02307619,-0.22794,76.83291,47.91133,300.0073,True,23,6,0
169.398,0.01970862,0.02306457,-0.2280084,76.82989,48.03456,300.0688,True,23,6,0
169.402,0.01974855,0.02306673,-0.2280315,76.81038,48.05211,300.0836,True,23,6,0
169.4068,0.01978473,0.02306871,-0.2280523,76.79277,48.06804,300.0969,True,23,6,0
169.411,0.01954981,0.02307692,-0.2280366,76.85818,47.70152,299.6841,True,23,6,0
169.4158,0.01970302,0.02305327,-0.2280565,76.83353,47.68428,299.5906,True,23,6,0
169.4194,0.01975574,0.02305567,-0.2280774,76.82096,47.6847,299.5847,True,23,6,0
169.4232,0.01958782,0.02305919,-0.2280123,76.85098,47.30611,299.1478,True,23,6,0
169.4286,0.01965923,0.02306877,-0.2280402,76.83661,47.28828,299.1191,True,23,6,0
169.4326,0.01952484,0.02303495,-0.2280697,76.88158,47.10477,298.8972,True,23,6,0
169.436,0.01957748,0.02304101,-0.2280884,76.8725,47.08446,298.8673,True,23,6,0
169.4407,0.01953385,0.0230103,-0.2281848,76.90768,47.00399,298.775,True,23,6,0
169.4442,0.01959213,0.02301511,-0.228208,76.89935,46.9855,298.7477,True,23,6,0
169.4493,0.01962152,0.02299166,-0.2282949,76.92944,46.94362,298.7104,True,23,6,0
169.4537,0.01970343,0.02299684,-0.2283214,76.92046,46.9237,298.681,True,23,6,0
169.4583,0.02005588,0.02305363,-0.2285245,76.93058,47.08339,298.881,True,23,6,0
169.4643,0.02021321,0.02307566,-0.2285728,76.92078,47.06877,298.8576,True,23,6,0
169.4681,0.02052966,0.0230955,-0.2287218,76.90878,47.3423,299.1121,True,23,6,0
169.473,0.02067497,0.02311377,-0.2287618,76.90058,47.34287,299.1049,True,23,6,0
169.4783,0.02079634,0.02309968,-0.2290533,76.97367,47.44238,299.1939,True,23,6,0
169.4835,0.02081573,0.02305068,-0.2292333,77.03022,47.49378,299.2076,True,23,6,0
169.4877,0.02094465,0.02306235,-0.2292784,77.02837,47.4996,299.2056,True,23,6,0
169.492,0.02120408,0.02304898,-0.2294039,77.03001,47.67785,299.2632,True,23,6,0
169.4961,0.02133111,0.02305557,-0.2294445,77.02851,47.68984,299.2636,True,23,6,0
169.4997,0.02154492,0.02299553,-0.229779,77.09718,47.96615,299.4768,True,23,6,0
169.5032,0.02167097,0.02299723,-0.2298237,77.09831,47.98581,299.4847,True,23,6,0
169.5088,0.02172912,0.02293929,-0.2300149,77.19028,47.79465,299.2985,True,23,6,0
169.5128,0.02192109,0.02293988,-0.230088,77.1958,47.81173,299.3005,True,23,6,0
169.5168,0.02179781,0.02287918,-0.2301787,77.25826,47.66786,299.1422,True,23,6,0
169.52,0.02191607,0.02287582,-0.2302292,77.26377,47.67495,299.1389,True,23,6,0
169.5232,0.02205582,0.02286875,-0.2302628,77.26048,47.70374,299.0532,True,23,6,0
169.5272,0.02218787,0.02286334,-0.2303181,77.26651,47.71272,299.0464,True,23,6,0
169.5328,0.02253848,0.02290781,-0.230301,77.24232,47.64031,298.9061,True,23,6,0
169.5367,0.02268041,0.02290805,-0.2303516,77.2468,47.64569,298.8948,True,23,6,0
169.5413,0.02307125,0.02303873,-0.2304731,77.21548,47.78607,299.0522,True,23,6,0
169.5446,0.02323408,0.02305736,-0.2305377,77.21992,47.79142,299.0413,True,23,6,0
169.5481,0.02337228,0.02307318,-0.2305926,77.22366,47.79591,299.032,True,23,6,0
169.5512,0.0233795,0.02302271,-0.2305411,77.19828,47.61065,298.8386,True,23,6,0
169.554,0.02349324,0.02302687,-0.2305945,77.20084,47.60876,298.824,True,23,6,0
169.5576,0.02371369,0.02302854,-0.2305583,77.15385,47.58388,298.6934,True,23,6,0
169.5628,0.02389077,0.02302796,-0.2306408,77.15556,47.57988,298.665,True,23,6,0
169.5664,0.02406995,0.02305767,-0.2306179,77.17078,47.3763,298.4293,True,23,6,0
169.5704,0.02423068,0.02306364,-0.2306774,77.1726,47.36606,298.3997,True,23,6,0
169.5742,0.02421769,0.02298781,-0.2308198,77.23548,47.31808,298.2691,True,23,6,0
169.5772,0.02435905,0.02298588,-0.2308736,77.23921,47.30729,298.2384,True,23,6,0
169.5857,0.02444911,0.02290614,-0.2310427,77.29523,47.25861,298.1278,True,23,6,0
169.5901,0.02469655,0.02295983,-0.2309603,77.23863,47.23463,297.9965,True,23,6,0
169.5947,0.02483549,0.02295493,-0.2310138,77.24248,47.22011,297.9539,True,23,6,0
169.5978,0.02494303,0.02295116,-0.2310553,77.24538,47.2089,297.9209,True,23,6,0
169.6016,0.02537973,0.02301489,-0.2312208,77.22788,47.52102,298.2414,True,23,6,0
169.6055,0.02551773,0.02301919,-0.2312681,77.23035,47.51954,298.2175,True,23,6,0
169.6086,0.02590648,0.0230597,-0.2313939,77.20927,47.76406,298.5055,True,23,6,0
169.6124,0.02609219,0.02306911,-0.2314527,77.21137,47.7705,298.4882,True,23,6,0
169.616,0.026174,0.02305125,-0.2315247,77.21582,47.85748,298.5892,True,23,6,0
169.6192,0.02630127,0.02305506,-0.2315653,77.21729,47.86195,298.5772,True,23,6,0
169.6222,0.02643844,0.02305917,-0.2316092,77.21883,47.86678,298.5644,True,23,6,0
169.626,0.0263606,0.02299808,-0.2316549,77.2438,47.821,298.4757,True,23,6,0
169.6292,0.02647132,0.0229945,-0.231695,77.24606,47.82401,298.4609,True,23,6,0
169.6332,0.02618826,0.02300932,-0.2314634,77.31104,47.15284,297.6788,True,23,6,0
169.6381,0.02632915,0.02301581,-0.2314965,77.31705,47.12475,297.622,True,23,6,0
169.6422,0.0264099,0.02302934,-0.2314718,77.35399,46.96499,297.3681,True,23,6,0
169.6467,0.0265635,0.02304108,-0.2314942,77.36148,46.93016,297.3012,True,23,6,0
169.6511,0.02652543,0.02298418,-0.2314649,77.39398,46.69223,297.0792,True,23,6,0
169.6547,0.0266379,0.02298513,-0.231481,77.40066,46.65771,297.0215,True,23,6,0
169.6579,0.02666051,0.02295823,-0.2314393,77.40178,46.53788,296.9038,True,23,6,0
169.6615,0.02675412,0.02295451,-0.2314525,77.40761,46.50459,296.8504,True,23,6,0
169.6649,0.02686488,0.02295014,-0.2314683,77.41447,46.4651,296.7871,True,23,6,0
169.6693,0.02705608,0.02298422,-0.2311592,77.37045,46.20211,296.4234,True,23,6,0
169.6739,0.02736076,0.02300388,-0.2312834,77.40144,46.44736,296.6299,True,23,6,0
169.6777,0.02751788,0.02300881,-0.2312667,77.40797,46.40676,296.5589,True,23,6,0
169.6817,0.02772311,0.02301146,-0.2314114,77.45168,46.60835,296.6979,True,23,6,0
169.6849,0.02784399,0.02301826,-0.2313982,77.45745,46.58658,296.6534,True,23,6,0
169.688,0.02796799,0.02302524,-0.2313847,77.46337,46.56422,296.6079,True,23,6,0
169.6914,0.02808773,0.02303971,-0.2313441,77.47861,46.52704,296.4509,True,23,6,0
169.696,0.02825891,0.02305169,-0.2313185,77.48717,46.49535,296.3828,True,23,6,0
169.7004,0.02824982,0.02300937,-0.2313662,77.52112,46.54932,296.3652,True,23,6,0
169.704,0.02834971,0.02301233,-0.2313469,77.52807,46.52887,296.3172,True,23,6,0
169.7076,0.02856288,0.02297661,-0.2314789,77.49449,46.9227,296.7272,True,23,6,0
169.711,0.02864848,0.02296929,-0.2314666,77.50072,46.91455,296.6907,True,23,6,0
169.7151,0.02885264,0.02296591,-0.2315084,77.4609,47.15192,296.9576,True,23,6,0
169.7182,0.02891529,0.02295642,-0.2315031,77.46472,47.15323,296.9368,True,23,6,0
169.7213,0.02897963,0.02294669,-0.2314978,77.46858,47.15459,296.9153,True,23,6,0
169.7247,0.02936889,0.02294728,-0.2316192,77.39223,47.67768,297.4383,True,23,6,0
169.7293,0.02945031,0.02292749,-0.2316219,77.39395,47.70287,297.4333,True,23,6,0
169.7328,0.0299048,0.0229865,-0.2318442,77.33296,48.26894,298.0114,True,23,6,0
169.7364,0.02997775,0.0229775,-0.2318614,77.33206,48.30731,298.0276,True,23,6,0
169.7399,0.03005455,0.02296805,-0.2318797,77.33115,48.34766,298.0447,True,23,6,0
169.7435,0.03033413,0.02301434,-0.2319666,77.28003,48.63566,298.3419,True,23,6,0
169.7476,0.03043639,0.02300741,-0.2319993,77.2766,48.69806,298.3757,True,23,6,0
169.7516,0.03067691,0.02307391,-0.2320525,77.27167,48.66819,298.3394,True,23,6,0
169.7547,0.03077125,0.02307846,-0.2320837,77.26956,48.70718,298.3605,True,23,6,0
169.7582,0.03079081,0.02305602,-0.2320281,77.27436,48.51441,298.1207,True,23,6,0
169.7623,0.03090277,0.02305731,-0.232064,77.27215,48.55093,298.1351,True,23,6,0
169.7658,0.03077441,0.02304804,-0.2319256,77.28706,48.25079,297.7722,True,23,6,0
169.7689,0.03087894,0.02304925,-0.2319528,77.28541,48.27591,297.7723,True,23,6,0
169.7732,0.03097293,0.02305032,-0.2319774,77.28404,48.29848,297.7724,True,23,6,0
169.7768,0.03094753,0.02302548,-0.231974,77.31166,48.25974,297.6858,True,23,6,0
169.7805,0.0310502,0.02302502,-0.2319941,77.31118,48.28377,297.6823,True,23,6,0
169.7855,0.03106613,0.02299693,-0.232034,77.325,48.30115,297.6389,True,23,6,0
169.7894,0.03126535,0.02302219,-0.2320546,77.28232,48.46592,297.7578,True,23,6,0
169.7934,0.03133713,0.02301966,-0.2320735,77.28088,48.49048,297.7579,True,23,6,0
169.7975,0.0314211,0.02301668,-0.2320956,77.27927,48.51916,297.7579,True,23,6,0
169.8012,0.03175083,0.02307582,-0.2321791,77.22507,48.76533,297.9857,True,23,6,0
169.8046,0.0318232,0.02307789,-0.2322035,77.22223,48.79315,297.9924,True,23,6,0
169.808,0.03217147,0.02315091,-0.2320355,77.10387,48.85389,297.9922,True,23,6,0
169.8116,0.03226941,0.02315435,-0.2320632,77.0957,48.88969,297.9999,True,23,6,0
169.8158,0.03246168,0.02319822,-0.2319453,77.01114,48.93031,298.0035,True,23,6,0
169.8199,0.03255222,0.02320103,-0.2319697,76.99947,48.96701,298.011,True,23,6,0
169.8236,0.03269311,0.02322903,-0.2318309,76.90776,48.9378,297.954,True,23,6,0
169.8274,0.03275575,0.02322781,-0.2318512,76.89526,48.96582,297.9577,True,23,6,0
169.8312,0.0328298,0.02322637,-0.2318752,76.88047,48.99895,297.9621,True,23,6,0
169.842,0.03273903,0.02317464,-0.2317614,76.77974,48.85685,297.76,True,23,6,0
169.8453,0.03275828,0.02316314,-0.2317862,76.76743,48.87711,297.7581,True,23,6,0
169.85,0.0329161,0.02319612,-0.2317828,76.70024,48.96017,297.865,True,23,6,0
169.8533,0.0329379,0.02318735,-0.2318112,76.68599,48.98244,297.8665,True,23,6,0
169.8567,0.03308978,0.02319543,-0.2318323,76.65408,49.10382,297.9777,True,23,6,0
169.8604,0.03311968,0.02318841,-0.2318549,76.63995,49.12799,297.9825,True,23,6,0
169.8636,0.0331515,0.02318095,-0.2318791,76.62492,49.15376,297.9875,True,23,6,0
169.8679,0.03363303,0.02323195,-0.2318986,76.53551,49.52095,298.3237,True,23,6,0
169.8734,0.03391756,0.02326937,-0.2318621,76.48208,49.74818,298.5207,True,23,6,0
169.8766,0.03398514,0.02326967,-0.2318626,76.46449,49.78838,298.5411,True,23,6,0
169.8801,0.03406979,0.02327004,-0.2318632,76.44243,49.83855,298.5665,True,23,6,0
169.8855,0.03427571,0.02332085,-0.2317224,76.39867,49.99161,298.6888,True,23,6,0
169.889,0.03436455,0.02332784,-0.2316971,76.37639,50.04378,298.7166,True,23,6,0
169.8937,0.03450535,0.02335052,-0.2315318,76.38253,49.98565,298.6141,True,23,6,0
169.8978,0.03462145,0.02336328,-0.2314831,76.36105,50.03453,298.6378,True,23,6,0
169.9031,0.03500433,0.0234136,-0.2312951,76.314,50.11712,298.6829,True,23,6,0
169.9084,0.03520332,0.02343225,-0.2311837,76.28939,50.12309,298.656,True,23,6,0
169.9124,0.03536435,0.0234492,-0.2311141,76.26677,50.17153,298.6785,True,23,6,0
169.9171,0.03534691,0.02340822,-0.2313607,76.3572,50.31243,298.8096,True,23,6,0
169.9203,0.03546754,0.02342236,-0.2313225,76.34398,50.35182,298.8301,True,23,6,0
169.9234,0.0354684,0.02339853,-0.2311082,76.35257,50.04063,298.4655,True,23,6,0
169.9276,0.03562096,0.02341051,-0.2310555,76.33792,50.07376,298.4751,True,23,6,0
169.9319,0.03564011,0.0234074,-0.2308742,76.3298,49.91423,298.2957,True,23,6,0
169.9355,0.03578988,0.02341773,-0.2308106,76.31483,49.94136,298.2983,True,23,6,0
169.9403,0.03576199,0.02343176,-0.2306153,76.31747,49.73468,298.0333,True,23,6,0
169.9461,0.0359739,0.02345189,-0.2305045,76.29578,49.76194,298.0213,True,23,6,0
169.9505,0.03607193,0.02347603,-0.2302882,76.26346,49.71317,297.9074,True,23,6,0
169.954,0.03618567,0.02348754,-0.2302115,76.25043,49.72646,297.8969,True,23,6,0
169.9591,0.03626189,0.02347709,-0.2299522,76.2356,49.57862,297.7799,True,23,6,0
169.9633,0.03638563,0.02348474,-0.2298592,76.22236,49.59224,297.7692,True,23,6,0
169.9681,0.03648153,0.02348004,-0.2297051,76.23814,49.57542,297.7356,True,23,6,0
169.9723,0.03660667,0.02348848,-0.2296008,76.22635,49.5876,297.7242,True,23,6,0
169.9775,0.03687714,0.02353986,-0.2296792,76.25028,49.66854,297.6874,True,23,6,0
169.9827,0.03694405,0.02352753,-0.2298073,76.32762,49.59105,297.5784,True,23,6,0
169.9868,0.03712358,0.02355164,-0.2297437,76.32045,49.60302,297.5616,True,23,6,0
169.9922,0.0371859,0.02355786,-0.2296417,76.34574,49.41337,297.3462,True,23,6,0
169.9963,0.03734016,0.02357838,-0.2295894,76.34067,49.41706,297.3253,True,23,6,0
169.9997,0.03724392,0.02350545,-0.2295529,76.40495,49.16971,297.0402,True,23,6,0
170.0035,0.03738835,0.02351657,-0.2295059,76.40271,49.16386,297.0103,True,23,6,0
170.0078,0.03743586,0.02352831,-0.2296029,76.4874,49.07793,296.8638,True,23,6,0
170.0114,0.03761012,0.02355032,-0.2295595,76.4886,49.06802,296.8257,True,23,6,0
170.0157,0.03748736,0.0235287,-0.2295896,76.56287,48.81226,296.6088,True,23,6,0
170.0191,0.03762574,0.0235476,-0.2295635,76.56605,48.79638,296.5717,True,23,6,0
170.0228,0.03763649,0.02357277,-0.2294668,76.56718,48.58192,296.3224,True,23,6,0
170.0269,0.03776892,0.02359301,-0.2294445,76.57049,48.55788,296.2753,True,23,6,0
170.0302,0.03788999,0.02361152,-0.2294242,76.57351,48.5359,296.2323,True,23,6,0
170.0332,0.0381063,0.02367561,-0.2292916,76.50187,48.44011,296.1812,True,23,6,0
170.0379,0.03826508,0.02370024,-0.229275,76.50295,48.40825,296.124,True,23,6,0
170.0471,0.03866296,0.02384964,-0.2292548,76.49525,48.16302,295.7982,True,23,6,0
170.0516,0.03872148,0.02388152,-0.2290696,76.45258,47.92477,295.5327,True,23,6,0
170.0547,0.03882917,0.02390461,-0.229067,76.45171,47.89192,295.4817,True,23,6,0
170.0592,0.0390665,0.02400494,-0.2290504,76.41373,47.85866,295.4087,True,23,6,0
170.0633,0.03920025,0.02404085,-0.2290543,76.41131,47.81857,295.3455,True,23,6,0
170.0667,0.0394008,0.02411729,-0.2290054,76.3899,47.78867,295.2664,True,23,6,0
170.071,0.03954441,0.02415967,-0.2290051,76.38656,47.74786,295.2007,True,23,6,0
170.0746,0.03928903,0.02420513,-0.2288401,76.44648,47.20516,294.5981,True,23,6,0
170.0775,0.03939921,0.02424762,-0.2288328,76.44577,47.15338,294.5242,True,23,6,0
170.0814,0.03952194,0.02429493,-0.2288247,76.44494,47.09568,294.4419,True,23,6,0
170.0855,0.03947674,0.02437657,-0.228637,76.43127,46.60447,293.8224,True,23,6,0
170.0887,0.03959033,0.0244254,-0.2286332,76.42985,46.53405,293.7249,True,23,6,0
170.0922,0.03960488,0.02446206,-0.228689,76.48006,46.22889,293.4851,True,23,6,0
170.0951,0.03971082,0.02450481,-0.2286959,76.48032,46.16492,293.4017,True,23,6,0
170.0985,0.04009433,0.02474575,-0.2285818,76.39789,45.94362,293.1308,True,23,6,0
170.1035,0.04032601,0.02485774,-0.228616,76.39358,45.82104,292.9718,True,23,6,0
170.1082,0.04018166,0.0250598,-0.2285796,76.45491,45.13189,292.3094,True,23,6,0
170.1125,0.04041213,0.02520283,-0.2286303,76.45367,44.9831,292.1284,True,23,6,0
170.1167,0.04023514,0.02531037,-0.2285442,76.49343,44.2766,291.4639,True,23,6,0
170.1196,0.04036534,0.02539636,-0.228581,76.49356,44.1739,291.3447,True,23,6,0
170.1227,0.04052223,0.02550007,-0.2286256,76.49368,44.05009,291.201,True,23,6,0
170.1261,0.04090921,0.02586313,-0.22853,76.36545,43.74384,290.8682,True,23,6,0
170.1305,0.04113983,0.02604006,-0.2286245,76.35933,43.5722,290.6698,True,23,6,0
170.1345,0.04151075,0.02631383,-0.2287011,76.27538,43.5254,290.6613,True,23,6,0
170.1385,0.04169144,0.02646537,-0.2287895,76.26737,43.39329,290.5102,True,23,6,0
170.1426,0.04169859,0.02664606,-0.2289484,76.27673,43.18344,290.3611,True,23,6,0
170.1465,0.04187378,0.02681737,-0.2290555,76.26842,43.03592,290.1958,True,23,6,0
170.1519,0.04178321,0.02715698,-0.2286682,76.14243,42.19178,289.3216,True,23,6,0
170.1548,0.04188696,0.02729186,-0.2287424,76.13229,42.06429,289.1807,True,23,6,0
170.1582,0.04174802,0.02746272,-0.2285281,76.08199,41.60548,288.6786,True,23,6,0
170.1631,0.04186788,0.02766751,-0.228619,76.064,41.39622,288.4475,True,23,6,0
170.1674,0.04183098,0.0279687,-0.2285675,76.03319,40.74333,287.7859,True,23,6,0
170.1721,0.04194971,0.02818035,-0.2286644,76.01482,40.52681,287.5493,True,23,6,0
170.1756,0.04212896,0.02841479,-0.2285918,75.94127,40.21819,287.1788,True,23,6,0
170.1798,0.04226387,0.02864107,-0.2286959,75.91885,39.99005,286.9277,True,23,6,0
170.1836,0.04194916,0.0287459,-0.228344,75.88495,39.29087,286.2134,True,23,6,0
170.1867,0.04201614,0.02889375,-0.2283894,75.86812,39.11561,286.0221,True,23,6,0
170.1901,0.04214307,0.0290847,-0.2282213,75.79979,38.83358,285.6428,True,23,6,0
170.1946,0.04223115,0.02927278,-0.22826,75.77541,38.60659,285.3918,True,23,6,0
170.2052,0.0426938,0.02979036,-0.2282819,75.68011,38.02244,284.847,True,23,6,0
170.2096,0.04255577,0.02980274,-0.2282437,75.72408,37.6236,284.4367,True,23,6,0
170.2126,0.04264369,0.02994116,-0.2282515,75.70423,37.43161,284.2285,True,23,6,0
170.2172,0.04264918,0.03004479,-0.2279735,75.64809,37.10704,283.8734,True,23,6,0
170.2209,0.04272529,0.03017874,-0.2279492,75.62506,36.89964,283.6482,True,23,6,0
170.2245,0.04297423,0.0303821,-0.2281557,75.65524,36.72721,283.4252,True,23,6,0
170.2284,0.04307786,0.03051819,-0.2281493,75.63585,36.5416,283.2224,True,23,6,0
170.2318,0.04318556,0.03065975,-0.2281425,75.61552,36.34933,283.0123,True,23,6,0
170.2364,0.04287707,0.03068799,-0.2283064,75.71517,35.74664,282.4075,True,23,6,0
170.2408,0.04268217,0.03069541,-0.2282913,75.75079,35.40685,282.0552,True,23,6,0
170.2441,0.04274744,0.03080882,-0.2282759,75.7357,35.19623,281.8275,True,23,6,0
170.2474,0.04280738,0.03091311,-0.2282618,75.72172,35.00336,281.619,True,23,6,0
170.2516,0.04257838,0.03099047,-0.2280323,75.72652,34.46937,281.013,True,23,6,0
170.2554,0.04263292,0.03111775,-0.2279861,75.70856,34.21037,280.7316,True,23,6,0
170.2589,0.04241587,0.03129753,-0.2276808,75.67014,33.59982,280.1782,True,23,6,0
170.2641,0.04246815,0.03147753,-0.2276045,75.64463,33.24964,279.8036,True,23,6,0
170.2686,0.04282088,0.03173845,-0.2277898,75.60991,33.293,279.789,True,23,6,0
170.2734,0.04294404,0.03187081,-0.2278339,75.5789,33.22638,279.7097,True,23,6,0
170.2783,0.04299843,0.03205253,-0.2277982,75.55263,32.92218,279.3806,True,23,6,0
170.283,0.04273846,0.03219703,-0.2277672,75.58501,32.27716,278.8106,True,23,6,0
170.2865,0.04277404,0.03233646,-0.2277434,75.56692,32.03767,278.5565,True,23,6,0
170.2926,0.04281883,0.03266433,-0.2274355,75.45039,31.50182,277.9891,True,23,6,0
170.2965,0.04284621,0.03280519,-0.2274071,75.42926,31.27198,277.7451,True,23,6,0
170.3008,0.04320763,0.03299965,-0.2277465,75.4381,31.45089,277.8509,True,23,6,0
170.3046,0.04325062,0.03313865,-0.2277405,75.41915,31.24998,277.6344,True,23,6,0
170.3085,0.04366802,0.03356051,-0.2272124,75.21322,30.89674,277.1401,True,23,6,0
170.3127,0.04376927,0.03378022,-0.2271847,75.17775,30.62363,276.84,True,23,6,0
170.3177,0.04399589,0.03397539,-0.2269846,75.09886,30.42298,276.6382,True,23,6,0
170.3214,0.04408231,0.03414212,-0.2269467,75.06874,30.21183,276.4067,True,23,6,0
170.3246,0.0440847,0.03425597,-0.2271292,75.12297,30.01649,276.2788,True,23,6,0
170.3282,0.04416544,0.03440693,-0.2271012,75.09854,29.8284,276.0754,True,23,6,0
170.3314,0.04424778,0.03456093,-0.2270725,75.07346,29.63738,275.8687,True,23,6,0
170.3434,0.04487493,0.03517397,-0.2270024,74.98457,29.12297,275.1068,True,23,6,0
170.3474,0.0450016,0.03536217,-0.2269607,74.95409,28.90698,274.8651,True,23,6,0
170.3521,0.0446069,0.03550631,-0.2267227,74.94802,28.13006,274.0343,True,23,6,0
170.3556,0.04469702,0.03567891,-0.2266698,74.91916,27.90662,273.7854,True,23,6,0
170.3598,0.04437005,0.03574954,-0.2267917,74.98905,27.4803,273.3578,True,23,6,0
170.3628,0.04441692,0.03588194,-0.2267523,74.96867,27.29695,273.155,True,23,6,0
170.3671,0.04485398,0.03608774,-0.2271768,75.01393,27.50891,273.3341,True,23,6,0
170.3713,0.04494034,0.03626379,-0.2271547,74.99105,27.29615,273.0968,True,23,6,0
170.3747,0.04483426,0.03639488,-0.2271073,74.99955,26.90623,272.6814,True,23,6,0
170.3787,0.0449264,0.03659353,-0.2270763,74.97427,26.65842,272.4056,True,23,6,0
170.3828,0.04532898,0.03675544,-0.2267813,74.8789,26.73913,272.3312,True,23,6,0
170.3859,0.04540648,0.03689256,-0.2267295,74.8577,26.56857,272.1359,True,23,6,0
170.3892,0.04549515,0.03704944,-0.2266702,74.83326,26.37421,271.9132,True,23,6,0
170.3942,0.04560838,0.03715298,-0.2267176,74.86855,26.36252,271.7975,True,23,6,0
170.3976,0.04568381,0.03729492,-0.2266485,74.8474,26.18627,271.592,True,23,6,0
170.4016,0.04575617,0.03734641,-0.2268306,74.93475,26.05031,271.4651,True,23,6,0
170.4076,0.04576876,0.03748511,-0.226894,74.97665,25.74135,271.1707,True,23,6,0
170.4109,0.04584772,0.03761527,-0.2268282,74.96135,25.56607,270.9697,True,23,6,0
170.4143,0.04591799,0.0377311,-0.2267697,74.94765,25.41056,270.7912,True,23,6,0
170.4174,0.04601007,0.03777573,-0.2267385,74.93463,25.39703,270.7625,True,23,6,0
170.421,0.0460824,0.03790042,-0.2266673,74.91837,25.22001,270.5587,True,23,6,0
170.4254,0.04667658,0.0381137,-0.2266055,74.85415,25.30619,270.5647,True,23,6,0
170.4286,0.04676783,0.03821489,-0.2265541,74.83996,25.1771,270.4132,True,23,6,0
170.4316,0.04686447,0.03832203,-0.2264997,74.82482,25.04074,270.2531,True,23,6,0
170.4352,0.04713078,0.03846143,-0.2269032,74.90199,25.21979,270.3914,True,23,6,0
170.4403,0.04708041,0.03871596,-0.2264337,74.78642,24.50964,269.4877,True,23,6,0
170.4436,0.04718785,0.0388393,-0.2263901,74.76974,24.36166,269.3092,True,23,6,0
170.4468,0.04731169,0.0389815,-0.2263401,74.7504,24.19167,269.104,True,23,6,0
170.4515,0.04726987,0.03907125,-0.226204,74.73332,23.84934,268.7192,True,23,6,0
170.4621,0.04755557,0.03936507,-0.2260566,74.69314,23.49661,268.2593,True,23,6,0
170.4671,0.04732647,0.03957358,-0.2258291,74.67823,22.82991,267.474,True,23,6,0
170.4712,0.04740854,0.0397042,-0.2257539,74.65846,22.64449,267.25,True,23,6,0
170.4745,0.04745146,0.03988427,-0.2258269,74.67527,22.39402,267.0033,True,23,6,0
170.4774,0.04753125,0.04001021,-0.2257752,74.65916,22.2327,266.8102,True,23,6,0
170.4806,0.04760165,0.04012141,-0.2257296,74.64484,22.09074,266.6402,True,23,6,0
170.4839,0.04775821,0.04018286,-0.2257943,74.63158,22.13441,266.7461,True,23,6,0
170.4869,0.04782521,0.04029116,-0.2257541,74.61654,21.99177,266.5769,True,23,6,0
170.4913,0.04803765,0.04045178,-0.225873,74.60667,21.94192,266.5443,True,23,6,0
170.4944,0.04810335,0.04055513,-0.2258492,74.59274,21.8122,266.391,True,23,6,0
170.4974,0.04817539,0.04066856,-0.2258232,74.57738,21.67028,266.2232,True,23,6,0
170.5026,0.04846893,0.04095198,-0.2258279,74.50488,21.47744,266.0131,True,23,6,0
170.5061,0.0485553,0.04107523,-0.2258202,74.48763,21.33624,265.8466,True,23,6,0
170.5101,0.0485487,0.04112694,-0.2260755,74.54146,21.32411,265.8617,True,23,6,0
170.5137,0.04863533,0.04127748,-0.2260751,74.52204,21.15015,265.6575,True,23,6,0
170.5182,0.04855044,0.04132746,-0.2261159,74.52972,21.01354,265.5204,True,23,6,0
170.5214,0.04859434,0.04143256,-0.2261119,74.51545,20.88149,265.3661,True,23,6,0
170.5252,0.04824314,0.04159482,-0.2258509,74.47053,20.43402,264.967,True,23,6,0
170.5297,0.048252,0.0417271,-0.2258225,74.45121,20.25956,264.768,True,23,6,0
170.5345,0.04845647,0.04198271,-0.2254789,74.30146,20.2315,264.6894,True,23,6,0
170.5389,0.0484582,0.04211406,-0.2254386,74.27713,20.06783,264.5005,True,23,6,0
170.543,0.0491915,0.04226851,-0.2257557,74.2598,20.74464,265.1005,True,23,6,0
170.5483,0.04924158,0.04246095,-0.225732,74.226,20.56062,264.8776,True,23,6,0
170.5526,0.04984587,0.04282369,-0.2258643,74.16446,20.95976,265.2975,True,23,6,0
170.5577,0.04962382,0.04309177,-0.2256867,74.11373,20.32275,264.6642,True,23,6,0
170.5621,0.04968537,0.04325415,-0.2256832,74.08907,20.20298,264.522,True,23,6,0
170.5662,0.04961967,0.04344086,-0.2253567,74.0198,19.96532,264.1988,True,23,6,0
170.5715,0.04967704,0.04365048,-0.2253038,73.98441,19.80222,264.0027,True,23,6,0
170.5765,0.04966424,0.04375602,-0.2252252,73.97672,19.71292,263.8657,True,23,6,0
170.58,0.04969239,0.04390016,-0.2251683,73.95107,19.59418,263.7217,True,23,6,0
170.5838,0.04995668,0.04409607,-0.2249582,73.87493,19.72778,263.7868,True,23,6,0
170.5874,0.04998899,0.0442372,-0.2248889,73.84862,19.62486,263.6583,True,23,6,0
170.5911,0.04986264,0.04436591,-0.2250365,73.90165,19.36404,263.4028,True,23,6,0
170.5952,0.04989755,0.04451844,-0.2249756,73.87706,19.25187,263.2651,True,23,6,0
170.599,0.04980157,0.0445496,-0.2251431,73.94134,19.11051,263.2371,True,23,6,0
170.6042,0.04984346,0.04475999,-0.2250599,73.9099,18.94353,263.0403,True,23,6,0
170.6091,0.05051241,0.0449575,-0.2252955,73.89816,19.38308,263.4966,True,23,6,0
170.6123,0.05058111,0.0450989,-0.2252641,73.87861,19.29624,263.392,True,23,6,0
170.6161,0.05049852,0.04526466,-0.2250558,73.82731,19.12663,263.1876,True,23,6,0
170.6193,0.05054341,0.04539433,-0.2250151,73.80843,19.04583,263.0902,True,23,6,0
170.6229,0.05059936,0.04555577,-0.2249644,73.78487,18.94555,262.9693,True,23,6,0
170.6276,0.05042771,0.04568891,-0.2247302,73.73152,18.57131,262.5645,True,23,6,0
170.6307,0.0504614,0.04580529,-0.2246846,73.71251,18.48752,262.4647,True,23,6,0
170.634,0.05084009,0.04599392,-0.2247068,73.6785,18.64741,262.5382,True,23,6,0
170.6381,0.05090646,0.04614182,-0.2246587,73.655,18.55622,262.4251,True,23,6,0
170.6415,0.05166942,0.04633152,-0.2244685,73.55892,19.16991,262.9618,True,23,6,0
170.6459,0.05179038,0.04651946,-0.2243779,73.52567,19.08846,262.8497,True,23,6,0
170.6497,0.05213042,0.04679577,-0.224128,73.45713,19.06799,262.7567,True,23,6,0
170.654,0.05228055,0.0469902,-0.2240264,73.42449,18.99581,262.6542,True,23,6,0
170.6663,0.05189047,0.04718202,-0.2242253,73.63361,18.34914,262.1388,True,23,6,0
170.6702,0.05196458,0.04730432,-0.2241404,73.61884,18.28298,262.057,True,23,6,0
170.6733,0.05203676,0.04742329,-0.2240577,73.60441,18.21872,261.9775,True,23,6,0
170.6766,0.05199753,0.0474121,-0.2247215,73.84883,18.02754,261.8893,True,23,6,0
170.6798,0.0521101,0.04756165,-0.2246519,73.84158,17.94538,261.7936,True,23,6,0
170.6837,0.05255919,0.04764965,-0.2248127,73.87284,18.18841,261.9848,True,23,6,0
170.6876,0.0527065,0.04780321,-0.2247511,73.86669,18.11479,261.8954,True,23,6,0
170.6917,0.05246355,0.04798183,-0.2245371,73.86042,17.65115,261.3674,True,23,6,0
170.6955,0.05257365,0.04812314,-0.2244706,73.85468,17.57021,261.2703,True,23,6,0
170.6991,0.05243041,0.04822074,-0.224582,73.91363,17.19751,260.9796,True,23,6,0
170.7033,0.05256358,0.04839343,-0.2245194,73.90932,17.08584,260.8528,True,23,6,0
170.707,0.052668,0.04852886,-0.2244702,73.9059,16.99836,260.7534,True,23,6,0
170.71,0.05222928,0.04849869,-0.2245495,73.99271,16.57117,260.4108,True,23,6,0
170.7193,0.05227755,0.0487389,-0.2244452,74.01814,16.33584,260.1517,True,23,6,0
170.7238,0.05240551,0.04899974,-0.2240974,73.91409,16.2264,259.9622,True,23,6,0
170.7274,0.05245276,0.04912165,-0.2240349,73.91041,16.12712,259.8518,True,23,6,0
170.7307,0.05249508,0.04923081,-0.223979,73.90707,16.03829,259.753,True,23,6,0
170.7343,0.05265213,0.04938784,-0.223785,73.83607,16.12372,259.8194,True,23,6,0
170.7383,0.05268831,0.04950628,-0.2237211,73.82986,16.03163,259.7159,True,23,6,0
170.7427,0.05268016,0.04968634,-0.2235378,73.75826,15.85921,259.5194,True,23,6,0
170.7464,0.05271186,0.04982033,-0.2234749,73.74832,15.75186,259.3986,True,23,6,0
170.7505,0.05316742,0.05000435,-0.2237532,73.76197,16.11349,259.7935,True,23,6,0
170.7534,0.05320384,0.05010401,-0.2237345,73.75603,16.05373,259.726,True,23,6,0
170.757,0.05303039,0.05025493,-0.2239464,73.81165,15.78456,259.5176,True,23,6,0
170.7673,0.0529758,0.05062588,-0.2239095,73.81815,15.50048,259.2318,True,23,6,0
170.7717,0.05299849,0.05077766,-0.2238934,73.81281,15.40732,259.1311,True,23,6,0
170.7753,0.05334706,0.05087414,-0.2240718,73.8588,15.74008,259.4105,True,23,6,0
170.7794,0.05338775,0.05104297,-0.2240521,73.85527,15.65488,259.3148,True,23,6,0
170.7831,0.05357514,0.0511388,-0.2239774,73.83504,15.68083,259.275,True,23,6,0
170.7859,0.05361104,0.05123837,-0.2239602,73.83221,15.63014,259.2159,True,23,6,0
170.789,0.05365832,0.05136952,-0.2239375,73.82847,15.56338,259.138,True,23,6,0
170.7937,0.05381127,0.05150697,-0.224042,73.86005,15.56575,259.0949,True,23,6,0
170.7965,0.05385672,0.05161029,-0.2240279,73.85807,15.51668,259.0366,True,23,6,0
170.7997,0.05386736,0.05177338,-0.2237054,73.77759,15.29345,258.8068,True,23,6,0
170.8032,0.05392118,0.05188785,-0.223676,73.77254,15.23236,258.7354,True,23,6,0
170.8071,0.05398573,0.0520252,-0.2236407,73.76651,15.15911,258.6496,True,23,6,0
170.8105,0.05389278,0.05206493,-0.2237261,73.82526,15.01055,258.5862,True,23,6,0
170.8136,0.05393313,0.05215983,-0.2236983,73.82254,14.95511,258.5244,True,23,6,0
170.8167,0.05386835,0.05216941,-0.2238934,73.90685,14.9929,258.5943,True,23,6,0
170.82,0.05389887,0.05228083,-0.2238584,73.90644,14.92847,258.5234,True,23,6,0
170.8245,0.05403987,0.05247909,-0.2234894,73.806,15.06408,258.5765,True,23,6,0
170.8289,0.05405239,0.05260125,-0.223427,73.80159,14.99982,258.5019,True,23,6,0
170.8327,0.05402648,0.05286078,-0.2232987,73.74239,14.82953,258.3037,True,23,6,0
170.8359,0.05403869,0.05299467,-0.2232542,73.73586,14.7646,258.2282,True,23,6,0
170.8408,0.05390635,0.05320393,-0.2234098,73.78455,14.51047,257.9116,True,23,6,0
170.8444,0.05392102,0.05335805,-0.2233833,73.78001,14.43654,257.8248,True,23,6,0
170.8476,0.05393221,0.05347553,-0.2233632,73.77656,14.38024,257.7587,True,23,6,0
170.8517,0.05400059,0.05357026,-0.2235315,73.80325,14.44606,257.8359,True,23,6,0
170.8551,0.05401186,0.05370869,-0.2235194,73.79937,14.38292,257.7618,True,23,6,0
170.8588,0.05416127,0.05374193,-0.2235231,73.77152,14.54746,257.9403,True,23,6,0
170.8619,0.05416376,0.05384125,-0.2235202,73.76856,14.49955,257.8841,True,23,6,0
170.8645,0.05416591,0.05392733,-0.2235177,73.76604,14.45809,257.8354,True,23,6,0
170.8672,0.05439485,0.05412494,-0.2231936,73.63912,14.63324,258.0258,True,23,6,0
170.873,0.05439802,0.05430739,-0.2231719,73.62693,14.55926,257.938,True,23,6,0
170.8765,0.05453307,0.05450429,-0.2227935,73.50301,14.44705,257.804,True,23,6,0
170.8804,0.05455593,0.05464679,-0.2227619,73.48837,14.38721,257.7328,True,23,6,0
170.8848,0.05427154,0.05480085,-0.2229468,73.57655,13.96241,257.3735,True,23,6,0
170.8885,0.05429573,0.05495411,-0.2229235,73.5667,13.88998,257.2934,True,23,6,0
170.8929,0.05463349,0.05516188,-0.2228199,73.53204,14.07622,257.4484,True,23,6,0
170.896,0.0546685,0.05528466,-0.2227932,73.52383,14.02911,257.3948,True,23,6,0
170.9002,0.05507322,0.0554246,-0.2227752,73.50688,14.31193,257.6394,True,23,6,0
170.9053,0.05514733,0.05560337,-0.2227282,73.49432,14.25498,257.5715,True,23,6,0
170.9097,0.0549162,0.05585873,-0.2223462,73.38928,13.72533,257.0071,True,23,6,0
170.9132,0.05497408,0.05601013,-0.2223016,73.37505,13.66013,256.9319,True,23,6,0
170.9176,0.05506501,0.05614518,-0.2222549,73.34849,13.70996,256.9527,True,23,6,0
170.9264,0.05525251,0.05649258,-0.2222618,73.3327,13.73765,256.9548,True,23,6,0
170.9317,0.05569537,0.05664775,-0.2222914,73.31338,14.14812,257.2706,True,23,6,0
170.9355,0.05574494,0.05678971,-0.2222549,73.30013,14.11385,257.2233,True,23,6,0
170.9392,0.05578968,0.0569177,-0.2222221,73.28815,14.083,257.1806,True,23,6,0
170.9424,0.05586722,0.05705041,-0.2220765,73.25508,14.14123,257.2969,True,23,6,0
170.946,0.05591157,0.05719654,-0.2220253,73.24065,14.10974,257.2548,True,23,6,0
170.9497,0.05594471,0.05744636,-0.2216452,73.12083,13.90398,256.9775,True,23,6,0
170.9537,0.05600125,0.05760223,-0.2215853,73.10188,13.86557,256.9258,True,23,6,0
170.9575,0.05600536,0.05778781,-0.2215413,73.10444,13.7999,256.927,True,23,6,0
170.9611,0.05604738,0.05791937,-0.2214885,73.08997,13.76819,256.8875,True,23,6,0
170.9646,0.05609346,0.05806342,-0.2214306,73.07407,13.73353,256.8441,True,23,6,0
170.9679,0.05685348,0.05825867,-0.2215641,73.04859,14.28016,257.2986,True,23,6,0
170.9725,0.05696033,0.0584362,-0.2215157,73.02949,14.26343,257.2681,True,23,6,0
170.976,0.05718134,0.05857784,-0.2214045,72.98056,14.34762,257.2839,True,23,6,0
170.9805,0.05731367,0.05877638,-0.2213467,72.95701,14.33307,257.2509,True,23,6,0
170.9849,0.05725111,0.05899918,-0.2211419,72.88506,14.1243,257.0486,True,23,6,0
170.9879,0.05732536,0.05912469,-0.2211067,72.86896,14.10971,257.0232,True,23,6,0
170.9927,0.05742623,0.0592837,-0.2209991,72.84147,14.09503,256.9792,True,23,6,0
170.997,0.05751704,0.05943701,-0.2209457,72.82076,14.07679,256.9467,True,23,6,0
171.0003,0.05765182,0.0595392,-0.2208333,72.80883,14.16921,256.938,True,23,6,0
171.0039,0.05772215,0.0596589,-0.2207756,72.79221,14.15794,256.9124,True,23,6,0
171.0075,0.05789924,0.05978368,-0.2210213,72.86935,14.17399,256.929,True,23,6,0
171.0114,0.05801957,0.0599546,-0.2209588,72.85114,14.16035,256.8972,True,23,6,0
171.0164,0.05777953,0.06029789,-0.2206201,72.77124,13.58376,256.2829,True,23,6,0
171.0197,0.05787331,0.06044595,-0.2205684,72.75517,13.55497,256.2396,True,23,6,0
171.0229,0.05805865,0.06065686,-0.2203462,72.67269,13.5599,256.2892,True,23,6,0
171.0271,0.05816669,0.06082226,-0.220286,72.65227,13.52916,256.2444,True,23,6,0
171.0314,0.05829463,0.06101789,-0.2202148,72.62816,13.49293,256.1916,True,23,6,0
171.035,0.05891545,0.06123716,-0.2199806,72.54041,13.95785,256.5417,True,23,6,0
171.0386,0.05902781,0.06138541,-0.2199117,72.51978,13.94675,256.5145,True,23,6,0
171.0439,0.05939358,0.06159048,-0.2197678,72.43809,14.12842,256.67,True,23,6,0
171.0489,0.05906508,0.0618825,-0.2195837,72.41055,13.47331,256.016,True,23,6,0
171.0524,0.05918851,0.06204841,-0.2195195,72.38686,13.44483,255.9712,True,23,6,0
171.0556,0.05932054,0.06222567,-0.2194507,72.36152,13.4145,255.9234,True,23,6,0
171.0607,0.05921988,0.06232864,-0.2197044,72.46906,13.21628,255.749,True,23,6,0
171.0642,0.05933449,0.06249362,-0.2196464,72.45022,13.18263,255.7006,True,23,6,0
171.0681,0.05933021,0.06257108,-0.2197298,72.47381,13.13622,255.6452,True,23,6,0
171.0719,0.05942593,0.06271988,-0.2196799,72.45702,13.10324,255.5982,True,23,6,0
171.0797,0.0601584,0.06326644,-0.2191531,72.25986,13.44081,255.7879,True,23,6,0
171.0847,0.06080675,0.06374048,-0.2184996,72.04138,13.53768,255.7813,True,23,6,0
171.0889,0.0610231,0.06398235,-0.2183803,72.00189,13.51856,255.7338,True,23,6,0
171.0931,0.06098987,0.06411572,-0.2185494,72.04434,13.35822,255.7272,True,23,6,0
171.0993,0.06127942,0.06428863,-0.2185896,72.07005,13.49999,255.8521,True,23,6,0
171.1073,0.06145298,0.06463735,-0.2185825,72.08747,13.31057,255.5574,True,23,6,0
171.1124,0.06164658,0.06487367,-0.2184778,72.05734,13.27868,255.503,True,23,6,0
171.1159,0.06193152,0.06511852,-0.2181133,71.94159,13.22961,255.3195,True,23,6,0
171.1196,0.06210023,0.06529894,-0.2180237,71.91506,13.20497,255.2731,True,23,6,0
171.1242,0.06216381,0.06545526,-0.2182736,72.00462,13.14129,255.2395,True,23,6,0
171.1292,0.06235504,0.06567785,-0.2181804,71.97803,13.1103,255.1849,True,23,6,0
171.1322,0.06219906,0.06579985,-0.2183109,72.03924,12.88895,254.9609,True,23,6,0
171.1352,0.06232192,0.06596236,-0.2182512,72.02302,12.86158,254.9175,True,23,6,0
171.1388,0.06245399,0.06613685,-0.2181871,72.00565,12.83224,254.8709,True,23,6,0
171.1424,0.06240509,0.06636629,-0.2179589,71.9493,12.62822,254.6461,True,23,6,0
171.1466,0.06256501,0.06660065,-0.2178657,71.92442,12.5818,254.5767,True,23,6,0
171.1506,0.06304177,0.06676665,-0.2176719,71.84354,12.7781,254.7025,True,23,6,0
171.1541,0.06317753,0.06692578,-0.2176019,71.82336,12.7525,254.6584,True,23,6,0
171.1593,0.06373181,0.06737657,-0.2175272,71.77428,12.81397,254.6877,True,23,6,0
171.1635,0.06392313,0.0675832,-0.2174581,71.75093,12.78921,254.642,True,23,6,0
171.1677,0.06437085,0.06775503,-0.2174457,71.73462,13.04739,254.9067,True,23,6,0
171.1712,0.06453182,0.06791908,-0.2173866,71.71532,13.03594,254.8787,True,23,6,0
171.1747,0.06436664,0.06800878,-0.217375,71.75182,12.88597,254.7905,True,23,6,0
171.1778,0.06452145,0.06819515,-0.2172944,71.73122,12.86691,254.755,True,23,6,0
171.1823,0.06412509,0.06827801,-0.2177035,71.91169,12.47304,254.4679,True,23,6,0
171.1858,0.06423979,0.06845476,-0.2176425,71.90015,12.44257,254.4269,True,23,6,0
171.1897,0.06446341,0.06873861,-0.2174577,71.84505,12.33093,254.2121,True,23,6,0
171.1947,0.06464276,0.06898092,-0.2173768,71.82758,12.28703,254.1498,True,23,6,0
171.1975,0.06475407,0.0691312,-0.2173267,71.81675,12.25983,254.1112,True,23,6,0
171.2005,0.06476209,0.06932619,-0.2170161,71.72093,12.09249,253.8294,True,23,6,0
171.2036,0.06486458,0.06946845,-0.2169627,71.70784,12.0622,253.785,True,23,6,0
171.2069,0.06499048,0.06964305,-0.216897,71.6917,12.02505,253.7305,True,23,6,0
171.2115,0.06519913,0.06983659,-0.2167305,71.63228,12.22963,253.9811,True,23,6,0
171.2166,0.06547336,0.07008436,-0.2168441,71.65865,12.44354,254.2953,True,23,6,0
171.22,0.06556432,0.0702507,-0.2167838,71.64368,12.42463,254.2662,True,23,6,0
171.2253,0.06571732,0.07046725,-0.2170841,71.74603,12.37775,254.28,True,23,6,0
171.23,0.06584882,0.07068738,-0.2170247,71.73189,12.3531,254.2454,True,23,6,0
171.2335,0.06632548,0.07105987,-0.2166589,71.62675,12.35272,253.9822,True,23,6,0
171.2369,0.06646153,0.07123294,-0.2166026,71.61358,12.33588,253.9501,True,23,6,0
171.2415,0.06657036,0.07151344,-0.2162772,71.51044,12.3074,253.8326,True,23,6,0
171.2448,0.06670704,0.07170822,-0.2162043,71.49184,12.28776,253.7925,True,23,6,0
171.2484,0.06695664,0.07184951,-0.2162132,71.47186,12.44372,253.9628,True,23,6,0
171.2513,0.0670604,0.07199568,-0.216164,71.45737,12.43328,253.9375,True,23,6,0
171.2555,0.06724583,0.07225658,-0.216076,71.4315,12.41473,253.8924,True,23,6,0
171.2606,0.0675241,0.07247673,-0.2160733,71.41933,12.51158,253.9471,True,23,6,0
171.2635,0.06763104,0.07262218,-0.2160284,71.40541,12.50397,253.9245,True,23,6,0
171.2664,0.0676793,0.072859,-0.2159769,71.38138,12.36015,253.8679,True,23,6,0
171.2706,0.0678307,0.07306902,-0.2159228,71.36194,12.3445,253.8358,True,23,6,0
171.2746,0.06755212,0.07317837,-0.2159686,71.42123,12.1339,253.7084,True,23,6,0
171.2778,0.06765316,0.07336544,-0.2159093,71.40607,12.11306,253.6759,True,23,6,0
171.2858,0.06748796,0.07369137,-0.2159976,71.46235,11.73519,253.3209,True,23,6,0
171.2893,0.06758795,0.07389954,-0.215942,71.44894,11.69868,253.2733,True,23,6,0
171.2941,0.06787757,0.07426804,-0.2154903,71.29545,11.54695,252.9794,True,23,6,0
171.2971,0.06797892,0.07442977,-0.2154419,71.28098,11.51634,252.9364,True,23,6,0
171.3,0.0682689,0.07464348,-0.2150338,71.15332,11.64104,252.914,True,23,6,0
171.3049,0.06842306,0.07487831,-0.2149361,71.12601,11.60239,252.8502,True,23,6,0
171.3086,0.06846009,0.07507508,-0.2148362,71.10836,11.47814,252.7264,True,23,6,0
171.312,0.06858405,0.07526839,-0.2147536,71.08612,11.44307,252.6715,True,23,6,0
171.317,0.06856059,0.07531816,-0.2151836,71.22697,11.49417,252.9004,True,23,6,0
171.32,0.06863825,0.07546981,-0.2151317,71.214,11.46812,252.8643,True,23,6,0
171.3231,0.0687308,0.07565036,-0.2150699,71.19857,11.43714,252.8215,True,23,6,0
171.3288,0.06863218,0.07587555,-0.2150495,71.23519,11.22851,252.6427,True,23,6,0
171.3322,0.06852482,0.07591198,-0.215085,71.28166,11.10041,252.5587,True,23,6,0
171.336,0.06860393,0.07609895,-0.2150034,71.26888,11.05861,252.5075,True,23,6,0
171.3401,0.06926421,0.07634887,-0.2146656,71.15488,11.47342,252.6995,True,23,6,0
171.343,0.06934237,0.07647757,-0.2145963,71.14301,11.45787,252.6709,True,23,6,0
171.3467,0.06945943,0.07667008,-0.2144927,71.12515,11.43466,252.6283,True,23,6,0
171.3511,0.06923965,0.07681754,-0.2147614,71.21006,11.09257,252.2711,True,23,6,0
171.3542,0.0693243,0.07696891,-0.2147084,71.19994,11.06504,252.2292,True,23,6,0
171.3577,0.0688934,0.07700798,-0.2148951,71.27635,10.64071,251.9669,True,23,6,0
171.3616,0.06895606,0.07715872,-0.214854,71.2686,10.59736,251.9144,True,23,6,0
171.3648,0.06885386,0.07717685,-0.2148943,71.28772,10.51354,251.9424,True,23,6,0
171.3681,0.06889743,0.07731301,-0.2148559,71.28073,10.46728,251.8913,True,23,6,0
171.3714,0.06893497,0.07743031,-0.2148228,71.27468,10.42743,251.8473,True,23,6,0
171.376,0.06935416,0.07762437,-0.2145911,71.20335,10.69128,252.1372,True,23,6,0
171.3789,0.06940352,0.07774176,-0.214545,71.19507,10.66022,252.1029,True,23,6,0
171.3909,0.06983151,0.0785459,-0.2135929,70.92194,10.12163,251.2188,True,23,6,0
171.3954,0.06997519,0.07872963,-0.2135047,70.90081,10.06309,251.1421,True,23,6,0
171.3987,0.06967572,0.07869026,-0.2136034,70.9649,9.800624,250.9628,True,23,6,0
171.4018,0.06976417,0.07882732,-0.2135285,70.94977,9.742561,250.8928,True,23,6,0
171.4055,0.06984481,0.07895221,-0.2134602,70.93599,9.689731,250.8291,True,23,6,0
171.4084,0.06981499,0.07887286,-0.2137689,71.05564,9.731662,250.9686,True,23,6,0
171.4119,0.06988727,0.07900317,-0.2136975,71.04502,9.673851,250.9026,True,23,6,0
171.4167,0.07033403,0.07926133,-0.2134727,70.99203,9.708286,250.7994,True,23,6,0
171.4202,0.07044031,0.07939026,-0.2133987,70.9809,9.659653,250.7386,True,23,6,0
171.4248,0.07000937,0.07948841,-0.2132928,71.01355,9.077997,250.1987,True,23,6,0
171.4284,0.07008121,0.07959281,-0.2132231,71.00533,9.020799,250.133,True,23,6,0
171.4313,0.07015558,0.07970086,-0.2131509,70.99679,8.96165,250.065,True,23,6,0
171.4345,0.06984199,0.07961187,-0.2135954,71.16427,8.677666,249.9131,True,23,6,0
171.4379,0.06989628,0.07971264,-0.2135402,71.1611,8.610537,249.8414,True,23,6,0
171.4436,0.07045202,0.07989816,-0.2133905,71.12302,8.928734,250.053,True,23,6,0
171.4472,0.07054148,0.08002935,-0.2133111,71.11742,8.857467,249.9714,True,23,6,0
171.4514,0.07086471,0.0800866,-0.2132582,71.08888,9.200066,250.2662,True,23,6,0
171.4548,0.07092467,0.08018309,-0.213196,71.08353,9.155593,250.2119,True,23,6,0
171.4584,0.0713626,0.08027622,-0.2131532,71.05338,9.580261,250.5643,True,23,6,0
171.4627,0.07142542,0.08037904,-0.2130864,71.04647,9.548894,250.5194,True,23,6,0
171.4662,0.07160825,0.08047855,-0.2129784,71.00826,9.807973,250.7052,True,23,6,0
171.4698,0.07163868,0.08055627,-0.2129243,71.00188,9.791748,250.6765,True,23,6,0
171.4729,0.0716708,0.08063817,-0.2128673,70.99516,9.774662,250.6463,True,23,6,0
171.4763,0.07200506,0.0807814,-0.2127007,70.90009,10.14421,250.9558,True,23,6,0
171.4802,0.07203864,0.08088987,-0.2126322,70.88707,10.13841,250.9302,True,23,6,0
171.4856,0.07185104,0.08123645,-0.2122039,70.73914,9.891872,250.6838,True,23,6,0
171.4953,0.07194429,0.08153807,-0.2118918,70.63284,9.861955,250.6229,True,23,6,0
171.4992,0.07191392,0.08165339,-0.2116697,70.56668,9.641011,250.3527,True,23,6,0
171.5037,0.07196528,0.08178517,-0.2115859,70.53967,9.613451,250.3029,True,23,6,0
171.5085,0.07202619,0.08183853,-0.2115666,70.55849,9.484074,250.14,True,23,6,0
171.5118,0.07208593,0.08193229,-0.211499,70.54005,9.460264,250.0993,True,23,6,0
171.5154,0.07178868,0.0818156,-0.2116943,70.6416,9.25846,250.0118,True,23,6,0
171.5186,0.07181749,0.08188207,-0.2116344,70.62944,9.231688,249.9746,True,23,6,0
171.5218,0.07185003,0.081957,-0.2115669,70.61577,9.201532,249.9327,True,23,6,0
171.526,0.07239933,0.08203584,-0.2116191,70.62315,9.522351,250.1942,True,23,6,0
171.5286,0.07244921,0.08209184,-0.2115733,70.61395,9.509863,250.1721,True,23,6,0
171.5311,0.07249644,0.08214489,-0.21153,70.60526,9.498065,250.1512,True,23,6,0
171.5338,0.07261139,0.08204219,-0.2116992,70.6865,9.581084,250.2711,True,23,6,0
171.5374,0.07267392,0.08209778,-0.2116415,70.67818,9.568823,250.2486,True,23,6,0
171.5467,0.07277118,0.0822209,-0.2116418,70.71209,9.42452,250.1275,True,23,6,0
171.5513,0.07308637,0.08219761,-0.2117314,70.75982,9.591525,250.2346,True,23,6,0
171.5542,0.07315796,0.08224198,-0.2116845,70.75543,9.58385,250.2177,True,23,6,0
171.5573,0.07324927,0.08223578,-0.2117178,70.78391,9.694815,250.2731,True,23,6,0
171.5607,0.07331011,0.08227637,-0.2116692,70.78045,9.690612,250.2583,True,23,6,0
171.5634,0.07336618,0.08231375,-0.2116244,70.77731,9.686746,250.2446,True,23,6,0
171.5664,0.07347848,0.08227566,-0.211694,70.79489,9.815692,250.3376,True,23,6,0
171.57,0.07353587,0.08231018,-0.2116489,70.79182,9.815364,250.3249,True,23,6,0
171.5737,0.0736329,0.0822816,-0.2117265,70.81955,9.904873,250.4431,True,23,6,0
171.5768,0.07367719,0.08230734,-0.2116894,70.81705,9.904587,250.4328,True,23,6,0
171.5793,0.07372133,0.08233298,-0.2116523,70.81461,9.904314,250.4226,True,23,6,0
171.5828,0.07393753,0.0822899,-0.21175,70.83519,10.0994,250.639,True,23,6,0
171.5869,0.07400426,0.08231723,-0.2117061,70.83253,10.10684,250.6332,True,23,6,0
171.5902,0.07415421,0.08231863,-0.2117004,70.82695,10.22807,250.7655,True,23,6,0
171.5939,0.07420323,0.08233529,-0.211671,70.82483,10.23733,250.7656,True,23,6,0
171.5967,0.07424618,0.08234987,-0.2116453,70.82299,10.24546,250.7658,True,23,6,0
171.5994,0.074425,0.08232817,-0.2117191,70.84507,10.38742,250.9087,True,23,6,0
171.6032,0.07448414,0.08234419,-0.2116893,70.84344,10.40145,250.913,True,23,6,0
171.606,0.07453138,0.08235699,-0.2116656,70.84212,10.41267,250.9164,True,23,6,0
171.609,0.07475958,0.08234474,-0.2117417,70.86086,10.58795,251.0843,True,23,6,0
171.6119,0.07481763,0.08235753,-0.2117195,70.86005,10.60471,251.0926,True,23,6,0
171.6151,0.07526467,0.08231457,-0.2118238,70.89358,10.93619,251.3933,True,23,6,0
171.6194,0.07537999,0.08232726,-0.2117902,70.89397,10.97545,251.4193,True,23,6,0
171.6229,0.07547746,0.08233805,-0.2117619,70.89429,11.00863,251.4414,True,23,6,0
171.6266,0.0756217,0.08228794,-0.2118493,70.95518,10.93853,251.3301,True,23,6,0
171.6298,0.07572567,0.08229561,-0.211824,70.95747,10.96313,251.3443,True,23,6,0
171.6326,0.07578258,0.08225504,-0.2118642,71.00557,10.95074,251.2324,True,23,6,0
171.6353,0.07588793,0.08226143,-0.2118327,71.00934,10.97403,251.2425,True,23,6,0
171.639,0.07600188,0.08226833,-0.2117987,71.01341,10.99923,251.2534,True,23,6,0
171.6424,0.07594344,0.082203,-0.2116568,71.01121,10.93339,251.0953,True,23,6,0
171.6451,0.07602829,0.0821989,-0.2116175,71.01455,10.95237,251.1,True,23,6,0
171.648,0.07610635,0.08219518,-0.2115813,71.01759,10.96983,251.1043,True,23,6,0
171.6511,0.07589434,0.08208174,-0.2116476,71.07924,10.84002,250.9926,True,23,6,0
171.6542,0.07596217,0.08206938,-0.211606,71.0845,10.85518,250.9939,True,23,6,0
171.6582,0.07588111,0.08192974,-0.2118342,71.18398,10.74987,250.9402,True,23,6,0
171.6614,0.0759389,0.0819127,-0.2118075,71.19144,10.76009,250.9399,True,23,6,0
171.664,0.07599516,0.08189614,-0.2117814,71.19875,10.77001,250.9395,True,23,6,0
171.6668,0.07590075,0.08179048,-0.2119965,71.28137,10.6792,250.9161,True,23,6,0
171.6705,0.07596355,0.08176643,-0.211977,71.29287,10.68801,250.9149,True,23,6,0
171.6744,0.07620206,0.08172016,-0.2121754,71.36243,10.84736,251.1055,True,23,6,0
171.6782,0.07629383,0.08169593,-0.2121637,71.37915,10.86498,251.1125,True,23,6,0
171.6815,0.07635432,0.08168001,-0.212156,71.39014,10.87661,251.1172,True,23,6,0
171.6846,0.07647543,0.08172484,-0.2121582,71.40483,10.7933,250.9344,True,23,6,0
171.6879,0.07656839,0.08171487,-0.212152,71.4184,10.80415,250.9335,True,23,6,0
171.6918,0.07673375,0.08167125,-0.212235,71.4364,10.91573,250.9758,True,23,6,0
171.7031,0.0769558,0.08147605,-0.2124589,71.52684,11.04041,251.1014,True,23,6,0
171.7071,0.07705262,0.08143501,-0.2122557,71.46017,11.07805,251.1489,True,23,6,0
171.7099,0.07710709,0.08140048,-0.2122668,71.47014,11.09225,251.154,True,23,6,0
171.7126,0.07716724,0.08136237,-0.2122792,71.48125,11.10796,251.1596,True,23,6,0
171.7167,0.07789594,0.08126913,-0.2122766,71.43488,11.76744,251.7836,True,23,6,0
171.7201,0.07797964,0.08121264,-0.2122936,71.44486,11.80747,251.8116,True,23,6,0
171.7236,0.07850344,0.0812207,-0.2122115,71.40858,12.20352,252.1671,True,23,6,0
171.728,0.07862472,0.08116072,-0.2122228,71.41829,12.26514,252.2135,True,23,6,0
171.7307,0.0787091,0.08111903,-0.2122306,71.42503,12.30803,252.2458,True,23,6,0
171.7333,0.07902028,0.08110873,-0.2123421,71.46718,12.49245,252.4172,True,23,6,0
171.7377,0.07917221,0.08105771,-0.2123528,71.47874,12.56328,252.472,True,23,6,0
171.7411,0.07923535,0.08108184,-0.2123235,71.50113,12.41175,252.2301,True,23,6,0
171.7442,0.07938018,0.08105202,-0.2123272,71.51115,12.46311,252.2656,True,23,6,0
171.7476,0.07950313,0.08102681,-0.2123303,71.51969,12.50677,252.2959,True,23,6,0
171.7515,0.07968582,0.08090959,-0.2125797,71.62629,12.56164,252.294,True,23,6,0
171.7547,0.07982724,0.08088158,-0.2125866,71.63861,12.60873,252.3254,True,23,6,0
171.7578,0.07958915,0.08067614,-0.2127537,71.74207,12.42402,252.1281,True,23,6,0
171.7608,0.0796885,0.08064038,-0.2127573,71.7547,12.45727,252.1484,True,23,6,0
171.7633,0.07978246,0.08060661,-0.2127607,71.76662,12.48875,252.1676,True,23,6,0
171.7662,0.07945894,0.08038744,-0.2129459,71.89146,12.27474,252.0067,True,23,6,0
171.7699,0.0795528,0.08033052,-0.2129449,71.91071,12.30739,252.0257,True,23,6,0
171.7733,0.07982421,0.08010283,-0.2132199,72.01128,12.67829,252.4182,True,23,6,0
171.777,0.07992197,0.08001904,-0.2132222,72.03617,12.72927,252.455,True,23,6,0
171.7798,0.08000204,0.07995053,-0.2132241,72.05653,12.77111,252.4853,True,23,6,0
171.7829,0.08014388,0.07987389,-0.213358,72.09852,12.71107,252.4527,True,23,6,0
171.7858,0.0802451,0.07980713,-0.2133735,72.11939,12.74938,252.4808,True,23,6,0
171.7886,0.08035225,0.07973661,-0.2133899,72.14149,12.78999,252.5106,True,23,6,0
171.7923,0.08037761,0.07966226,-0.2134898,72.16486,12.74833,252.493,True,23,6,0
171.795,0.08046527,0.07960297,-0.2135148,72.1834,12.78021,252.5168,True,23,6,0
171.7977,0.08055294,0.07954374,-0.2135398,72.20188,12.81214,252.5406,True,23,6,0
171.8005,0.08047738,0.07940979,-0.2137209,72.27056,12.75759,252.4315,True,23,6,0
171.808,0.08051529,0.079189,-0.2139957,72.37656,12.76428,252.3857,True,23,6,0
171.8111,0.08059481,0.07911317,-0.2140448,72.40188,12.79711,252.4065,True,23,6,0
171.8142,0.08066649,0.07904492,-0.2140891,72.42467,12.82678,252.4254,True,23,6,0
171.8199,0.08084627,0.07894748,-0.2139331,72.38306,12.95417,252.4945,True,23,6,0
171.8269,0.08157179,0.07871929,-0.2142276,72.4583,13.69617,253.2171,True,23,6,0
171.8318,0.08214077,0.07858266,-0.2144697,72.49377,14.26759,253.8019,True,23,6,0
171.8351,0.08225435,0.07848179,-0.2145382,72.52096,14.35626,253.8767,True,23,6,0
171.8388,0.08235493,0.07839264,-0.2145987,72.54497,14.43495,253.9431,True,23,6,0
171.8422,0.08239442,0.0782779,-0.2147202,72.57157,14.42108,253.9914,True,23,6,0
171.8463,0.08252565,0.07815889,-0.2148116,72.60245,14.51851,254.0763,True,23,6,0
171.8496,0.08253997,0.07815868,-0.2147824,72.57702,14.1805,253.7293,True,23,6,0
171.8531,0.08267996,0.07806991,-0.2148725,72.6003,14.24552,253.7843,True,23,6,0
171.8562,0.08249632,0.07800458,-0.2150614,72.64981,13.82198,253.4101,True,23,6,0
171.8604,0.08264147,0.07792675,-0.2151701,72.67341,13.8674,253.448,True,23,6,0
171.8633,0.08276424,0.07786097,-0.215262,72.69331,13.90588,253.4801,True,23,6,0
171.866,0.08257172,0.07785617,-0.2153426,72.70481,13.63085,253.2256,True,23,6,0
171.8691,0.0827098,0.07778406,-0.2154671,72.72902,13.66686,253.2547,True,23,6,0
171.8726,0.08283149,0.0777206,-0.2155769,72.75036,13.69871,253.2805,True,23,6,0
171.8765,0.08295098,0.07773571,-0.2157533,72.75181,13.7957,253.3984,True,23,6,0
171.88,0.08309182,0.07766744,-0.2159091,72.77805,13.83904,253.4351,True,23,6,0
171.884,0.08321378,0.07768089,-0.2159633,72.78075,14.04739,253.6331,True,23,6,0
171.887,0.08329922,0.07763827,-0.2160695,72.79945,14.08471,253.6654,True,23,6,0
171.8897,0.08340131,0.07767037,-0.2160065,72.77205,14.25104,253.8156,True,23,6,0
171.8932,0.08346968,0.07763408,-0.2160994,72.78911,14.29229,253.8516,True,23,6,0
171.8958,0.08352964,0.07760228,-0.2161809,72.80407,14.32856,253.8832,True,23,6,0
171.8983,0.0837893,0.0775757,-0.2166599,72.92075,14.47468,254.0618,True,23,6,0
171.9027,0.08394362,0.0775374,-0.2168413,72.95323,14.54799,254.1283,True,23,6,0
171.9063,0.0840491,0.0775113,-0.2169654,72.97549,14.59826,254.1739,True,23,6,0
171.9123,0.08423626,0.07744305,-0.2172985,73.06574,14.77524,254.3603,True,23,6,0
171.9157,0.08428815,0.0774053,-0.217363,73.09582,14.85902,254.4197,True,23,6,0
171.9183,0.08435939,0.07738549,-0.2174484,73.11452,14.90186,254.4589,True,23,6,0
171.921,0.08443419,0.07736476,-0.217538,73.13422,14.94695,254.5001,True,23,6,0
171.9254,0.08458325,0.07740165,-0.2171202,73.0162,15.1025,254.515,True,23,6,0
171.9287,0.08464697,0.07737371,-0.2171873,73.03292,15.15373,254.558,True,23,6,0
171.9315,0.0847085,0.0773468,-0.2172522,73.04906,15.20328,254.5995,True,23,6,0
171.9341,0.08495524,0.07725133,-0.2172275,73.08933,15.62956,254.9809,True,23,6,0
171.9373,0.08500816,0.07721829,-0.2172648,73.10607,15.69069,255.033,True,23,6,0
171.9408,0.08501347,0.07716413,-0.217127,73.12275,15.78341,255.1135,True,23,6,0
171.9441,0.08506663,0.07711996,-0.2171425,73.14345,15.86066,255.1794,True,23,6,0
171.9474,0.08510993,0.07708408,-0.217155,73.16026,15.92366,255.2331,True,23,6,0
171.9502,0.08532768,0.07708764,-0.2170562,73.15336,16.05371,255.3105,True,23,6,0
171.9543,0.08540961,0.07704097,-0.21706,73.17606,16.14564,255.3876,True,23,6,0
171.9577,0.08561133,0.07698394,-0.2171399,73.22876,16.30943,255.5105,True,23,6,0
171.9609,0.08567432,0.07695581,-0.2171406,73.24389,16.37008,255.561,True,23,6,0
171.9634,0.08573454,0.07692899,-0.2171412,73.25841,16.42816,255.6094,True,23,6,0
171.9659,0.08589216,0.07683471,-0.2173371,73.32378,16.54772,255.7736,True,23,6,0
171.9688,0.0859841,0.07679562,-0.2173471,73.3441,16.62543,255.8406,True,23,6,0
171.9719,0.08606254,0.07676241,-0.2173556,73.36142,16.69186,255.8979,True,23,6,0
171.9749,0.08600544,0.0765729,-0.2176908,73.48284,16.64349,255.9277,True,23,6,0
171.9785,0.08612262,0.07651016,-0.2177235,73.51232,16.73598,256.0107,True,23,6,0
171.9824,0.08643343,0.07622811,-0.2182473,73.66025,17.15787,256.4403,True,23,6,0
171.9853,0.08652513,0.07616471,-0.2182885,73.68474,17.23535,256.5115,True,23,6,0
171.9879,0.08660835,0.07610729,-0.2183259,73.70692,17.30585,256.5763,True,23,6,0
171.9911,0.08662712,0.07601193,-0.2185289,73.77279,17.19926,256.4407,True,23,6,0
171.9954,0.08676483,0.07592756,-0.218606,73.80769,17.29729,256.5293,True,23,6,0
171.998,0.08685528,0.0758723,-0.2186566,73.83059,17.3619,256.5877,True,23,6,0
172.0014,0.08629903,0.07579432,-0.2190225,73.99865,16.6034,255.923,True,23,6,0
172.0055,0.08642357,0.07573134,-0.2191189,74.03651,16.66272,255.9775,True,23,6,0
172.0088,0.08644602,0.07555097,-0.2191676,74.05856,16.85198,256.1512,True,23,6,0
172.0116,0.08652399,0.07548021,-0.2192431,74.08973,16.90656,256.2013,True,23,6,0
172.015,0.08683088,0.07541618,-0.2190191,74.0196,17.25867,256.4808,True,23,6,0
172.0179,0.08689729,0.07533973,-0.2190731,74.04587,17.31983,256.5356,True,23,6,0
172.0208,0.086964,0.07526314,-0.2191273,74.07224,17.38144,256.5908,True,23,6,0
172.0254,0.08718289,0.07516496,-0.2190574,74.06815,17.50854,256.6576,True,23,6,0
172.029,0.08726503,0.07507932,-0.2191101,74.09586,17.57807,256.7184,True,23,6,0
172.0318,0.08755907,0.07500032,-0.2188365,74.02443,17.83755,256.9495,True,23,6,0
172.0345,0.08764097,0.07490577,-0.2188663,74.048,17.91182,257.0146,True,23,6,0
172.0377,0.0877123,0.07482353,-0.2188922,74.06853,17.97663,257.0715,True,23,6,0
172.0408,0.08775261,0.07476065,-0.2189708,74.09372,17.98797,257.075,True,23,6,0
172.0436,0.08782557,0.07468136,-0.2190043,74.11447,18.05202,257.131,True,23,6,0
172.0475,0.08793858,0.07455881,-0.219056,74.14651,18.15143,257.2181,True,23,6,0
172.0508,0.08805065,0.07453799,-0.219198,74.17847,18.27735,257.3477,True,23,6,0
172.0537,0.08812802,0.07446398,-0.219242,74.20046,18.34699,257.4093,True,23,6,0
172.057,0.08840679,0.07437557,-0.2194995,74.25739,18.66289,257.7598,True,23,6,0
172.0606,0.08849497,0.07430243,-0.2195572,74.28101,18.74342,257.8333,True,23,6,0
172.0644,0.08860532,0.07421118,-0.2196293,74.31053,18.84444,257.9256,True,23,6,0
172.0687,0.08862878,0.07403776,-0.2199321,74.42448,18.97328,258.1288,True,23,6,0
172.0722,0.08870956,0.07396469,-0.2199937,74.45017,19.05457,258.2058,True,23,6,0
172.0753,0.088672,0.07390651,-0.2200298,74.48988,18.98492,258.1015,True,23,6,0
172.078,0.08875457,0.07383417,-0.2200907,74.5172,19.06492,258.176,True,23,6,0
172.0816,0.08887842,0.07374981,-0.2201842,74.54567,19.15191,258.2006,True,23,6,0
172.0851,0.08897524,0.07366888,-0.2202558,74.57549,19.24018,258.2807,True,23,6,0
172.0885,0.08908504,0.07357737,-0.220337,74.6093,19.34063,258.3719,True,23,6,0
172.094,0.0894547,0.07352658,-0.2202149,74.54716,19.54276,258.4678,True,23,6,0
172.0969,0.08954864,0.0734576,-0.2202751,74.56927,19.61991,258.5353,True,23,6,0
172.1002,0.08944768,0.07334274,-0.2201921,74.55753,19.45357,258.3477,True,23,6,0
172.1048,0.08956721,0.07323337,-0.2202768,74.58739,19.55292,258.433,True,23,6,0
172.1082,0.08963571,0.07316968,-0.2202848,74.60057,19.51768,258.3772,True,23,6,0
172.111,0.08972813,0.07309264,-0.2203446,74.62179,19.58623,258.4354,True,23,6,0
172.1181,0.08988526,0.07290526,-0.2205342,74.66869,19.63361,258.5104,True,23,6,0
172.1233,0.08994448,0.07279812,-0.2205588,74.66209,19.61855,258.5358,True,23,6,0
172.1273,0.09003881,0.07271159,-0.220643,74.68406,19.68672,258.5964,True,23,6,0
172.13,0.09011462,0.0726421,-0.2207107,74.70168,19.74165,258.6452,True,23,6,0
172.133,0.09009891,0.07259274,-0.2207054,74.69446,19.66677,258.5766,True,23,6,0
172.1376,0.09020723,0.07249036,-0.2208077,74.71906,19.74353,258.6449,True,23,6,0
172.1417,0.09062089,0.07233474,-0.2210626,74.74277,20.34589,259.2133,True,23,6,0
172.1459,0.09073028,0.07221463,-0.2211779,74.76856,20.45304,259.3102,True,23,6,0
172.1494,0.09075426,0.07210852,-0.2212086,74.75814,20.43897,259.2822,True,23,6,0
172.153,0.09084019,0.07200271,-0.2213093,74.77813,20.52317,259.3579,True,23,6,0
172.1565,0.09093265,0.07188897,-0.2214177,74.79958,20.61398,259.4395,True,23,6,0
172.1604,0.09045254,0.07179211,-0.2215185,74.85549,19.97098,258.8054,True,23,6,0
172.1717,0.09045948,0.0714609,-0.2218619,74.88985,19.81486,258.6917,True,23,6,0
172.1766,0.09013641,0.07132907,-0.2220962,74.93541,19.53484,258.5338,True,23,6,0
172.1795,0.0901697,0.07123877,-0.2222241,74.95369,19.56292,258.5612,True,23,6,0
172.1832,0.09013887,0.07118146,-0.2222981,74.94939,19.43692,258.4729,True,23,6,0
172.1874,0.09018392,0.07106715,-0.2224723,74.97273,19.46603,258.5034,True,23,6,0
172.1911,0.09046229,0.07110812,-0.2223511,74.87746,19.61846,258.5528,True,23,6,0
172.195,0.09050931,0.07102412,-0.2224903,74.89265,19.64707,258.5788,True,23,6,0
172.198,0.09054963,0.07095215,-0.2226095,74.90573,19.67168,258.6012,True,23,6,0
172.2018,0.09064783,0.07094482,-0.2224705,74.84368,19.74853,258.6184,True,23,6,0
172.2064,0.09069304,0.07085571,-0.2226074,74.85783,19.78306,258.6477,True,23,6,0
172.2096,0.09043574,0.07069637,-0.2226922,74.91091,19.57075,258.5189,True,23,6,0
172.214,0.09046731,0.07057671,-0.222842,74.92992,19.60049,258.5466,True,23,6,0
172.2177,0.09028845,0.07048638,-0.2229367,74.97297,19.39552,258.367,True,23,6,0
172.2255,0.09043679,0.07027732,-0.2234057,75.0379,19.54966,258.531,True,23,6,0
172.2285,0.09045824,0.07021014,-0.223505,75.05043,19.56407,258.5453,True,23,6,0
172.2317,0.09048192,0.07013609,-0.2236147,75.06427,19.58002,258.5611,True,23,6,0
172.2357,0.09090766,0.06999826,-0.2239425,75.09855,20.16539,259.1263,True,23,6,0
172.2392,0.09094157,0.06991619,-0.2240614,75.11366,20.20175,259.1618,True,23,6,0
172.243,0.09115973,0.0698778,-0.224121,75.09782,20.43317,259.3757,True,23,6,0
172.2459,0.09119934,0.06979927,-0.2242354,75.11198,20.47682,259.4178,True,23,6,0
172.2508,0.09135256,0.06973805,-0.2243249,75.11837,20.60033,259.5532,True,23,6,0
172.2538,0.09139358,0.06967306,-0.2244191,75.13033,20.64006,259.592,True,23,6,0
172.2571,0.0917851,0.06973518,-0.2242629,75.01803,20.84377,259.7109,True,23,6,0
172.2624,0.09188141,0.06964362,-0.2244125,75.03109,20.91546,259.7769,True,23,6,0
172.2661,0.09171577,0.06948231,-0.2243087,74.99599,20.60399,259.4319,True,23,6,0
172.2696,0.09176998,0.06940651,-0.2244002,75.00292,20.63825,259.4617,True,23,6,0
172.2731,0.09157691,0.06931487,-0.2243398,74.99335,20.35959,259.1766,True,23,6,0
172.2783,0.09164587,0.06919147,-0.2244729,75.00373,20.39819,259.2079,True,23,6,0
172.2828,0.0916367,0.06910962,-0.2245261,75.02257,20.43462,259.287,True,23,6,0
172.2876,0.09168987,0.06899625,-0.224637,75.03334,20.47287,259.321,True,23,6,0
172.2933,0.09171396,0.06889033,-0.2247223,75.0476,20.47682,259.3518,True,23,6,0
172.2971,0.0917497,0.06881459,-0.2247954,75.05546,20.50281,259.3762,True,23,6,0
172.3005,0.09199227,0.06879775,-0.2248064,75.01967,20.72181,259.5636,True,23,6,0
172.3041,0.09203286,0.06873167,-0.2248737,75.02557,20.75274,259.592,True,23,6,0
172.3077,0.09212228,0.06848627,-0.225323,75.13415,21.22783,260.1129,True,23,6,0
172.3116,0.09214785,0.06837885,-0.2254178,75.14642,21.28913,260.173,True,23,6,0
172.3165,0.09219388,0.06815033,-0.2259041,75.27574,21.48578,260.3885,True,23,6,0
172.3198,0.09222201,0.06805633,-0.2259958,75.29007,21.54157,260.4442,True,23,6,0
172.3238,0.09202403,0.06785701,-0.2264076,75.44328,21.46155,260.3767,True,23,6,0
172.3326,0.09182322,0.06764242,-0.2265567,75.51734,21.26091,260.1738,True,23,6,0
172.3363,0.09184573,0.06753783,-0.2266554,75.54117,21.30781,260.2209,True,23,6,0
172.3419,0.09193986,0.06740764,-0.2267808,75.56253,21.35972,260.3286,True,23,6,0
172.3459,0.09197205,0.06730883,-0.2268782,75.58478,21.40426,260.3757,True,23,6,0
172.3503,0.09242886,0.06735907,-0.2267752,75.52425,21.64662,260.5828,True,23,6,0
172.353,0.09248127,0.06730121,-0.2268373,75.53758,21.68438,260.6212,True,23,6,0
172.3558,0.09255127,0.06722398,-0.2269201,75.55537,21.73494,260.6726,True,23,6,0
172.3604,0.09228954,0.06707621,-0.2268319,75.55347,21.51688,260.4567,True,23,6,0
172.3634,0.09232527,0.06700604,-0.2268882,75.56612,21.55267,260.4931,True,23,6,0
172.3675,0.09230716,0.06671558,-0.2272745,75.67305,21.60288,260.5313,True,23,6,0
172.3726,0.09236951,0.06656966,-0.2273918,75.69903,21.66397,260.5928,True,23,6,0
172.3841,0.09253757,0.06633876,-0.2274205,75.63129,21.51354,260.235,True,23,6,0
172.3874,0.09257956,0.06625514,-0.2274977,75.64291,21.54019,260.256,True,23,6,0
172.3914,0.09257042,0.06619027,-0.2274199,75.5998,21.452,260.2011,True,23,6,0
172.3947,0.09260623,0.06610806,-0.2274946,75.60957,21.47476,260.2196,True,23,6,0
172.3973,0.09263851,0.06603396,-0.227562,75.61834,21.49525,260.2363,True,23,6,0
172.4008,0.09270734,0.06598891,-0.2275543,75.59409,21.51719,260.2717,True,23,6,0
172.4047,0.09274642,0.065898,-0.2276391,75.60435,21.54133,260.2913,True,23,6,0
172.4078,0.0925606,0.06577729,-0.2276388,75.63387,21.37303,260.066,True,23,6,0
172.4105,0.09258238,0.06569287,-0.2277025,75.64361,21.38826,260.0756,True,23,6,0
172.414,0.09260498,0.06560537,-0.2277683,75.65369,21.40406,260.0856,True,23,6,0
172.4172,0.09246591,0.06551944,-0.2277518,75.65752,21.21025,259.8763,True,23,6,0
172.4207,0.09248444,0.06542589,-0.227819,75.66795,21.22086,259.8806,True,23,6,0
172.425,0.09279373,0.06517152,-0.2283448,75.77143,21.80252,260.3995,True,23,6,0
172.4307,0.09283319,0.06499694,-0.2284819,75.79391,21.85461,260.4379,True,23,6,0
172.4359,0.09304541,0.06489974,-0.2285893,75.7917,22.105,260.6462,True,23,6,0
172.4415,0.09306566,0.06483422,-0.22858,75.76336,22.01932,260.6393,True,23,6,0
172.4461,0.0931081,0.06471337,-0.2286913,75.77828,22.06386,260.6755,True,23,6,0
172.4503,0.09317813,0.06466912,-0.2287107,75.74004,22.00918,260.7308,True,23,6,0
172.4534,0.09321385,0.06458826,-0.2287981,75.74878,22.03716,260.7567,True,23,6,0
172.4582,0.09347231,0.06456898,-0.2287396,75.68833,22.21459,260.8956,True,23,6,0
172.4627,0.09352562,0.06447753,-0.2288403,75.69675,22.25356,260.9308,True,23,6,0
172.4678,0.09370903,0.06444289,-0.2288009,75.66692,22.39777,260.9993,True,23,6,0
172.4722,0.09376241,0.0643661,-0.2288796,75.67333,22.43765,261.0333,True,23,6,0
172.4757,0.09379169,0.06432228,-0.2288929,75.67836,22.53135,261.1098,True,23,6,0
172.479,0.09383202,0.06425576,-0.2289538,75.68415,22.56983,261.1424,True,23,6,0
172.483,0.09355859,0.06410958,-0.2290789,75.74783,22.39731,260.9193,True,23,6,0
172.4886,0.09358856,0.06398629,-0.2291756,75.76113,22.449,260.9585,True,23,6,0
172.4932,0.09336964,0.0638939,-0.2292507,75.78546,22.2846,260.7737,True,23,6,0
172.4963,0.09337129,0.0638319,-0.229302,75.7924,22.30539,260.788,True,23,6,0
172.5008,0.09320703,0.06355675,-0.2296743,75.8859,22.50141,261.0508,True,23,6,0
172.5057,0.09317313,0.06343926,-0.2297636,75.90011,22.54048,261.0838,True,23,6,0
172.5089,0.09323441,0.06338435,-0.2298199,75.89161,22.62694,261.2175,True,23,6,0
172.513,0.09320772,0.06327507,-0.2299088,75.90426,22.66584,261.2525,True,23,6,0
172.5175,0.09320566,0.06325227,-0.2297853,75.87543,22.68792,261.2735,True,23,6,0
172.5206,0.09318325,0.06318082,-0.2298346,75.88365,22.71335,261.2964,True,23,6,0
172.5248,0.09342758,0.06311049,-0.2299504,75.87913,23.01115,261.6137,True,23,6,0
172.529,0.09341972,0.06302734,-0.2300138,75.88841,23.05287,261.6532,True,23,6,0
172.5386,0.09352127,0.06285992,-0.2301318,75.90366,23.29515,261.8988,True,23,6,0
172.5429,0.09342417,0.06282136,-0.2298083,75.85394,23.18809,261.7412,True,23,6,0
172.5467,0.09341034,0.06273638,-0.2298314,75.86138,23.23385,261.783,True,23,6,0
172.5512,0.09362335,0.06246708,-0.2301301,75.94816,23.69148,262.2138,True,23,6,0
172.5559,0.09362254,0.06233506,-0.230157,75.96113,23.76892,262.2852,True,23,6,0
172.5599,0.0936176,0.06225619,-0.2302283,75.98299,23.85082,262.3493,True,23,6,0
172.5658,0.09344556,0.06205161,-0.2303295,76.00833,23.62797,262.0577,True,23,6,0
172.575,0.09341075,0.06181014,-0.2304877,76.03288,23.50895,261.9088,True,23,6,0
172.5793,0.09342992,0.06170361,-0.2305533,76.04352,23.54817,261.9404,True,23,6,0
172.5831,0.09363675,0.06160966,-0.2305094,76.01997,23.70099,262.0705,True,23,6,0
172.5878,0.09368025,0.06147754,-0.2305754,76.03094,23.75444,262.1138,True,23,6,0
172.5929,0.09361905,0.06127623,-0.2306577,76.08807,23.73061,262.1554,True,23,6,0
172.5962,0.09364386,0.06119135,-0.2306886,76.09595,23.76118,262.1819,True,23,6,0
172.6001,0.09371795,0.06111446,-0.2306974,76.08802,23.65267,262.1009,True,23,6,0
172.6046,0.0937728,0.06100538,-0.2307479,76.09776,23.69035,262.1335,True,23,6,0
172.6088,0.09319386,0.06069693,-0.230352,76.08405,23.07314,261.5062,True,23,6,0
172.6127,0.09319657,0.06054053,-0.2303604,76.09338,23.084,261.5115,True,23,6,0
172.6182,0.09271175,0.06028181,-0.2301346,76.13094,22.49137,260.8676,True,23,6,0
172.6218,0.09269336,0.06013103,-0.2301167,76.14042,22.4765,260.8459,True,23,6,0
172.6257,0.09255737,0.06009908,-0.2300214,76.17068,22.33622,260.6534,True,23,6,0
172.6291,0.09253702,0.0599836,-0.2299903,76.17982,22.31849,260.628,True,23,6,0
172.6327,0.09247067,0.05989082,-0.2301836,76.25936,22.18051,260.5038,True,23,6,0
172.6364,0.09246512,0.05979255,-0.2301683,76.27039,22.15941,260.4761,True,23,6,0
172.6418,0.09268397,0.05969898,-0.2301842,76.2631,22.224,260.5646,True,23,6,0
172.6448,0.09270041,0.05960642,-0.2301793,76.27335,22.2045,260.539,True,23,6,0
172.6484,0.09284511,0.05957142,-0.2302301,76.27883,22.2022,260.5671,True,23,6,0
172.6517,0.0928819,0.05949038,-0.2302333,76.28778,22.1851,260.5447,True,23,6,0
172.6551,0.09292497,0.05939555,-0.230237,76.29822,22.16505,260.5184,True,23,6,0
172.6598,0.09330929,0.05933297,-0.230266,76.3069,22.5172,260.7639,True,23,6,0
172.6632,0.09336565,0.05925544,-0.2302616,76.31602,22.51267,260.7504,True,23,6,0
172.6694,0.09351796,0.05913818,-0.2302226,76.33138,22.6233,260.7725,True,23,6,0
172.6734,0.09357429,0.05906047,-0.23021,76.3409,22.62244,260.7599,True,23,6,0
172.6767,0.09340835,0.0588751,-0.2305798,76.48907,22.62302,260.7079,True,23,6,0
172.6806,0.09346086,0.05877505,-0.2305763,76.50676,22.62196,260.6908,True,23,6,0
172.6844,0.0933602,0.0586583,-0.2306351,76.56362,22.68893,260.7471,True,23,6,0
172.6911,0.09337131,0.05854064,-0.2304923,76.55994,22.62598,260.6749,True,23,6,0
172.6946,0.09338839,0.05846834,-0.2304787,76.57317,22.62729,260.6654,True,23,6,0
172.6986,0.09360521,0.05842887,-0.2304014,76.50227,22.64944,260.7572,True,23,6,0
172.7023,0.09364562,0.05833785,-0.2304127,76.51541,22.65184,260.7493,True,23,6,0
172.7058,0.09367884,0.05826314,-0.230422,76.52612,22.65382,260.7428,True,23,6,0
172.711,0.09388354,0.0582549,-0.2303705,76.43234,22.61067,260.6725,True,23,6,0
172.7148,0.09392855,0.0581831,-0.2304072,76.4398,22.61104,260.6636,True,23,6,0
172.7184,0.09405403,0.05810378,-0.2306111,76.49608,22.77248,260.8469,True,23,6,0
172.7217,0.09410575,0.05803394,-0.2306515,76.50539,22.77872,260.8447,True,23,6,0
172.7264,0.09426016,0.05796154,-0.2306492,76.5004,23.03884,261.0215,True,23,6,0
172.7303,0.09430854,0.05788223,-0.2306825,76.51033,23.0566,261.0266,True,23,6,0
172.7344,0.09425867,0.05773509,-0.2308863,76.57802,23.15986,261.0899,True,23,6,0
172.7386,0.09429102,0.05765061,-0.2309229,76.59025,23.18123,261.0976,True,23,6,0
172.7448,0.09436451,0.05741468,-0.2312661,76.66978,23.51527,261.4434,True,23,6,0
172.7501,0.09454791,0.05732174,-0.23118,76.61485,23.78083,261.6742,True,23,6,0
172.754,0.09456027,0.05722581,-0.2312212,76.62577,23.82176,261.7024,True,23,6,0
172.7584,0.09473196,0.0571865,-0.2311397,76.58376,23.97183,261.802,True,23,6,0
172.7622,0.09475076,0.0571086,-0.2311714,76.59134,24.01226,261.8297,True,23,6,0
172.766,0.09489671,0.05704387,-0.2311573,76.56199,24.15298,261.9975,True,23,6,0
172.7699,0.09492096,0.05696338,-0.2311923,76.56851,24.19732,262.0302,True,23,6,0
172.7739,0.09506476,0.05687076,-0.2311558,76.52445,24.35443,262.2048,True,23,6,0
172.7794,0.09510499,0.05673009,-0.231217,76.53184,24.43246,262.2657,True,23,6,0
172.7828,0.09499964,0.05665115,-0.2312871,76.53993,24.30746,262.2017,True,23,6,0
172.7866,0.09502237,0.05655926,-0.2313382,76.54427,24.3536,262.2378,True,23,6,0
172.7895,0.09516521,0.05642143,-0.2316316,76.58131,24.68244,262.5854,True,23,6,0
172.7935,0.09518427,0.05633704,-0.2316911,76.58611,24.73175,262.627,True,23,6,0
172.7969,0.09520306,0.05625372,-0.2317498,76.59077,24.78042,262.668,True,23,6,0
172.7999,0.0951435,0.05612028,-0.2320267,76.65974,24.90428,262.8064,True,23,6,0
172.8045,0.0951577,0.05601323,-0.2321104,76.66827,24.96926,262.8626,True,23,6,0
172.8081,0.09501483,0.05588983,-0.2324034,76.7411,25.02298,262.9149,True,23,6,0
172.8114,0.09501319,0.05579986,-0.2324866,76.75072,25.07878,262.9635,True,23,6,0
172.8149,0.09536687,0.05565433,-0.2328312,76.77414,25.82867,263.6852,True,23,6,0
172.8183,0.09536445,0.05556503,-0.2329146,76.78303,25.90296,263.7522,True,23,6,0
172.8229,0.09536058,0.05542101,-0.233049,76.7974,26.02301,263.8606,True,23,6,0
172.8272,0.0954944,0.05532527,-0.2332076,76.78694,26.37954,264.224,True,23,6,0
172.8306,0.09548806,0.05522822,-0.2333031,76.7957,26.46955,264.3067,True,23,6,0
172.8341,0.09571622,0.05516525,-0.2332694,76.72916,26.87908,264.6808,True,23,6,0
172.8378,0.09570869,0.0550731,-0.2333527,76.73472,26.97494,264.7688,True,23,6,0
172.8418,0.09586838,0.05496565,-0.2335091,76.72649,27.45703,265.2903,True,23,6,0
172.8457,0.09585091,0.05484638,-0.233614,76.73267,27.59638,265.4217,True,23,6,0
172.8507,0.09601009,0.05477512,-0.2337688,76.70287,27.86819,265.7054,True,23,6,0
172.8561,0.0960031,0.05461729,-0.2339389,76.70921,28.06876,265.896,True,23,6,0
172.8603,0.09619722,0.05462691,-0.233908,76.63853,28.21929,266.0745,True,23,6,0
172.8635,0.09620565,0.05455114,-0.2340009,76.63945,28.32552,266.1764,True,23,6,0
172.8675,0.09655681,0.05439527,-0.2342865,76.60793,29.11859,266.9813,True,23,6,0
172.8733,0.09665415,0.05423567,-0.2344096,76.58699,29.5154,267.3473,True,23,6,0
172.877,0.09665367,0.05413425,-0.2345124,76.58534,29.66666,267.4934,True,23,6,0
172.8801,0.09665319,0.05403888,-0.234609,76.58374,29.80891,267.6309,True,23,6,0
172.8835,0.09675693,0.05397542,-0.2345399,76.51115,29.98875,267.8206,True,23,6,0
172.8871,0.09675412,0.05387029,-0.23464,76.50663,30.14132,267.9686,True,23,6,0
172.8909,0.09684831,0.05379526,-0.2346092,76.45679,30.24807,268.0919,True,23,6,0
172.8947,0.09685686,0.05369939,-0.2346986,76.45095,30.38726,268.2275,True,23,6,0
172.898,0.09686537,0.05360366,-0.2347879,76.44503,30.52621,268.3628,True,23,6,0
172.9033,0.09690621,0.0535302,-0.2347512,76.42035,30.55197,268.4182,True,23,6,0
172.9084,0.09693015,0.05338125,-0.2349782,76.4733,30.69208,268.5607,True,23,6,0
172.9119,0.0969732,0.05328476,-0.235066,76.46826,30.84138,268.7076,True,23,6,0
172.9171,0.09697188,0.05308883,-0.2353688,76.52058,30.91092,268.7536,True,23,6,0
172.9213,0.09703206,0.05297905,-0.2354797,76.51726,31.06381,268.9032,True,23,6,0
172.9258,0.09708332,0.05286238,-0.2356081,76.49772,30.98133,268.7835,True,23,6,0
172.9307,0.09716586,0.05274361,-0.2357499,76.49353,31.13386,268.9312,True,23,6,0
172.9348,0.09770731,0.05264932,-0.2356469,76.38689,31.72633,269.5355,True,23,6,0
172.9386,0.09779058,0.05254696,-0.2357367,76.37936,31.86531,269.6711,True,23,6,0
172.943,0.0980368,0.05248168,-0.2355631,76.34087,32.04034,269.8724,True,23,6,0
172.9476,0.09817278,0.05234928,-0.2356383,76.32877,32.22999,270.0589,True,23,6,0
172.9525,0.09837831,0.05232538,-0.2355144,76.32703,32.29363,270.0676,True,23,6,0
172.9556,0.09849463,0.05224627,-0.2355413,76.31884,32.42178,270.192,True,23,6,0
172.9594,0.09855535,0.05206867,-0.2357136,76.41983,32.49347,270.2303,True,23,6,0
172.9622,0.09866226,0.05200137,-0.2357265,76.41623,32.59377,270.3268,True,23,6,0
172.966,0.09869801,0.05186333,-0.2359374,76.51462,32.61253,270.3283,True,23,6,0
172.9692,0.09883849,0.05178635,-0.2359548,76.51393,32.72784,270.4388,True,23,6,0
172.9736,0.09887818,0.05169079,-0.2358501,76.51201,32.52819,270.2552,True,23,6,0
172.977,0.09902893,0.05161203,-0.2358668,76.51142,32.63515,270.3578,True,23,6,0
172.9804,0.0991946,0.05152555,-0.2358852,76.51076,32.75271,270.4704,True,23,6,0
172.9843,0.09914211,0.05148947,-0.2358551,76.51891,32.63435,270.3907,True,23,6,0
172.9876,0.09927867,0.05141892,-0.2358711,76.51833,32.7304,270.4828,True,23,6,0
172.9913,0.09943012,0.05140115,-0.2356303,76.43489,32.79953,270.5364,True,23,6,0
172.9951,0.09955662,0.05132897,-0.2356359,76.43154,32.89757,270.6299,True,23,6,0
172.9991,0.09962966,0.05124407,-0.2355436,76.38234,32.94844,270.6891,True,23,6,0
173.0036,0.09976681,0.05114621,-0.2355548,76.37616,33.06849,270.8041,True,23,6,0
173.007,0.09980781,0.05104983,-0.2355087,76.35818,33.08231,270.7848,True,23,6,0
173.0106,0.09992178,0.05095592,-0.2355182,76.35209,33.18524,270.8819,True,23,6,0
173.0144,0.1000201,0.05087498,-0.2355262,76.34678,33.27394,270.9656,True,23,6,0
173.0181,0.1000133,0.05082737,-0.2353409,76.30823,33.05742,270.7418,True,23,6,0
173.0208,0.1000882,0.05076735,-0.2353449,76.30357,33.11695,270.7975,True,23,6,0
173.0244,0.1001424,0.05066387,-0.2351938,76.27489,32.87419,270.4917,True,23,6,0
173.028,0.1002435,0.05058883,-0.2351986,76.26874,32.93432,270.5455,True,23,6,0
173.0309,0.1003351,0.05052081,-0.2352029,76.26308,32.98878,270.5941,True,23,6,0
173.0352,0.1006369,0.05039698,-0.2350305,76.23696,33.11444,270.6138,True,23,6,0
173.0382,0.1007365,0.0503298,-0.2350169,76.23114,33.16699,270.6582,True,23,6,0
173.0417,0.1010002,0.05027936,-0.2344798,76.12173,33.10548,270.5429,True,23,6,0
173.0474,0.1012417,0.0501207,-0.2343758,76.10232,33.21479,270.6311,True,23,6,0
173.0514,0.1015856,0.05010074,-0.2340684,76.10011,33.12577,270.5559,True,23,6,0
173.0543,0.1017398,0.05003278,-0.2339915,76.09152,33.1739,270.5948,True,23,6,0
173.0587,0.1019886,0.0499505,-0.2339322,76.15315,33.16162,270.5245,True,23,6,0
173.0635,0.1022474,0.0498635,-0.2338058,76.14389,33.22936,270.5765,True,23,6,0
173.0673,0.10223,0.04963513,-0.2341126,76.32603,33.23384,270.5969,True,23,6,0
173.0715,0.1024646,0.04955269,-0.234009,76.32544,33.29226,270.6426,True,23,6,0
173.0754,0.1021435,0.04939644,-0.233797,76.44165,32.56852,269.9127,True,23,6,0
173.0786,0.1023482,0.04932375,-0.2336917,76.44537,32.59187,269.9252,True,23,6,0
173.0818,0.1023068,0.04928945,-0.2332667,76.39732,32.33764,269.6368,True,23,6,0
173.0853,0.1024925,0.04921393,-0.2331348,76.39931,32.35158,269.6388,True,23,6,0
173.0905,0.1025194,0.04908989,-0.2327825,76.38324,32.20856,269.4639,True,23,6,0
173.0944,0.1026726,0.04901046,-0.2326402,76.38452,32.21626,269.4588,True,23,6,0
173.0973,0.1027952,0.04894693,-0.2325264,76.38551,32.22237,269.4547,True,23,6,0
173.1006,0.1030825,0.04878895,-0.2327465,76.43974,32.78349,270.0658,True,23,6,0
173.1098,0.1030681,0.04853643,-0.2325543,76.53442,32.52199,269.771,True,23,6,0
173.1142,0.1032368,0.04842554,-0.2323935,76.54258,32.5423,269.7771,True,23,6,0
173.1177,0.1030631,0.04831275,-0.2322195,76.56879,32.25091,269.4251,True,23,6,0
173.1209,0.1031686,0.04822944,-0.2321023,76.57529,32.25509,269.4175,True,23,6,0
173.125,0.1033061,0.04807314,-0.2319891,76.59547,32.29184,269.3714,True,23,6,0
173.1284,0.1034033,0.04799087,-0.2318818,76.60179,32.29662,269.3634,True,23,6,0
173.1311,0.1034841,0.04792249,-0.2317926,76.60697,32.30055,269.3567,True,23,6,0
173.1356,0.1038413,0.04774526,-0.2317694,76.63046,32.84943,269.9045,True,23,6,0
173.1387,0.1039245,0.04766606,-0.2316656,76.63646,32.86862,269.9127,True,23,6,0
173.1418,0.104068,0.04759501,-0.2315105,76.60786,32.95294,270.0059,True,23,6,0
173.1453,0.1041761,0.04748183,-0.2313659,76.61557,32.97754,270.0164,True,23,6,0
173.1505,0.10411,0.04742411,-0.2311182,76.65925,32.54214,269.6055,True,23,6,0
173.1597,0.1042764,0.04714686,-0.2308694,76.75331,32.42506,269.5135,True,23,6,0
173.163,0.1043707,0.0470773,-0.230763,76.76157,32.42647,269.5074,True,23,6,0
173.166,0.1042596,0.04701492,-0.23066,76.79932,32.2999,269.3838,True,23,6,0
173.169,0.1043541,0.04693915,-0.2305336,76.80934,32.29845,269.3741,True,23,6,0
173.1726,0.1044468,0.04686494,-0.2304098,76.81914,32.29701,269.3647,True,23,6,0
173.1758,0.1043713,0.04683197,-0.2300772,76.79742,32.10127,269.0819,True,23,6,0
173.18,0.1044764,0.04673439,-0.2298901,76.80936,32.0901,269.0561,True,23,6,0
173.184,0.1044381,0.04671729,-0.2296484,76.80141,31.90391,268.8901,True,23,6,0
173.1869,0.1045037,0.0466601,-0.2295275,76.80854,31.89712,268.8746,True,23,6,0
173.1909,0.1045032,0.04651998,-0.2298362,76.94346,32.01116,269.0127,True,23,6,0
173.1944,0.1045722,0.04646353,-0.2297371,76.95473,32.00803,269.0017,True,23,6,0
173.1973,0.1046369,0.04641072,-0.2296443,76.96519,32.00505,268.9913,True,23,6,0
173.2012,0.1045523,0.04626504,-0.2297148,77.0269,32.02809,269.0244,True,23,6,0
173.2042,0.1045983,0.04621007,-0.2296382,77.03804,32.02607,269.016,True,23,6,0
173.2075,0.1045888,0.04615018,-0.2295585,77.02194,32.1006,269.0919,True,23,6,0
173.2127,0.1046425,0.04603611,-0.2294144,77.04241,32.09691,269.0764,True,23,6,0
173.218,0.1050875,0.04592803,-0.2293396,76.97444,32.69719,269.6573,True,23,6,0
173.221,0.1051153,0.04586034,-0.2292694,76.98272,32.71407,269.6677,True,23,6,0
173.2248,0.1050328,0.04572332,-0.2294016,77.04367,32.82868,269.8342,True,23,6,0
173.2285,0.1050495,0.04564257,-0.2293359,77.05515,32.85192,269.8521,True,23,6,0
173.2316,0.1050644,0.0455709,-0.2292776,77.06531,32.87261,269.868,True,23,6,0
173.2346,0.1049525,0.04552828,-0.2292469,77.06366,32.69019,269.7181,True,23,6,0
173.2376,0.1049639,0.04546608,-0.2292081,77.07214,32.70734,269.7313,True,23,6,0
173.2417,0.1047468,0.04538031,-0.2292387,77.12589,32.50275,269.5159,True,23,6,0
173.2455,0.1047504,0.04529352,-0.2291951,77.14046,32.51769,269.5247,True,23,6,0
173.2495,0.1046068,0.04524019,-0.2289971,77.13543,32.21325,269.2258,True,23,6,0
173.2529,0.1046076,0.04517281,-0.2289586,77.1464,32.21467,269.2227,True,23,6,0
173.2562,0.1046086,0.04509094,-0.2289117,77.15969,32.21635,269.2189,True,23,6,0
173.2616,0.1046923,0.04507662,-0.2286964,77.13924,32.17125,269.21,True,23,6,0
173.2647,0.1047011,0.04502019,-0.2286515,77.14869,32.17239,269.2072,True,23,6,0
173.2682,0.1047952,0.04503214,-0.2282341,77.04183,32.09108,269.1299,True,23,6,0
173.2715,0.1047994,0.04498035,-0.2281802,77.04733,32.08971,269.1252,True,23,6,0
173.2826,0.1047944,0.04492475,-0.2277771,76.97311,31.82689,268.9423,True,23,6,0
173.2874,0.1047978,0.0448654,-0.2277124,76.97703,31.81544,268.9297,True,23,6,0
173.2912,0.1043633,0.04474601,-0.22809,77.17316,31.49464,268.7632,True,23,6,0
173.2949,0.104361,0.04470722,-0.2280586,77.18301,31.47448,268.7476,True,23,6,0
173.2979,0.1043588,0.04467183,-0.2280298,77.19194,31.45605,268.7333,True,23,6,0
173.3014,0.1040354,0.04457211,-0.2282467,77.30415,31.28903,268.6638,True,23,6,0
173.3047,0.1040176,0.04453705,-0.2282285,77.3161,31.26607,268.6477,True,23,6,0
173.3083,0.1042941,0.04445054,-0.2280608,77.21826,31.82464,269.1768,True,23,6,0
173.315,0.1041119,0.04438616,-0.227977,77.25425,31.57673,268.8791,True,23,6,0
173.3188,0.1040775,0.04433919,-0.2279468,77.2644,31.56351,268.8701,True,23,6,0
173.3233,0.1039629,0.04431006,-0.2276059,77.21172,31.24663,268.5327,True,23,6,0
173.3284,0.1039173,0.04425004,-0.227554,77.22152,31.21581,268.506,True,23,6,0
173.3311,0.1038894,0.04421335,-0.2275223,77.22754,31.19693,268.4897,True,23,6,0
173.334,0.1040789,0.04416753,-0.227096,77.07224,31.38323,268.6491,True,23,6,0
173.3377,0.1040307,0.04410715,-0.2270403,77.0741,31.36712,268.6352,True,23,6,0
173.3415,0.1040804,0.04410554,-0.2269555,77.02867,31.37756,268.6077,True,23,6,0
173.3445,0.1040364,0.04405144,-0.2269123,77.0292,31.3628,268.5939,True,23,6,0
173.3485,0.1037137,0.04407032,-0.227092,77.12576,31.00933,268.2693,True,23,6,0
173.3522,0.1036708,0.04403681,-0.2270674,77.12984,30.98081,268.2428,True,23,6,0
173.3567,0.1038961,0.04404773,-0.2268379,77.01726,31.43861,268.7491,True,23,6,0
173.3607,0.1038319,0.04401191,-0.2267975,77.01694,31.4289,268.7432,True,23,6,0
173.3636,0.1037818,0.04398397,-0.226766,77.01667,31.42134,268.7386,True,23,6,0
173.3677,0.1039023,0.04403439,-0.2265411,76.91957,31.61606,268.986,True,23,6,0
173.3722,0.1038207,0.04399918,-0.2264876,76.91515,31.61322,268.9896,True,23,6,0
173.3754,0.1038902,0.04406077,-0.2262679,76.82418,31.68223,269.0176,True,23,6,0
173.3781,0.1038247,0.04403925,-0.2262253,76.81808,31.68234,269.0211,True,23,6,0
173.3821,0.1038351,0.04409383,-0.2260876,76.76631,31.65188,268.9846,True,23,6,0
173.3857,0.1037732,0.04407997,-0.226046,76.75838,31.65093,268.9868,True,23,6,0
173.3888,0.1037078,0.04406534,-0.226002,76.74995,31.64995,268.9892,True,23,6,0
173.3928,0.1034966,0.04410796,-0.2262889,76.87158,31.41223,268.8255,True,23,6,0
173.3957,0.1034604,0.04411317,-0.2262689,76.86852,31.4043,268.8225,True,23,6,0
173.399,0.103397,0.04411031,-0.2261277,76.85103,31.53498,268.9963,True,23,6,0
173.4025,0.1033318,0.04411371,-0.2260796,76.84672,31.53022,268.999,True,23,6,0
173.4059,0.1032758,0.04411662,-0.2260382,76.84306,31.52614,269.0013,True,23,6,0
173.4089,0.103195,0.04415022,-0.225884,76.82154,31.43958,268.9662,True,23,6,0
173.412,0.1031309,0.04415661,-0.2258302,76.81692,31.43249,268.9676,True,23,6,0
173.4175,0.1030561,0.0441884,-0.2256927,76.81003,31.35712,268.9213,True,23,6,0
173.4206,0.1030089,0.04419664,-0.2256434,76.8065,31.35165,268.9224,True,23,6,0
173.4244,0.1029847,0.04419069,-0.2256465,76.81281,31.58958,269.2134,True,23,6,0
173.4278,0.1029264,0.04419757,-0.2255919,76.80951,31.59175,269.2238,True,23,6,0
173.4307,0.1028711,0.0442041,-0.2255401,76.8064,31.5938,269.2335,True,23,6,0
173.4337,0.1029602,0.04429209,-0.2253514,76.75307,31.71798,269.4103,True,23,6,0
173.4367,0.1029137,0.04430406,-0.2252976,76.74887,31.72306,269.4234,True,23,6,0
173.4397,0.1028599,0.04431789,-0.2252356,76.74409,31.72896,269.4387,True,23,6,0
173.4426,0.1030022,0.04445536,-0.2246912,76.59998,31.80918,269.49,True,23,6,0
173.4489,0.1029627,0.0445776,-0.224478,76.55505,31.84269,269.4858,True,23,6,0
173.453,0.1029023,0.04461205,-0.2243761,76.54321,31.85285,269.5035,True,23,6,0
173.4573,0.1028766,0.04466009,-0.2242929,76.54093,31.9235,269.5675,True,23,6,0
173.4615,0.1028187,0.04469688,-0.2241896,76.53001,31.93287,269.584,True,23,6,0
173.4683,0.1027138,0.04475145,-0.2240853,76.54193,31.95484,269.5768,True,23,6,0
173.4715,0.1026751,0.04477997,-0.2240089,76.53442,31.96127,269.5881,True,23,6,0
173.4749,0.1025538,0.04479085,-0.223918,76.54973,31.85682,269.4655,True,23,6,0
173.4781,0.1025109,0.04482439,-0.2238232,76.54135,31.86401,269.4781,True,23,6,0
173.4834,0.1025901,0.04483438,-0.2238112,76.55287,32.21635,269.8779,True,23,6,0
173.4866,0.1025511,0.04486135,-0.2237203,76.546,32.234,269.9018,True,23,6,0
173.4897,0.1025614,0.04487979,-0.2237576,76.57247,32.4397,270.1557,True,23,6,0
173.4932,0.102523,0.0449083,-0.2236673,76.56673,32.46348,270.1871,True,23,6,0
173.4963,0.1024872,0.04493487,-0.2235832,76.56134,32.48561,270.2164,True,23,6,0
173.4993,0.1025517,0.04498993,-0.2235082,76.56115,32.58736,270.4153,True,23,6,0
173.5022,0.1025245,0.04502222,-0.2234169,76.55569,32.6129,270.4511,True,23,6,0
173.5052,0.1024983,0.04505321,-0.2233292,76.55051,32.63738,270.4855,True,23,6,0
173.5089,0.102617,0.0450839,-0.2233097,76.55481,32.786,270.6608,True,23,6,0
173.5121,0.1026006,0.04512389,-0.2232006,76.54854,32.82134,270.7093,True,23,6,0
173.5155,0.1025882,0.04515386,-0.223119,76.54383,32.84775,270.7456,True,23,6,0
173.5184,0.1026426,0.04514915,-0.2229958,76.54333,32.80247,270.714,True,23,6,0
173.5211,0.1026426,0.0451735,-0.2229163,76.53929,32.82509,270.7451,True,23,6,0
173.5255,0.1026907,0.04521391,-0.2226131,76.53194,32.88029,270.7638,True,23,6,0
173.53,0.1026944,0.04525171,-0.2224546,76.52615,32.91266,270.8082,True,23,6,0
173.5333,0.1027793,0.04531482,-0.2221378,76.48877,32.88144,270.7596,True,23,6,0
173.5367,0.1027904,0.04534148,-0.2220201,76.484,32.90125,270.7866,True,23,6,0
173.5394,0.1028018,0.04536876,-0.2218998,76.47909,32.92145,270.8142,True,23,6,0
173.5437,0.1030275,0.04528843,-0.2219158,76.49551,33.34389,271.2431,True,23,6,0
173.5475,0.1030518,0.04530913,-0.2217444,76.48936,33.38916,271.2989,True,23,6,0
173.5511,0.1031659,0.04527946,-0.2218446,76.53638,33.68443,271.5957,True,23,6,0
173.554,0.1031873,0.04529184,-0.2217323,76.53362,33.72346,271.6418,True,23,6,0
173.5594,0.1032047,0.04522491,-0.2218354,76.61901,33.90992,271.777,True,23,6,0
173.563,0.1032345,0.04523343,-0.2217262,76.6188,33.95603,271.8288,True,23,6,0
173.5659,0.1031403,0.04517682,-0.2218443,76.70911,33.99973,271.8615,True,23,6,0
173.5739,0.1032467,0.04519053,-0.2213228,76.66176,33.97053,271.733,True,23,6,0
173.5773,0.1032832,0.04519215,-0.2211972,76.66261,34.01402,271.7781,True,23,6,0
173.5804,0.1033134,0.04519354,-0.2210934,76.66328,34.05008,271.8154,True,23,6,0
173.5838,0.1033577,0.04522774,-0.2208765,76.63531,34.07194,271.7448,True,23,6,0
173.5866,0.103386,0.04523116,-0.2207657,76.63519,34.10834,271.7799,True,23,6,0
173.5902,0.1033077,0.04522504,-0.2206585,76.65572,34.01598,271.7047,True,23,6,0
173.5968,0.1033657,0.04523379,-0.220438,76.65551,34.08564,271.7719,True,23,6,0
173.6003,0.1032968,0.04523242,-0.2203805,76.66836,34.02762,271.7163,True,23,6,0
173.6049,0.1033309,0.04523906,-0.2202434,76.66822,34.07144,271.7586,True,23,6,0
173.6088,0.1032404,0.04524934,-0.2201401,76.66586,33.94737,271.6486,True,23,6,0
173.6121,0.1032632,0.0452553,-0.2200398,76.66575,33.98042,271.6805,True,23,6,0
173.6168,0.1032627,0.04528354,-0.2199667,76.66618,34.04115,271.7595,True,23,6,0
173.6217,0.1032834,0.04529722,-0.2198293,76.66605,34.08482,271.8016,True,23,6,0
173.6255,0.1032992,0.04537287,-0.2196524,76.63742,34.0657,271.7584,True,23,6,0
173.6311,0.1033188,0.04540074,-0.2194988,76.63543,34.11079,271.8003,True,23,6,0
173.6347,0.1034518,0.04552692,-0.2192332,76.54428,34.10203,271.779,True,23,6,0
173.6381,0.1034639,0.04554883,-0.2191558,76.54057,34.12477,271.7997,True,23,6,0
173.6421,0.1034324,0.04557666,-0.219016,76.53026,34.02887,271.7137,True,23,6,0
173.6454,0.103449,0.04560284,-0.2189246,76.52612,34.05455,271.7371,True,23,6,0
173.6499,0.1033534,0.04562168,-0.2188168,76.52081,33.90878,271.5916,True,23,6,0
173.6551,0.103374,0.04565787,-0.2186975,76.51514,33.94384,271.6235,True,23,6,0
173.6598,0.1033386,0.04571933,-0.218499,76.47787,33.81175,271.5012,True,23,6,0
173.6647,0.1032536,0.04580085,-0.2180986,76.43407,33.61956,271.3225,True,23,6,0
173.6685,0.1032481,0.04577677,-0.2181779,76.43904,33.6074,271.3115,True,23,6,0
173.6719,0.103252,0.04579392,-0.2181212,76.43552,33.61606,271.3193,True,23,6,0
173.6751,0.1031914,0.04581025,-0.2180051,76.41651,33.50075,271.215,True,23,6,0
173.6785,0.1031931,0.04582907,-0.2179415,76.41245,33.51065,271.2239,True,23,6,0
173.6841,0.1031705,0.04586686,-0.2178232,76.40311,33.51293,271.2425,True,23,6,0
173.687,0.1031677,0.04588282,-0.2177709,76.40015,33.52008,271.2489,True,23,6,0
173.6912,0.1031265,0.04589267,-0.2177216,76.39957,33.53062,271.2906,True,23,6,0
173.6948,0.1031177,0.0459083,-0.2176674,76.39667,33.53771,271.297,True,23,6,0
173.698,0.103109,0.04592389,-0.2176134,76.39375,33.54482,271.3033,True,23,6,0
173.7013,0.103113,0.04592411,-0.2175701,76.39336,33.58786,271.3416,True,23,6,0
173.7043,0.1031044,0.04593524,-0.2175246,76.39114,33.59317,271.3463,True,23,6,0
173.7092,0.1031183,0.04593964,-0.2174804,76.38891,33.62107,271.3705,True,23,6,0
173.7138,0.1031062,0.04595605,-0.2174055,76.38532,33.62967,271.3782,True,23,6,0
173.7177,0.1034191,0.04589084,-0.2175526,76.38897,34.1735,271.9816,True,23,6,0
173.7213,0.1034204,0.04589139,-0.2174985,76.3865,34.20013,272.0099,True,23,6,0
173.7253,0.1032318,0.04595247,-0.2173471,76.39066,33.82192,271.6702,True,23,6,0
173.7289,0.1032363,0.04596235,-0.2173038,76.38877,33.83195,271.683,True,23,6,0
173.732,0.10352,0.04594611,-0.2173863,76.37351,34.15792,272.0275,True,23,6,0
173.7359,0.1035455,0.04595181,-0.21734,76.37041,34.18377,272.0575,True,23,6,0
173.7394,0.1035661,0.0459564,-0.2173027,76.36803,34.20456,272.0815,True,23,6,0
173.7435,0.1033322,0.04603997,-0.2170964,76.36073,33.67699,271.5616,True,23,6,0
173.7472,0.1033577,0.04605789,-0.2170576,76.35772,33.67945,271.5681,True,23,6,0
173.7512,0.1032044,0.04608177,-0.2169172,76.34985,33.37661,271.2693,True,23,6,0
173.7556,0.1032312,0.04610552,-0.2168703,76.34578,33.36611,271.2639,True,23,6,0
173.7603,0.1031778,0.04611471,-0.2167483,76.33376,33.25633,271.1371,True,23,6,0
173.7635,0.1031916,0.04612732,-0.2167171,76.33147,33.25037,271.134,True,23,6,0
173.7664,0.1030798,0.0461266,-0.2165675,76.3282,33.09083,270.9644,True,23,6,0
